patient_id,hour,heart_rate_bpm,respiratory_rate_bpm,spo2_percent,deterioration,case_type
1,1,80.9,15.7,96.9,0,stable
1,2,81.8,15.5,96.9,0,stable
1,3,83.2,15.1,96.8,0,stable
1,4,83.0,15.4,97.1,0,stable
1,5,82.8,15.0,97.2,0,stable
1,6,84.9,14.9,97.0,0,stable
1,7,85.5,14.9,97.0,0,stable
1,8,85.2,14.7,97.1,0,stable
1,9,85.8,14.7,96.7,0,stable
1,10,84.3,14.9,97.0,0,stable
1,11,85.0,15.2,97.0,0,stable
1,12,83.9,15.4,97.0,0,stable
1,13,84.9,15.0,97.0,0,stable
1,14,85.4,14.9,96.9,0,stable
1,15,85.5,14.7,97.0,0,stable
1,16,85.6,15.2,96.9,0,stable
1,17,85.7,15.1,97.0,0,stable
1,18,86.2,15.1,97.2,0,stable
1,19,85.9,14.9,97.0,0,stable
1,20,86.5,15.0,96.9,0,stable
1,21,86.5,15.3,96.8,0,stable
1,22,86.7,15.6,96.8,0,stable
1,23,85.4,15.6,96.7,0,stable
1,24,84.9,15.7,96.7,0,stable
2,1,72.2,15.0,97.5,0,stable
2,2,71.2,14.9,97.5,0,stable
2,3,71.1,14.8,97.6,0,stable
2,4,70.5,15.0,97.5,0,stable
2,5,71.2,15.5,97.6,0,stable
2,6,71.9,15.8,97.5,0,stable
2,7,71.8,15.8,97.3,0,stable
2,8,70.2,15.6,97.4,0,stable
2,9,69.1,15.5,97.6,0,stable
2,10,70.1,15.0,97.5,0,stable
2,11,69.2,14.6,97.5,0,stable
2,12,68.8,14.5,97.3,0,stable
2,13,71.2,14.7,97.3,0,stable
2,14,71.2,14.3,97.1,0,stable
2,15,69.1,14.2,97.5,0,stable
2,16,69.4,14.8,97.4,0,stable
2,17,67.9,14.8,97.6,0,stable
2,18,69.0,14.8,97.4,0,stable
2,19,69.7,15.0,97.4,0,stable
2,20,69.7,15.4,97.4,0,stable
2,21,69.4,15.6,97.2,0,stable
2,22,69.8,15.3,97.1,0,stable
2,23,68.9,15.4,97.2,0,stable
2,24,67.5,15.5,97.2,0,stable
3,1,81.4,14.3,98.9,0,stable
3,2,81.4,14.8,98.9,0,stable
3,3,80.7,14.9,98.7,0,stable
3,4,81.6,15.0,98.7,0,stable
3,5,80.4,15.1,98.6,0,stable
3,6,82.9,15.2,98.5,0,stable
3,7,82.8,15.5,98.4,0,stable
3,8,81.0,15.6,98.5,0,stable
3,9,80.7,15.0,98.6,0,stable
3,10,78.8,15.0,98.6,0,stable
3,11,79.4,15.4,98.2,0,stable
3,12,80.8,15.5,98.3,0,stable
3,13,81.4,15.5,98.4,0,stable
3,14,81.1,15.0,98.4,0,stable
3,15,81.3,14.9,98.6,0,stable
3,16,79.8,15.1,98.5,0,stable
3,17,79.2,15.2,98.5,0,stable
3,18,79.0,15.3,98.5,0,stable
3,19,81.0,15.6,98.4,0,stable
3,20,81.1,15.6,98.3,0,stable
3,21,81.9,14.9,98.2,0,stable
3,22,81.3,14.8,98.3,0,stable
3,23,81.6,14.6,98.5,0,stable
3,24,80.6,14.7,98.4,0,stable
4,1,75.5,15.2,97.0,0,stable
4,2,74.8,14.9,97.1,0,stable
4,3,74.7,14.8,97.1,0,stable
4,4,75.6,14.9,96.9,0,stable
4,5,74.6,14.7,97.1,0,stable
4,6,74.8,14.5,97.0,0,stable
4,7,74.2,14.6,97.1,0,stable
4,8,74.9,14.5,97.0,0,stable
4,9,76.1,14.5,96.8,0,stable
4,10,74.6,14.5,97.1,0,stable
4,11,75.0,14.9,97.0,0,stable
4,12,74.7,15.2,96.9,0,stable
4,13,74.5,15.4,96.8,0,stable
4,14,75.4,15.1,96.6,0,stable
4,15,74.7,15.3,96.7,0,stable
4,16,74.0,15.2,96.8,0,stable
4,17,74.6,15.3,96.9,0,stable
4,18,74.2,15.3,96.9,0,stable
4,19,73.1,14.6,96.9,0,stable
4,20,73.2,14.2,96.8,0,stable
4,21,74.8,14.4,96.8,0,stable
4,22,74.4,14.5,97.0,0,stable
4,23,73.6,14.3,97.0,0,stable
4,24,74.8,14.6,97.1,0,stable
5,1,70.2,15.8,98.5,0,stable
5,2,71.6,15.7,98.5,0,stable
5,3,71.5,15.3,98.5,0,stable
5,4,71.4,15.3,98.4,0,stable
5,5,72.9,15.1,98.1,0,stable
5,6,71.8,14.8,97.9,0,stable
5,7,71.7,14.7,98.2,0,stable
5,8,70.7,15.0,98.1,0,stable
5,9,72.0,15.1,98.1,0,stable
5,10,73.1,14.8,98.2,0,stable
5,11,72.5,14.8,98.0,0,stable
5,12,72.4,14.8,98.1,0,stable
5,13,72.0,15.2,98.3,0,stable
5,14,72.2,15.1,98.2,0,stable
5,15,71.6,15.3,98.2,0,stable
5,16,71.7,14.9,98.0,0,stable
5,17,72.3,15.0,98.0,0,stable
5,18,72.2,15.1,97.8,0,stable
5,19,72.8,15.3,97.7,0,stable
5,20,73.2,15.3,97.7,0,stable
5,21,71.6,15.1,97.6,0,stable
5,22,73.6,15.1,97.8,0,stable
5,23,73.8,14.7,97.8,0,stable
5,24,70.7,14.7,97.9,0,stable
6,1,75.5,16.8,96.9,0,stable
6,2,75.4,17.3,96.9,0,stable
6,3,76.8,17.6,96.9,0,stable
6,4,77.1,17.1,97.0,0,stable
6,5,77.1,17.4,96.8,0,stable
6,6,76.6,17.5,96.7,0,stable
6,7,76.9,17.6,96.9,0,stable
6,8,75.9,17.5,97.0,0,stable
6,9,76.0,17.8,96.9,0,stable
6,10,76.7,17.6,96.8,0,stable
6,11,75.9,17.1,96.7,0,stable
6,12,77.8,17.1,96.8,0,stable
6,13,77.2,17.4,96.7,0,stable
6,14,76.4,17.3,96.7,0,stable
6,15,76.1,17.2,96.8,0,stable
6,16,75.8,17.4,96.9,0,stable
6,17,76.5,17.5,96.9,0,stable
6,18,76.9,17.6,96.8,0,stable
6,19,76.8,17.2,96.9,0,stable
6,20,76.9,17.5,97.0,0,stable
6,21,75.7,17.6,97.0,0,stable
6,22,76.5,17.5,96.9,0,stable
6,23,76.1,17.4,96.9,0,stable
6,24,75.9,17.7,96.9,0,stable
7,1,81.8,16.8,96.1,0,stable
7,2,81.6,16.1,96.2,0,stable
7,3,81.5,15.7,96.2,0,stable
7,4,82.7,15.5,96.3,0,stable
7,5,82.1,15.5,96.1,0,stable
7,6,81.7,15.5,95.9,0,stable
7,7,81.1,15.3,96.1,0,stable
7,8,80.0,15.5,96.2,0,stable
7,9,81.2,15.2,96.1,0,stable
7,10,80.9,15.2,96.2,0,stable
7,11,81.2,15.5,96.1,0,stable
7,12,83.0,15.8,96.4,0,stable
7,13,82.8,15.6,96.5,0,stable
7,14,81.2,15.6,96.2,0,stable
7,15,81.4,15.4,95.9,0,stable
7,16,81.6,15.6,96.1,0,stable
7,17,82.3,15.7,96.2,0,stable
7,18,80.6,15.8,96.3,0,stable
7,19,80.6,15.9,96.2,0,stable
7,20,81.8,15.8,96.3,0,stable
7,21,81.7,15.6,96.3,0,stable
7,22,82.4,15.5,96.3,0,stable
7,23,82.2,15.6,96.2,0,stable
7,24,82.4,15.5,96.2,0,stable
8,1,76.4,15.7,97.5,0,stable
8,2,76.4,15.8,97.8,0,stable
8,3,75.4,15.9,97.8,0,stable
8,4,75.9,16.0,97.4,0,stable
8,5,76.1,16.0,97.4,0,stable
8,6,76.4,16.3,97.5,0,stable
8,7,75.5,16.3,97.4,0,stable
8,8,75.2,16.4,97.3,0,stable
8,9,76.6,16.3,97.4,0,stable
8,10,76.4,16.1,97.3,0,stable
8,11,75.9,16.3,97.5,0,stable
8,12,75.1,16.1,97.4,0,stable
8,13,74.7,16.2,97.3,0,stable
8,14,74.7,16.1,97.4,0,stable
8,15,75.4,16.1,97.4,0,stable
8,16,76.3,15.8,97.6,0,stable
8,17,77.1,15.9,97.3,0,stable
8,18,77.6,15.9,97.4,0,stable
8,19,76.6,15.9,97.4,0,stable
8,20,76.2,15.6,97.1,0,stable
8,21,77.2,15.6,97.1,0,stable
8,22,77.8,15.6,97.2,0,stable
8,23,77.7,16.1,97.4,0,stable
8,24,77.3,16.5,97.4,0,stable
9,1,72.3,16.0,98.3,0,stable
9,2,73.9,15.8,98.3,0,stable
9,3,76.2,15.7,98.5,0,stable
9,4,75.9,16.4,98.5,0,stable
9,5,78.0,15.9,98.5,0,stable
9,6,76.8,15.7,98.4,0,stable
9,7,77.1,15.5,98.6,0,stable
9,8,76.4,15.5,98.8,0,stable
9,9,74.6,15.6,98.6,0,stable
9,10,75.4,15.5,98.6,0,stable
9,11,75.9,15.5,98.4,0,stable
9,12,76.8,16.3,98.4,0,stable
9,13,76.3,15.9,98.6,0,stable
9,14,76.2,15.8,98.7,0,stable
9,15,76.4,15.8,98.7,0,stable
9,16,76.7,15.7,98.8,0,stable
9,17,77.6,16.1,98.4,0,stable
9,18,77.6,16.3,98.5,0,stable
9,19,77.4,16.5,98.7,0,stable
9,20,76.9,16.0,98.6,0,stable
9,21,78.5,16.3,98.7,0,stable
9,22,78.9,16.6,98.4,0,stable
9,23,78.6,16.3,98.5,0,stable
9,24,77.0,16.2,98.5,0,stable
10,1,78.4,17.9,96.6,0,stable
10,2,78.1,17.6,96.7,0,stable
10,3,80.0,17.3,96.7,0,stable
10,4,78.6,17.5,96.5,0,stable
10,5,78.9,17.7,96.4,0,stable
10,6,79.2,17.6,96.5,0,stable
10,7,78.4,17.6,96.2,0,stable
10,8,79.1,17.3,96.2,0,stable
10,9,79.1,17.5,96.3,0,stable
10,10,80.0,17.4,96.1,0,stable
10,11,79.6,17.5,96.5,0,stable
10,12,79.3,17.4,96.5,0,stable
10,13,79.7,17.6,96.5,0,stable
10,14,79.4,17.5,96.2,0,stable
10,15,79.3,18.0,96.1,0,stable
10,16,80.5,18.0,96.1,0,stable
10,17,80.1,18.2,96.2,0,stable
10,18,78.0,18.3,96.2,0,stable
10,19,78.5,17.9,96.5,0,stable
10,20,79.4,18.0,96.5,0,stable
10,21,80.0,17.8,96.6,0,stable
10,22,79.5,17.7,96.4,0,stable
10,23,78.9,17.9,96.3,0,stable
10,24,79.7,17.9,96.4,0,stable
11,1,80.2,16.9,96.6,0,stable
11,2,78.9,16.5,96.5,0,stable
11,3,78.7,16.4,96.3,0,stable
11,4,79.0,16.3,96.6,0,stable
11,5,78.0,16.4,96.5,0,stable
11,6,78.3,15.8,96.4,0,stable
11,7,79.3,15.9,96.3,0,stable
11,8,77.5,16.2,96.4,0,stable
11,9,78.4,16.3,96.3,0,stable
11,10,79.7,16.3,96.2,0,stable
11,11,80.3,16.6,96.5,0,stable
11,12,79.8,16.7,96.4,0,stable
11,13,79.8,16.8,96.4,0,stable
11,14,80.1,17.1,96.4,0,stable
11,15,78.7,16.7,96.3,0,stable
11,16,79.2,16.7,96.4,0,stable
11,17,79.2,16.3,96.4,0,stable
11,18,78.6,16.1,96.5,0,stable
11,19,80.1,16.6,96.5,0,stable
11,20,79.2,16.4,96.4,0,stable
11,21,79.4,16.3,96.3,0,stable
11,22,78.9,16.3,96.7,0,stable
11,23,80.3,16.4,96.6,0,stable
11,24,80.3,16.1,96.5,0,stable
12,1,79.2,15.4,96.9,0,stable
12,2,80.7,15.1,97.0,0,stable
12,3,79.5,15.5,96.9,0,stable
12,4,77.6,14.9,97.1,0,stable
12,5,78.0,14.6,97.0,0,stable
12,6,77.9,14.7,97.0,0,stable
12,7,79.8,14.6,97.2,0,stable
12,8,78.8,14.5,97.0,0,stable
12,9,78.6,14.7,97.0,0,stable
12,10,78.0,14.4,97.2,0,stable
12,11,76.5,14.6,97.1,0,stable
12,12,76.9,15.1,97.1,0,stable
12,13,78.3,14.9,97.1,0,stable
12,14,78.7,14.9,97.4,0,stable
12,15,78.5,14.8,97.3,0,stable
12,16,79.3,14.7,97.2,0,stable
12,17,79.0,15.3,97.3,0,stable
12,18,80.8,15.4,97.2,0,stable
12,19,80.9,15.2,97.1,0,stable
12,20,81.4,14.9,96.9,0,stable
12,21,78.9,15.1,96.8,0,stable
12,22,78.4,15.6,96.9,0,stable
12,23,80.4,15.1,96.8,0,stable
12,24,79.7,15.2,96.9,0,stable
13,1,77.8,16.0,97.6,0,stable
13,2,76.6,15.9,97.7,0,stable
13,3,75.0,16.0,97.4,0,stable
13,4,74.1,15.9,97.5,0,stable
13,5,72.1,16.1,97.3,0,stable
13,6,71.4,15.9,97.5,0,stable
13,7,70.1,16.0,97.5,0,stable
13,8,71.2,15.9,97.5,0,stable
13,9,71.0,15.4,97.5,0,stable
13,10,70.2,15.8,97.6,0,stable
13,11,71.7,15.9,97.7,0,stable
13,12,72.7,15.3,97.8,0,stable
13,13,72.1,15.5,97.6,0,stable
13,14,72.1,15.9,97.5,0,stable
13,15,71.8,16.0,97.3,0,stable
13,16,72.9,16.0,97.3,0,stable
13,17,71.7,16.1,97.3,0,stable
13,18,69.7,16.2,97.3,0,stable
13,19,69.6,16.4,97.5,0,stable
13,20,71.1,16.2,97.5,0,stable
13,21,70.5,16.0,97.5,0,stable
13,22,71.1,16.0,97.4,0,stable
13,23,70.2,15.9,97.2,0,stable
13,24,70.1,15.9,97.3,0,stable
14,1,77.4,15.5,97.9,0,stable
14,2,76.7,15.5,97.8,0,stable
14,3,77.8,15.8,97.8,0,stable
14,4,76.7,16.2,98.0,0,stable
14,5,76.8,16.4,97.9,0,stable
14,6,76.0,16.6,97.9,0,stable
14,7,76.0,16.8,97.7,0,stable
14,8,75.6,16.6,97.7,0,stable
14,9,76.3,16.6,98.0,0,stable
14,10,75.9,16.6,97.9,0,stable
14,11,75.3,16.5,98.1,0,stable
14,12,75.3,16.3,98.0,0,stable
14,13,75.3,15.8,97.9,0,stable
14,14,75.5,15.5,98.0,0,stable
14,15,75.8,15.6,97.8,0,stable
14,16,76.7,15.7,98.1,0,stable
14,17,76.5,16.0,98.0,0,stable
14,18,75.6,16.1,97.9,0,stable
14,19,76.4,16.1,97.7,0,stable
14,20,76.7,16.2,97.9,0,stable
14,21,77.1,16.4,98.0,0,stable
14,22,76.9,16.1,98.1,0,stable
14,23,76.8,16.3,98.0,0,stable
14,24,77.2,16.7,98.2,0,stable
15,1,74.1,16.5,96.0,0,stable
15,2,73.3,16.2,96.3,0,stable
15,3,74.4,16.0,96.4,0,stable
15,4,74.3,15.8,96.6,0,stable
15,5,74.0,15.7,96.8,0,stable
15,6,73.5,15.8,96.5,0,stable
15,7,72.6,15.9,96.6,0,stable
15,8,72.8,16.1,96.5,0,stable
15,9,73.8,15.7,96.4,0,stable
15,10,73.0,15.8,96.4,0,stable
15,11,73.9,16.0,96.2,0,stable
15,12,73.5,16.2,96.4,0,stable
15,13,73.9,16.5,96.5,0,stable
15,14,74.0,16.5,96.4,0,stable
15,15,73.6,16.4,96.4,0,stable
15,16,74.6,16.3,96.1,0,stable
15,17,73.9,16.3,96.2,0,stable
15,18,74.3,16.2,96.1,0,stable
15,19,75.1,16.4,96.2,0,stable
15,20,74.9,15.7,96.3,0,stable
15,21,75.6,16.3,96.3,0,stable
15,22,76.7,16.4,96.2,0,stable
15,23,74.7,16.0,96.3,0,stable
15,24,73.0,16.1,96.3,0,stable
16,1,76.7,15.9,97.4,0,stable
16,2,76.8,15.7,97.3,0,stable
16,3,75.7,15.5,97.0,0,stable
16,4,75.4,15.5,97.2,0,stable
16,5,74.6,15.0,97.0,0,stable
16,6,72.8,15.2,96.8,0,stable
16,7,72.7,15.2,96.9,0,stable
16,8,74.6,15.0,96.7,0,stable
16,9,74.9,15.0,96.8,0,stable
16,10,74.8,14.9,96.9,0,stable
16,11,75.7,15.3,96.9,0,stable
16,12,76.0,15.6,96.8,0,stable
16,13,75.4,15.2,96.8,0,stable
16,14,76.3,14.8,96.8,0,stable
16,15,75.5,14.7,96.8,0,stable
16,16,75.4,14.8,97.1,0,stable
16,17,76.0,14.8,97.0,0,stable
16,18,77.1,14.6,97.1,0,stable
16,19,76.8,14.6,97.2,0,stable
16,20,76.0,14.8,96.9,0,stable
16,21,75.5,14.4,96.9,0,stable
16,22,74.5,14.8,96.9,0,stable
16,23,75.0,15.5,96.9,0,stable
16,24,74.9,15.1,96.8,0,stable
17,1,60.7,15.8,97.8,0,stable
17,2,62.3,15.8,97.8,0,stable
17,3,65.0,15.9,97.9,0,stable
17,4,66.1,15.7,98.1,0,stable
17,5,66.2,16.2,97.9,0,stable
17,6,66.1,16.2,97.9,0,stable
17,7,65.5,16.1,97.8,0,stable
17,8,65.9,15.9,97.9,0,stable
17,9,65.9,16.2,97.8,0,stable
17,10,66.3,16.0,97.6,0,stable
17,11,66.5,16.1,97.7,0,stable
17,12,66.6,16.2,97.9,0,stable
17,13,66.6,16.1,97.7,0,stable
17,14,65.7,15.6,97.6,0,stable
17,15,66.4,16.2,97.7,0,stable
17,16,66.7,16.3,97.8,0,stable
17,17,66.1,16.6,97.9,0,stable
17,18,65.9,16.4,97.9,0,stable
17,19,65.5,16.0,98.0,0,stable
17,20,66.1,16.1,98.1,0,stable
17,21,66.3,15.6,98.0,0,stable
17,22,65.9,16.1,98.0,0,stable
17,23,66.6,15.9,98.0,0,stable
17,24,66.3,15.7,98.1,0,stable
18,1,85.4,14.2,97.5,0,stable
18,2,85.6,14.6,97.3,0,stable
18,3,84.4,14.9,97.2,0,stable
18,4,85.1,15.0,97.2,0,stable
18,5,84.6,14.8,97.3,0,stable
18,6,84.7,14.7,97.4,0,stable
18,7,84.1,14.7,97.3,0,stable
18,8,83.3,14.5,97.4,0,stable
18,9,83.3,14.3,97.3,0,stable
18,10,84.3,14.3,97.4,0,stable
18,11,84.3,14.0,97.3,0,stable
18,12,84.4,14.4,97.3,0,stable
18,13,83.8,14.4,97.5,0,stable
18,14,84.7,14.4,97.4,0,stable
18,15,84.2,14.4,97.3,0,stable
18,16,84.1,14.3,97.1,0,stable
18,17,84.0,14.6,97.2,0,stable
18,18,84.1,14.7,97.4,0,stable
18,19,83.8,14.6,97.4,0,stable
18,20,84.3,14.5,97.5,0,stable
18,21,83.1,14.6,97.3,0,stable
18,22,84.3,14.6,97.5,0,stable
18,23,84.7,14.3,97.4,0,stable
18,24,83.5,14.5,97.5,0,stable
19,1,85.7,15.4,96.2,0,stable
19,2,85.0,15.2,96.5,0,stable
19,3,84.6,15.6,96.5,0,stable
19,4,85.3,15.9,96.7,0,stable
19,5,83.7,15.8,96.8,0,stable
19,6,84.7,16.0,96.9,0,stable
19,7,83.5,15.9,97.1,0,stable
19,8,83.5,15.5,97.0,0,stable
19,9,84.4,15.4,97.1,0,stable
19,10,84.4,15.2,96.9,0,stable
19,11,84.0,15.3,97.0,0,stable
19,12,83.7,15.1,96.9,0,stable
19,13,84.4,15.5,96.8,0,stable
19,14,84.8,15.2,96.9,0,stable
19,15,83.6,15.6,96.8,0,stable
19,16,83.5,15.5,97.1,0,stable
19,17,83.6,15.4,97.1,0,stable
19,18,83.1,15.8,97.0,0,stable
19,19,83.4,16.0,97.0,0,stable
19,20,83.6,15.5,96.9,0,stable
19,21,84.4,15.5,96.6,0,stable
19,22,83.1,15.5,96.5,0,stable
19,23,82.9,15.9,96.5,0,stable
19,24,82.0,15.6,96.7,0,stable
20,1,79.3,13.5,97.3,0,stable
20,2,77.2,14.3,97.2,0,stable
20,3,76.0,14.3,97.3,0,stable
20,4,75.2,14.9,97.2,0,stable
20,5,75.6,15.2,97.4,0,stable
20,6,74.8,15.1,97.3,0,stable
20,7,75.3,15.0,97.5,0,stable
20,8,75.2,15.3,97.4,0,stable
20,9,76.4,15.5,97.5,0,stable
20,10,76.6,15.6,97.5,0,stable
20,11,75.8,15.5,97.7,0,stable
20,12,75.3,15.8,97.6,0,stable
20,13,75.4,15.8,97.5,0,stable
20,14,73.8,15.6,97.6,0,stable
20,15,73.1,15.6,97.7,0,stable
20,16,74.6,15.9,97.5,0,stable
20,17,74.4,15.8,97.6,0,stable
20,18,75.2,15.2,97.5,0,stable
20,19,75.5,15.4,97.6,0,stable
20,20,75.2,15.7,97.5,0,stable
20,21,75.1,15.4,97.5,0,stable
20,22,74.9,15.7,97.4,0,stable
20,23,74.4,16.1,97.2,0,stable
20,24,74.8,15.8,97.5,0,stable
21,1,80.9,17.0,96.6,0,stable
21,2,81.5,16.2,96.7,0,stable
21,3,81.8,16.5,97.1,0,stable
21,4,81.8,16.3,97.1,0,stable
21,5,81.2,16.4,96.7,0,stable
21,6,81.0,16.2,96.9,0,stable
21,7,81.2,16.5,96.9,0,stable
21,8,82.3,17.0,96.9,0,stable
21,9,81.3,16.7,96.8,0,stable
21,10,82.6,16.4,97.0,0,stable
21,11,83.5,16.1,97.2,0,stable
21,12,84.1,16.0,97.2,0,stable
21,13,84.0,16.3,97.2,0,stable
21,14,83.1,16.2,96.9,0,stable
21,15,83.4,16.2,97.3,0,stable
21,16,82.8,16.3,97.0,0,stable
21,17,84.4,15.8,97.0,0,stable
21,18,84.8,15.8,97.2,0,stable
21,19,83.9,16.3,97.2,0,stable
21,20,84.0,16.6,97.1,0,stable
21,21,83.0,16.5,97.1,0,stable
21,22,82.7,16.2,97.2,0,stable
21,23,81.9,16.5,97.3,0,stable
21,24,81.6,16.4,97.1,0,stable
22,1,79.0,11.9,96.9,0,stable
22,2,78.7,12.2,96.9,0,stable
22,3,78.0,12.0,96.6,0,stable
22,4,79.3,12.3,96.4,0,stable
22,5,78.9,12.4,96.5,0,stable
22,6,78.4,12.2,96.3,0,stable
22,7,77.7,12.2,96.3,0,stable
22,8,79.2,12.4,96.2,0,stable
22,9,78.0,12.4,96.2,0,stable
22,10,78.4,12.5,96.3,0,stable
22,11,77.5,12.4,96.3,0,stable
22,12,78.5,12.0,96.2,0,stable
22,13,78.2,12.3,96.2,0,stable
22,14,78.4,11.8,96.3,0,stable
22,15,77.5,11.9,96.4,0,stable
22,16,77.4,11.6,96.5,0,stable
22,17,76.6,11.7,96.2,0,stable
22,18,76.2,11.6,96.2,0,stable
22,19,77.8,11.9,96.1,0,stable
22,20,77.1,12.1,96.4,0,stable
22,21,77.7,12.0,96.5,0,stable
22,22,78.9,11.9,96.6,0,stable
22,23,78.0,12.0,96.5,0,stable
22,24,78.3,11.9,96.5,0,stable
23,1,75.4,16.0,98.1,0,stable
23,2,75.3,16.3,98.2,0,stable
23,3,75.2,16.2,98.1,0,stable
23,4,74.5,15.9,98.0,0,stable
23,5,73.6,15.9,97.8,0,stable
23,6,74.0,15.9,97.8,0,stable
23,7,74.0,15.8,98.0,0,stable
23,8,73.6,15.9,98.0,0,stable
23,9,74.6,16.2,97.9,0,stable
23,10,74.7,16.2,98.1,0,stable
23,11,74.6,15.9,98.1,0,stable
23,12,74.6,15.6,98.0,0,stable
23,13,74.0,15.9,97.8,0,stable
23,14,75.1,16.1,98.0,0,stable
23,15,73.2,15.1,97.9,0,stable
23,16,74.8,15.4,97.9,0,stable
23,17,74.9,15.2,98.0,0,stable
23,18,74.1,15.7,98.0,0,stable
23,19,75.1,15.5,97.8,0,stable
23,20,75.3,15.7,98.0,0,stable
23,21,74.9,16.0,97.8,0,stable
23,22,74.4,16.0,97.9,0,stable
23,23,73.6,15.6,97.8,0,stable
23,24,74.9,15.1,97.9,0,stable
24,1,79.0,16.0,98.4,0,stable
24,2,79.7,16.0,98.4,0,stable
24,3,79.6,16.1,98.1,0,stable
24,4,79.4,16.0,98.1,0,stable
24,5,78.5,16.5,98.1,0,stable
24,6,78.6,16.8,98.0,0,stable
24,7,78.8,16.9,98.0,0,stable
24,8,77.6,16.5,98.1,0,stable
24,9,77.6,16.6,98.0,0,stable
24,10,79.4,17.1,98.2,0,stable
24,11,80.3,17.3,98.0,0,stable
24,12,79.5,17.1,98.0,0,stable
24,13,80.4,16.6,98.2,0,stable
24,14,79.2,16.3,98.3,0,stable
24,15,79.4,16.6,98.4,0,stable
24,16,81.1,16.7,98.3,0,stable
24,17,79.4,16.6,98.3,0,stable
24,18,79.0,16.8,98.1,0,stable
24,19,79.6,17.0,98.0,0,stable
24,20,78.1,16.7,97.8,0,stable
24,21,77.1,16.2,97.8,0,stable
24,22,78.0,16.4,97.8,0,stable
24,23,77.4,16.2,98.0,0,stable
24,24,78.8,16.5,97.9,0,stable
25,1,85.3,13.7,96.9,0,stable
25,2,85.9,13.8,96.7,0,stable
25,3,86.0,13.6,96.9,0,stable
25,4,86.0,13.4,96.8,0,stable
25,5,86.2,13.7,96.7,0,stable
25,6,83.8,13.5,96.9,0,stable
25,7,84.3,13.8,97.0,0,stable
25,8,84.2,13.6,96.9,0,stable
25,9,84.4,13.6,96.9,0,stable
25,10,83.2,13.9,96.8,0,stable
25,11,83.5,13.1,96.8,0,stable
25,12,83.0,13.8,96.9,0,stable
25,13,85.0,13.7,97.0,0,stable
25,14,84.5,13.2,97.1,0,stable
25,15,83.0,13.7,97.0,0,stable
25,16,82.7,13.8,97.0,0,stable
25,17,83.2,13.3,97.0,0,stable
25,18,84.4,13.2,97.0,0,stable
25,19,84.7,13.2,96.8,0,stable
25,20,84.3,13.1,96.8,0,stable
25,21,83.6,13.5,96.8,0,stable
25,22,85.5,13.7,96.8,0,stable
25,23,84.8,13.7,97.0,0,stable
25,24,86.1,13.2,97.0,0,stable
26,1,70.1,13.1,98.4,0,stable
26,2,70.9,14.4,98.5,0,stable
26,3,70.7,14.6,98.4,0,stable
26,4,71.7,14.1,98.4,0,stable
26,5,70.5,14.2,98.4,0,stable
26,6,71.7,14.2,98.2,0,stable
26,7,71.7,14.2,98.1,0,stable
26,8,72.5,14.0,98.0,0,stable
26,9,72.1,14.3,97.9,0,stable
26,10,72.2,14.2,97.9,0,stable
26,11,72.4,14.5,97.9,0,stable
26,12,72.0,14.1,97.8,0,stable
26,13,72.2,13.8,97.8,0,stable
26,14,73.1,14.0,97.8,0,stable
26,15,73.5,14.2,97.8,0,stable
26,16,71.7,14.0,97.9,0,stable
26,17,71.7,14.1,98.0,0,stable
26,18,73.2,14.0,98.0,0,stable
26,19,73.8,13.9,98.1,0,stable
26,20,72.8,13.9,98.1,0,stable
26,21,73.2,13.8,98.0,0,stable
26,22,72.6,14.0,97.9,0,stable
26,23,71.7,14.0,98.1,0,stable
26,24,70.9,14.1,98.3,0,stable
27,1,81.4,17.0,97.1,0,stable
27,2,79.6,17.2,96.8,0,stable
27,3,80.6,17.1,96.5,0,stable
27,4,81.6,17.0,96.5,0,stable
27,5,80.4,16.8,96.5,0,stable
27,6,81.4,17.2,96.4,0,stable
27,7,80.4,17.4,96.5,0,stable
27,8,82.0,17.4,96.2,0,stable
27,9,82.1,17.2,96.6,0,stable
27,10,82.4,17.1,96.6,0,stable
27,11,81.2,16.9,96.3,0,stable
27,12,82.2,16.7,96.6,0,stable
27,13,81.5,17.0,96.7,0,stable
27,14,82.8,17.2,96.5,0,stable
27,15,83.9,16.9,96.6,0,stable
27,16,84.4,16.9,96.7,0,stable
27,17,84.4,16.9,96.6,0,stable
27,18,83.8,16.9,96.6,0,stable
27,19,83.1,17.4,96.8,0,stable
27,20,82.8,17.4,96.7,0,stable
27,21,84.0,17.2,96.9,0,stable
27,22,83.2,16.8,96.7,0,stable
27,23,82.8,16.5,96.6,0,stable
27,24,83.9,17.0,96.6,0,stable
28,1,78.9,15.3,96.3,0,stable
28,2,78.2,14.6,96.5,0,stable
28,3,80.3,14.4,96.5,0,stable
28,4,79.4,14.7,96.8,0,stable
28,5,78.7,14.8,96.8,0,stable
28,6,80.3,15.1,96.6,0,stable
28,7,79.3,14.9,96.6,0,stable
28,8,78.5,14.6,96.8,0,stable
28,9,80.0,14.3,96.9,0,stable
28,10,80.2,14.7,96.8,0,stable
28,11,79.4,14.5,96.9,0,stable
28,12,81.4,14.4,97.1,0,stable
28,13,81.7,14.2,96.8,0,stable
28,14,81.0,14.3,97.0,0,stable
28,15,79.6,14.1,96.8,0,stable
28,16,78.6,14.3,96.8,0,stable
28,17,79.1,14.6,96.9,0,stable
28,18,79.1,15.0,97.0,0,stable
28,19,79.7,14.8,97.1,0,stable
28,20,78.5,14.8,96.9,0,stable
28,21,79.3,14.8,96.9,0,stable
28,22,78.7,15.0,96.9,0,stable
28,23,78.9,14.8,96.8,0,stable
28,24,80.1,15.1,96.8,0,stable
29,1,77.9,17.6,97.6,0,stable
29,2,77.0,17.5,97.5,0,stable
29,3,78.0,17.3,97.6,0,stable
29,4,79.2,17.4,97.6,0,stable
29,5,78.4,17.9,97.8,0,stable
29,6,78.2,18.0,97.6,0,stable
29,7,78.6,17.7,97.7,0,stable
29,8,79.6,18.3,97.7,0,stable
29,9,78.6,18.1,97.8,0,stable
29,10,79.8,18.6,97.6,0,stable
29,11,79.5,18.6,97.5,0,stable
29,12,79.0,18.6,97.5,0,stable
29,13,80.0,18.4,97.4,0,stable
29,14,80.4,18.5,97.5,0,stable
29,15,81.1,18.2,97.7,0,stable
29,16,81.2,18.7,97.4,0,stable
29,17,82.8,18.4,97.3,0,stable
29,18,82.4,18.1,97.5,0,stable
29,19,81.6,18.3,97.5,0,stable
29,20,80.3,18.1,97.6,0,stable
29,21,80.5,18.4,97.7,0,stable
29,22,79.4,18.2,97.8,0,stable
29,23,79.4,18.1,97.7,0,stable
29,24,78.4,18.1,97.9,0,stable
30,1,79.0,14.3,96.7,0,stable
30,2,78.8,14.6,96.5,0,stable
30,3,79.9,14.7,96.5,0,stable
30,4,78.5,15.1,96.5,0,stable
30,5,79.5,14.9,96.4,0,stable
30,6,79.8,14.4,96.0,0,stable
30,7,79.2,14.4,96.1,0,stable
30,8,80.4,14.3,96.0,0,stable
30,9,80.0,14.2,96.1,0,stable
30,10,79.2,14.0,96.4,0,stable
30,11,79.8,14.6,96.5,0,stable
30,12,79.1,14.5,96.3,0,stable
30,13,79.1,14.8,96.5,0,stable
30,14,77.6,14.8,96.4,0,stable
30,15,78.0,14.9,96.4,0,stable
30,16,76.8,15.0,96.1,0,stable
30,17,77.0,14.7,96.2,0,stable
30,18,78.5,14.8,96.3,0,stable
30,19,77.8,14.4,96.3,0,stable
30,20,78.8,14.6,96.2,0,stable
30,21,80.5,15.2,96.1,0,stable
30,22,80.3,14.9,96.3,0,stable
30,23,79.9,14.9,96.3,0,stable
30,24,79.4,14.9,96.1,0,stable
31,1,77.1,17.8,97.4,0,stable
31,2,79.1,18.1,97.4,0,stable
31,3,79.9,18.3,97.3,0,stable
31,4,78.0,18.3,97.2,0,stable
31,5,79.6,18.1,97.4,0,stable
31,6,80.6,18.1,97.4,0,stable
31,7,80.6,18.4,97.2,0,stable
31,8,79.4,18.7,97.2,0,stable
31,9,78.7,18.0,97.2,0,stable
31,10,79.8,18.1,97.2,0,stable
31,11,80.0,18.2,97.1,0,stable
31,12,80.9,17.6,97.0,0,stable
31,13,79.9,17.4,97.1,0,stable
31,14,79.5,17.6,97.3,0,stable
31,15,79.5,17.7,97.2,0,stable
31,16,78.5,17.8,97.4,0,stable
31,17,78.3,17.5,97.2,0,stable
31,18,78.3,17.6,97.2,0,stable
31,19,78.3,17.8,97.3,0,stable
31,20,78.6,17.4,97.2,0,stable
31,21,78.9,17.6,97.3,0,stable
31,22,79.8,17.5,97.3,0,stable
31,23,80.1,17.2,97.3,0,stable
31,24,80.8,17.7,97.1,0,stable
32,1,71.1,16.7,98.0,0,stable
32,2,71.8,17.0,98.1,0,stable
32,3,73.6,17.1,98.3,0,stable
32,4,72.6,17.0,98.4,0,stable
32,5,74.6,16.7,98.5,0,stable
32,6,73.8,16.7,98.6,0,stable
32,7,73.5,17.0,98.6,0,stable
32,8,74.6,17.5,98.7,0,stable
32,9,74.0,17.6,98.6,0,stable
32,10,75.2,17.3,98.5,0,stable
32,11,75.6,17.1,98.3,0,stable
32,12,74.5,16.8,98.5,0,stable
32,13,76.4,16.5,98.2,0,stable
32,14,75.9,16.6,98.2,0,stable
32,15,75.8,16.7,98.2,0,stable
32,16,75.4,16.6,97.9,0,stable
32,17,75.7,16.7,98.3,0,stable
32,18,75.5,16.9,98.5,0,stable
32,19,75.7,17.0,98.4,0,stable
32,20,75.8,17.1,98.4,0,stable
32,21,76.3,17.0,98.5,0,stable
32,22,74.8,16.8,98.5,0,stable
32,23,73.9,16.6,98.6,0,stable
32,24,74.8,16.7,98.6,0,stable
33,1,81.3,18.1,97.0,0,stable
33,2,82.9,18.2,96.9,0,stable
33,3,82.4,18.5,96.6,0,stable
33,4,81.4,18.2,96.7,0,stable
33,5,81.5,18.2,96.6,0,stable
33,6,81.6,18.3,96.5,0,stable
33,7,81.3,18.0,96.6,0,stable
33,8,82.3,18.6,96.8,0,stable
33,9,82.1,18.5,96.8,0,stable
33,10,80.2,19.1,96.9,0,stable
33,11,80.4,18.9,96.8,0,stable
33,12,80.7,18.7,96.8,0,stable
33,13,81.0,19.0,96.7,0,stable
33,14,81.9,18.7,96.8,0,stable
33,15,82.0,18.4,96.7,0,stable
33,16,81.2,18.1,96.8,0,stable
33,17,82.0,18.4,96.8,0,stable
33,18,81.7,18.2,96.7,0,stable
33,19,81.2,18.4,96.7,0,stable
33,20,82.2,18.4,96.7,0,stable
33,21,81.6,17.6,96.6,0,stable
33,22,82.5,17.5,96.7,0,stable
33,23,82.8,18.2,96.8,0,stable
33,24,83.5,17.8,96.6,0,stable
34,1,78.3,17.7,97.1,0,stable
34,2,78.2,17.7,97.1,0,stable
34,3,77.8,17.2,97.1,0,stable
34,4,77.5,17.0,97.2,0,stable
34,5,77.0,16.8,97.0,0,stable
34,6,76.2,17.0,97.0,0,stable
34,7,77.3,16.8,96.8,0,stable
34,8,78.0,16.7,96.9,0,stable
34,9,77.2,16.7,97.0,0,stable
34,10,77.0,16.2,96.9,0,stable
34,11,78.1,16.2,97.1,0,stable
34,12,77.8,15.8,97.2,0,stable
34,13,77.8,15.7,96.9,0,stable
34,14,77.5,15.9,97.1,0,stable
34,15,77.4,16.0,97.2,0,stable
34,16,77.3,16.4,97.2,0,stable
34,17,78.2,16.8,97.3,0,stable
34,18,78.7,16.6,97.3,0,stable
34,19,78.1,16.3,97.2,0,stable
34,20,76.9,16.1,97.2,0,stable
34,21,77.6,16.2,97.2,0,stable
34,22,78.7,16.4,97.1,0,stable
34,23,79.8,16.7,97.1,0,stable
34,24,77.9,16.9,97.0,0,stable
35,1,72.9,15.9,96.3,0,stable
35,2,73.8,16.3,96.2,0,stable
35,3,73.4,16.3,96.5,0,stable
35,4,72.8,16.4,96.5,0,stable
35,5,72.5,17.2,96.3,0,stable
35,6,73.3,17.1,96.5,0,stable
35,7,74.1,17.1,96.5,0,stable
35,8,74.6,16.9,96.7,0,stable
35,9,73.2,17.0,96.9,0,stable
35,10,73.8,17.1,97.0,0,stable
35,11,74.6,17.3,97.0,0,stable
35,12,74.0,17.0,97.0,0,stable
35,13,75.1,17.0,96.9,0,stable
35,14,75.0,17.3,96.9,0,stable
35,15,75.2,16.9,96.8,0,stable
35,16,74.5,16.8,96.6,0,stable
35,17,73.1,16.9,96.8,0,stable
35,18,71.8,17.1,96.8,0,stable
35,19,72.0,17.3,96.9,0,stable
35,20,72.3,17.0,96.9,0,stable
35,21,72.4,16.9,96.6,0,stable
35,22,72.9,17.2,96.6,0,stable
35,23,72.3,16.9,96.9,0,stable
35,24,74.0,17.0,96.9,0,stable
36,1,77.5,18.0,97.4,0,stable
36,2,77.8,17.6,97.5,0,stable
36,3,78.7,17.9,97.6,0,stable
36,4,78.2,17.7,97.6,0,stable
36,5,77.5,17.7,97.3,0,stable
36,6,77.0,18.0,97.4,0,stable
36,7,78.1,18.0,97.3,0,stable
36,8,77.8,18.0,97.4,0,stable
36,9,77.8,17.9,97.5,0,stable
36,10,79.3,17.7,97.7,0,stable
36,11,78.9,18.0,97.7,0,stable
36,12,78.2,17.7,97.4,0,stable
36,13,77.5,17.6,97.4,0,stable
36,14,77.6,17.7,97.6,0,stable
36,15,78.4,17.6,97.7,0,stable
36,16,79.1,17.6,97.6,0,stable
36,17,79.8,17.8,97.7,0,stable
36,18,78.8,17.8,97.5,0,stable
36,19,80.1,17.9,97.6,0,stable
36,20,79.0,18.1,97.4,0,stable
36,21,78.9,18.1,97.4,0,stable
36,22,78.6,18.0,97.5,0,stable
36,23,79.3,17.6,97.6,0,stable
36,24,78.8,17.8,97.6,0,stable
37,1,81.2,14.5,98.2,0,stable
37,2,80.7,14.6,98.2,0,stable
37,3,81.1,14.4,98.2,0,stable
37,4,81.8,15.0,98.1,0,stable
37,5,83.0,15.1,98.2,0,stable
37,6,84.1,15.4,98.3,0,stable
37,7,85.5,15.2,98.2,0,stable
37,8,85.1,15.0,98.2,0,stable
37,9,83.9,14.9,98.6,0,stable
37,10,83.6,15.0,98.4,0,stable
37,11,84.7,14.8,98.4,0,stable
37,12,83.7,14.8,98.5,0,stable
37,13,84.8,15.2,98.3,0,stable
37,14,84.5,15.5,98.3,0,stable
37,15,85.1,14.9,98.5,0,stable
37,16,84.7,15.0,98.1,0,stable
37,17,85.7,15.0,98.0,0,stable
37,18,85.1,15.1,97.9,0,stable
37,19,85.6,15.1,98.1,0,stable
37,20,85.8,15.4,98.3,0,stable
37,21,84.4,15.6,98.5,0,stable
37,22,84.9,15.1,98.5,0,stable
37,23,84.7,14.9,98.3,0,stable
37,24,84.1,15.1,98.3,0,stable
38,1,87.5,15.4,99.2,0,stable
38,2,88.1,15.0,98.8,0,stable
38,3,87.0,15.0,98.7,0,stable
38,4,87.8,15.2,98.8,0,stable
38,5,87.5,15.4,98.7,0,stable
38,6,87.8,15.2,98.5,0,stable
38,7,87.5,15.1,98.5,0,stable
38,8,86.9,15.3,98.3,0,stable
38,9,87.1,15.0,98.6,0,stable
38,10,88.7,14.8,98.4,0,stable
38,11,88.4,15.0,98.4,0,stable
38,12,88.9,15.0,98.4,0,stable
38,13,87.2,15.3,98.4,0,stable
38,14,87.2,15.2,98.4,0,stable
38,15,88.1,14.8,98.3,0,stable
38,16,87.5,15.0,98.4,0,stable
38,17,86.8,14.8,98.4,0,stable
38,18,87.1,14.7,98.6,0,stable
38,19,87.4,15.1,98.5,0,stable
38,20,87.0,15.2,98.5,0,stable
38,21,86.9,15.3,98.5,0,stable
38,22,86.0,15.2,98.6,0,stable
38,23,86.3,15.1,98.5,0,stable
38,24,88.2,15.0,98.7,0,stable
39,1,81.2,18.5,97.6,0,stable
39,2,81.9,18.7,97.4,0,stable
39,3,81.3,18.5,97.4,0,stable
39,4,80.4,18.8,97.4,0,stable
39,5,79.4,18.8,97.4,0,stable
39,6,79.0,18.5,97.3,0,stable
39,7,80.3,18.5,97.2,0,stable
39,8,79.4,18.3,97.1,0,stable
39,9,78.3,18.5,97.1,0,stable
39,10,79.2,18.8,97.2,0,stable
39,11,78.8,18.3,97.4,0,stable
39,12,79.1,17.9,97.3,0,stable
39,13,80.5,18.0,97.3,0,stable
39,14,81.1,18.2,97.3,0,stable
39,15,81.0,17.9,97.2,0,stable
39,16,80.6,18.3,97.3,0,stable
39,17,80.5,17.8,97.3,0,stable
39,18,79.6,18.2,97.0,0,stable
39,19,79.0,18.8,96.8,0,stable
39,20,79.2,18.6,96.7,0,stable
39,21,78.8,18.6,96.7,0,stable
39,22,78.7,18.9,96.7,0,stable
39,23,79.5,18.1,96.9,0,stable
39,24,80.2,18.1,97.0,0,stable
40,1,91.3,15.8,97.7,0,stable
40,2,88.9,15.7,97.6,0,stable
40,3,86.4,15.9,97.7,0,stable
40,4,85.8,16.0,97.7,0,stable
40,5,83.6,15.4,97.5,0,stable
40,6,83.1,15.7,97.5,0,stable
40,7,82.5,16.0,97.5,0,stable
40,8,82.9,15.8,97.4,0,stable
40,9,83.0,15.8,97.5,0,stable
40,10,83.9,15.7,97.7,0,stable
40,11,83.8,15.9,97.8,0,stable
40,12,83.7,15.4,97.9,0,stable
40,13,82.8,15.6,97.9,0,stable
40,14,83.6,15.5,97.7,0,stable
40,15,83.4,15.3,97.7,0,stable
40,16,84.0,15.4,97.5,0,stable
40,17,82.8,15.8,97.6,0,stable
40,18,83.0,15.7,97.8,0,stable
40,19,84.4,15.9,97.6,0,stable
40,20,83.6,16.0,97.4,0,stable
40,21,82.1,16.1,97.5,0,stable
40,22,82.3,15.9,97.7,0,stable
40,23,82.0,16.2,97.8,0,stable
40,24,83.1,15.8,97.6,0,stable
41,1,72.9,16.4,98.7,0,stable
41,2,73.4,16.4,98.7,0,stable
41,3,74.1,16.1,98.7,0,stable
41,4,74.1,15.8,98.5,0,stable
41,5,74.2,15.6,98.5,0,stable
41,6,73.9,15.6,98.3,0,stable
41,7,73.6,15.3,98.2,0,stable
41,8,73.8,15.5,98.3,0,stable
41,9,72.8,15.5,98.4,0,stable
41,10,72.9,15.0,98.2,0,stable
41,11,74.1,14.8,98.4,0,stable
41,12,71.5,15.0,98.3,0,stable
41,13,73.0,15.5,98.3,0,stable
41,14,74.5,15.6,98.2,0,stable
41,15,73.4,15.8,98.2,0,stable
41,16,73.1,15.6,98.2,0,stable
41,17,72.8,15.6,98.1,0,stable
41,18,73.2,15.7,98.1,0,stable
41,19,71.9,15.8,98.2,0,stable
41,20,71.7,15.8,98.1,0,stable
41,21,71.3,15.4,97.8,0,stable
41,22,72.7,15.2,97.8,0,stable
41,23,72.5,15.1,98.2,0,stable
41,24,73.3,15.5,98.0,0,stable
42,1,72.7,16.0,96.3,0,stable
42,2,73.2,15.7,96.1,0,stable
42,3,73.0,16.2,96.1,0,stable
42,4,73.7,16.4,96.1,0,stable
42,5,71.7,17.1,96.2,0,stable
42,6,72.9,16.8,96.2,0,stable
42,7,71.4,16.4,96.3,0,stable
42,8,70.6,16.4,96.1,0,stable
42,9,71.3,16.5,95.9,0,stable
42,10,72.1,16.3,96.0,0,stable
42,11,72.2,16.4,96.0,0,stable
42,12,72.9,16.1,96.0,0,stable
42,13,73.1,16.2,96.0,0,stable
42,14,73.0,16.4,96.1,0,stable
42,15,71.6,16.4,96.4,0,stable
42,16,71.9,16.5,96.3,0,stable
42,17,70.7,16.5,96.3,0,stable
42,18,70.7,16.1,96.1,0,stable
42,19,71.4,15.9,96.0,0,stable
42,20,70.6,15.9,96.0,0,stable
42,21,71.1,15.9,96.0,0,stable
42,22,70.5,15.7,95.9,0,stable
42,23,69.6,16.2,96.0,0,stable
42,24,71.0,16.2,96.0,0,stable
43,1,83.8,13.2,98.4,0,stable
43,2,84.2,13.2,98.1,0,stable
43,3,82.0,13.1,98.1,0,stable
43,4,80.6,13.0,98.1,0,stable
43,5,80.1,13.0,98.0,0,stable
43,6,79.5,13.6,98.0,0,stable
43,7,79.7,13.4,98.2,0,stable
43,8,79.3,13.6,98.1,0,stable
43,9,78.5,13.4,98.0,0,stable
43,10,78.8,13.3,97.9,0,stable
43,11,79.5,13.2,97.9,0,stable
43,12,78.5,13.4,98.1,0,stable
43,13,77.2,13.3,98.1,0,stable
43,14,78.7,13.2,98.3,0,stable
43,15,79.9,13.4,98.3,0,stable
43,16,79.9,12.8,98.3,0,stable
43,17,79.7,13.0,98.3,0,stable
43,18,79.3,12.9,98.4,0,stable
43,19,79.9,13.2,98.1,0,stable
43,20,81.0,13.4,98.3,0,stable
43,21,81.9,12.8,98.3,0,stable
43,22,81.3,13.4,98.1,0,stable
43,23,79.6,13.6,98.1,0,stable
43,24,79.0,13.2,97.9,0,stable
44,1,72.3,14.8,98.2,0,stable
44,2,72.0,14.6,97.9,0,stable
44,3,70.7,14.6,97.8,0,stable
44,4,69.8,14.7,97.6,0,stable
44,5,69.2,14.4,97.5,0,stable
44,6,69.7,14.6,97.5,0,stable
44,7,67.8,15.0,97.3,0,stable
44,8,68.4,15.0,97.2,0,stable
44,9,68.5,14.5,97.3,0,stable
44,10,68.9,14.4,97.2,0,stable
44,11,68.5,15.0,97.2,0,stable
44,12,68.7,14.6,97.4,0,stable
44,13,68.9,14.7,97.4,0,stable
44,14,69.3,14.5,97.3,0,stable
44,15,69.1,14.9,97.4,0,stable
44,16,67.3,14.9,97.4,0,stable
44,17,67.7,14.3,97.5,0,stable
44,18,68.8,14.5,97.3,0,stable
44,19,68.9,14.5,97.3,0,stable
44,20,67.4,14.3,97.2,0,stable
44,21,66.6,14.6,97.3,0,stable
44,22,67.5,14.6,97.3,0,stable
44,23,68.6,14.6,97.4,0,stable
44,24,68.5,15.1,97.3,0,stable
45,1,75.7,15.6,97.3,0,stable
45,2,74.0,15.6,97.5,0,stable
45,3,72.9,15.2,97.6,0,stable
45,4,72.4,15.4,97.7,0,stable
45,5,70.8,16.2,97.6,0,stable
45,6,69.5,16.2,97.8,0,stable
45,7,69.4,15.6,97.7,0,stable
45,8,71.9,15.7,97.7,0,stable
45,9,71.6,15.4,98.0,0,stable
45,10,72.2,15.3,97.8,0,stable
45,11,73.0,15.2,97.8,0,stable
45,12,73.1,15.6,97.9,0,stable
45,13,71.4,15.8,97.9,0,stable
45,14,73.8,15.5,98.0,0,stable
45,15,73.4,15.4,97.9,0,stable
45,16,73.4,15.5,97.7,0,stable
45,17,72.5,15.3,97.8,0,stable
45,18,71.3,14.9,97.8,0,stable
45,19,72.0,14.9,97.8,0,stable
45,20,72.6,15.0,97.6,0,stable
45,21,71.6,15.5,97.7,0,stable
45,22,71.5,15.4,97.7,0,stable
45,23,72.0,15.0,97.8,0,stable
45,24,72.3,15.4,98.0,0,stable
46,1,76.0,15.0,96.2,0,stable
46,2,76.2,15.1,96.6,0,stable
46,3,77.7,15.5,96.6,0,stable
46,4,77.0,15.5,96.7,0,stable
46,5,76.3,16.0,96.7,0,stable
46,6,75.8,15.8,96.8,0,stable
46,7,76.1,15.4,96.8,0,stable
46,8,77.3,15.8,97.0,0,stable
46,9,78.9,15.5,96.9,0,stable
46,10,78.8,15.3,97.1,0,stable
46,11,78.2,15.6,96.9,0,stable
46,12,78.5,15.4,96.9,0,stable
46,13,78.2,15.5,96.9,0,stable
46,14,78.5,15.5,96.8,0,stable
46,15,78.6,15.8,96.9,0,stable
46,16,78.1,15.9,96.8,0,stable
46,17,77.7,15.7,96.8,0,stable
46,18,78.8,15.7,96.6,0,stable
46,19,78.6,15.6,96.6,0,stable
46,20,78.7,16.0,96.7,0,stable
46,21,80.8,15.9,96.7,0,stable
46,22,80.3,15.6,96.9,0,stable
46,23,79.3,15.3,97.0,0,stable
46,24,78.6,15.6,96.8,0,stable
47,1,81.5,14.2,97.4,0,stable
47,2,81.9,14.0,97.2,0,stable
47,3,81.6,13.9,97.5,0,stable
47,4,79.9,14.3,97.4,0,stable
47,5,80.3,14.2,97.3,0,stable
47,6,81.2,14.1,97.3,0,stable
47,7,80.7,13.8,97.3,0,stable
47,8,81.0,13.9,97.6,0,stable
47,9,81.5,13.8,97.7,0,stable
47,10,81.7,14.0,97.6,0,stable
47,11,81.3,14.0,97.6,0,stable
47,12,80.8,14.2,97.7,0,stable
47,13,82.3,14.2,97.7,0,stable
47,14,82.2,14.0,97.7,0,stable
47,15,81.4,14.2,97.7,0,stable
47,16,81.2,14.0,97.7,0,stable
47,17,81.9,13.8,97.6,0,stable
47,18,83.0,13.6,97.6,0,stable
47,19,81.9,13.8,97.6,0,stable
47,20,83.4,13.7,97.5,0,stable
47,21,84.3,13.4,97.2,0,stable
47,22,83.3,13.8,97.4,0,stable
47,23,81.1,13.8,97.5,0,stable
47,24,82.0,13.9,97.5,0,stable
48,1,85.2,12.5,97.3,0,stable
48,2,82.8,12.8,97.2,0,stable
48,3,81.8,12.0,97.4,0,stable
48,4,81.0,12.4,97.6,0,stable
48,5,81.4,11.9,97.4,0,stable
48,6,81.2,11.8,97.3,0,stable
48,7,80.0,11.7,97.4,0,stable
48,8,79.6,12.0,97.4,0,stable
48,9,79.3,12.1,97.5,0,stable
48,10,79.5,12.1,97.4,0,stable
48,11,78.3,12.0,97.5,0,stable
48,12,77.7,12.0,97.4,0,stable
48,13,78.3,11.8,97.5,0,stable
48,14,79.1,12.1,97.6,0,stable
48,15,79.3,12.1,97.7,0,stable
48,16,80.3,12.3,97.6,0,stable
48,17,80.2,12.1,97.5,0,stable
48,18,79.4,12.1,97.4,0,stable
48,19,79.9,11.8,97.2,0,stable
48,20,80.6,11.7,97.4,0,stable
48,21,79.5,11.6,97.3,0,stable
48,22,80.1,11.7,97.5,0,stable
48,23,80.8,11.7,97.2,0,stable
48,24,80.3,12.0,97.1,0,stable
49,1,77.4,17.3,98.0,0,stable
49,2,78.0,17.1,98.2,0,stable
49,3,78.0,17.6,98.2,0,stable
49,4,79.3,17.5,98.2,0,stable
49,5,77.9,17.0,98.3,0,stable
49,6,79.2,16.9,98.0,0,stable
49,7,80.0,17.5,98.2,0,stable
49,8,79.8,18.0,98.4,0,stable
49,9,80.3,18.0,98.2,0,stable
49,10,82.0,17.7,98.2,0,stable
49,11,82.5,17.1,98.0,0,stable
49,12,80.9,17.5,98.1,0,stable
49,13,81.2,17.3,98.1,0,stable
49,14,79.8,17.4,98.0,0,stable
49,15,80.5,17.7,98.1,0,stable
49,16,80.9,17.3,98.2,0,stable
49,17,80.6,17.7,98.1,0,stable
49,18,81.0,17.4,98.2,0,stable
49,19,80.2,17.5,98.1,0,stable
49,20,80.3,17.6,98.2,0,stable
49,21,80.4,17.8,98.2,0,stable
49,22,81.4,18.3,98.2,0,stable
49,23,82.0,17.9,98.3,0,stable
49,24,82.5,17.8,98.4,0,stable
50,1,78.6,12.6,97.4,0,stable
50,2,79.8,12.2,97.0,0,stable
50,3,80.6,12.2,97.0,0,stable
50,4,78.9,12.4,97.0,0,stable
50,5,77.2,12.6,97.0,0,stable
50,6,78.0,12.5,96.8,0,stable
50,7,78.2,12.7,96.7,0,stable
50,8,77.1,12.3,96.7,0,stable
50,9,77.0,12.4,96.7,0,stable
50,10,76.6,12.3,96.7,0,stable
50,11,76.2,12.4,96.8,0,stable
50,12,75.6,12.3,97.0,0,stable
50,13,73.4,12.3,96.9,0,stable
50,14,75.9,12.4,96.9,0,stable
50,15,76.6,12.8,96.9,0,stable
50,16,76.8,12.8,96.8,0,stable
50,17,77.8,13.0,96.7,0,stable
50,18,78.2,12.6,96.9,0,stable
50,19,80.3,12.6,96.9,0,stable
50,20,79.8,12.5,96.9,0,stable
50,21,79.0,12.4,96.8,0,stable
50,22,78.8,12.4,96.8,0,stable
50,23,78.2,12.5,96.6,0,stable
50,24,78.3,12.3,96.7,0,stable
51,1,77.9,14.9,97.1,0,stable
51,2,77.0,15.4,97.2,0,stable
51,3,77.0,15.5,96.9,0,stable
51,4,75.4,15.8,97.0,0,stable
51,5,76.1,16.3,97.1,0,stable
51,6,75.3,16.0,97.0,0,stable
51,7,76.7,16.2,97.0,0,stable
51,8,77.5,16.5,97.0,0,stable
51,9,75.9,16.3,96.8,0,stable
51,10,76.4,16.6,96.7,0,stable
51,11,75.3,16.5,96.6,0,stable
51,12,75.6,16.4,96.4,0,stable
51,13,75.3,16.3,96.5,0,stable
51,14,74.5,16.6,96.4,0,stable
51,15,73.5,16.4,96.5,0,stable
51,16,75.4,16.4,96.6,0,stable
51,17,75.7,16.3,96.5,0,stable
51,18,74.8,16.0,96.6,0,stable
51,19,74.9,16.2,96.7,0,stable
51,20,75.7,16.4,96.5,0,stable
51,21,76.2,16.2,96.8,0,stable
51,22,75.9,16.2,96.9,0,stable
51,23,75.5,15.9,96.8,0,stable
51,24,75.3,16.2,96.8,0,stable
52,1,76.6,19.3,99.1,0,stable
52,2,76.8,18.8,99.0,0,stable
52,3,77.6,18.2,98.9,0,stable
52,4,77.1,18.3,98.5,0,stable
52,5,78.6,18.0,98.5,0,stable
52,6,78.1,18.6,98.4,0,stable
52,7,79.4,18.0,98.5,0,stable
52,8,79.7,18.5,98.5,0,stable
52,9,79.2,18.8,98.4,0,stable
52,10,79.9,18.3,98.4,0,stable
52,11,79.8,18.0,98.6,0,stable
52,12,79.3,17.9,98.6,0,stable
52,13,78.8,17.8,98.4,0,stable
52,14,78.8,18.2,98.4,0,stable
52,15,78.5,18.4,98.4,0,stable
52,16,78.7,18.3,98.4,0,stable
52,17,79.1,18.3,98.6,0,stable
52,18,78.0,18.5,98.6,0,stable
52,19,77.8,18.2,98.5,0,stable
52,20,78.1,18.3,98.6,0,stable
52,21,77.3,18.2,98.5,0,stable
52,22,77.8,18.0,98.7,0,stable
52,23,77.3,18.6,98.6,0,stable
52,24,76.5,18.4,98.5,0,stable
53,1,76.9,18.7,96.3,0,stable
53,2,76.4,18.9,96.2,0,stable
53,3,74.7,19.0,96.3,0,stable
53,4,74.6,18.6,96.3,0,stable
53,5,73.8,18.5,96.4,0,stable
53,6,74.7,18.7,96.1,0,stable
53,7,74.0,18.6,96.1,0,stable
53,8,74.7,18.9,96.1,0,stable
53,9,73.9,19.1,96.0,0,stable
53,10,74.9,19.3,96.1,0,stable
53,11,75.3,19.9,95.9,0,stable
53,12,74.9,19.2,96.0,0,stable
53,13,75.3,19.1,96.2,0,stable
53,14,75.2,18.7,96.0,0,stable
53,15,74.9,18.8,96.2,0,stable
53,16,75.9,19.0,96.2,0,stable
53,17,75.9,18.9,96.0,0,stable
53,18,76.2,19.0,96.0,0,stable
53,19,74.3,19.1,96.1,0,stable
53,20,74.4,19.0,96.2,0,stable
53,21,75.0,19.0,96.2,0,stable
53,22,75.6,19.5,96.0,0,stable
53,23,75.5,19.0,96.2,0,stable
53,24,74.1,19.3,96.1,0,stable
54,1,72.5,14.8,95.8,0,stable
54,2,72.4,14.9,95.6,0,stable
54,3,72.1,14.3,95.6,0,stable
54,4,72.1,14.6,95.8,0,stable
54,5,73.0,14.2,95.8,0,stable
54,6,72.5,14.4,95.6,0,stable
54,7,72.7,14.6,95.9,0,stable
54,8,72.1,14.5,95.6,0,stable
54,9,73.3,14.8,95.5,0,stable
54,10,73.8,14.8,95.5,0,stable
54,11,72.3,14.5,95.2,0,stable
54,12,72.9,14.7,95.3,0,stable
54,13,72.0,14.2,95.4,0,stable
54,14,73.6,14.5,95.5,0,stable
54,15,71.7,14.3,95.4,0,stable
54,16,71.7,14.6,95.5,0,stable
54,17,72.2,14.7,95.5,0,stable
54,18,70.9,14.7,95.4,0,stable
54,19,70.0,15.2,95.6,0,stable
54,20,69.6,14.4,95.7,0,stable
54,21,70.1,14.5,95.8,0,stable
54,22,71.2,14.6,95.7,0,stable
54,23,71.3,14.5,95.6,0,stable
54,24,71.0,14.7,95.8,0,stable
55,1,79.4,15.5,97.7,0,stable
55,2,78.4,15.3,97.7,0,stable
55,3,78.9,15.3,97.7,0,stable
55,4,78.8,15.4,97.6,0,stable
55,5,79.4,15.2,97.6,0,stable
55,6,78.9,15.3,97.7,0,stable
55,7,77.6,15.5,97.5,0,stable
55,8,77.8,15.7,97.4,0,stable
55,9,77.5,14.9,97.3,0,stable
55,10,77.4,15.1,97.5,0,stable
55,11,77.8,15.1,97.5,0,stable
55,12,77.7,15.5,97.4,0,stable
55,13,77.7,15.1,97.2,0,stable
55,14,76.6,15.1,97.3,0,stable
55,15,76.8,15.1,97.2,0,stable
55,16,77.8,15.1,97.0,0,stable
55,17,78.7,15.4,97.2,0,stable
55,18,78.1,15.9,97.1,0,stable
55,19,77.5,15.5,97.2,0,stable
55,20,78.6,14.9,97.0,0,stable
55,21,77.5,15.1,97.2,0,stable
55,22,77.9,15.6,97.2,0,stable
55,23,77.3,14.9,97.3,0,stable
55,24,78.0,15.3,97.5,0,stable
56,1,77.6,12.2,98.4,0,stable
56,2,77.0,12.4,98.4,0,stable
56,3,78.1,12.7,98.0,0,stable
56,4,75.5,12.7,97.9,0,stable
56,5,74.7,12.4,98.1,0,stable
56,6,75.8,13.0,98.3,0,stable
56,7,75.9,12.8,98.4,0,stable
56,8,75.5,12.8,98.3,0,stable
56,9,75.7,13.0,98.1,0,stable
56,10,76.9,12.9,98.0,0,stable
56,11,78.0,13.0,97.7,0,stable
56,12,77.1,13.5,97.8,0,stable
56,13,76.7,13.3,97.9,0,stable
56,14,76.4,12.9,97.8,0,stable
56,15,77.0,13.2,97.9,0,stable
56,16,75.3,13.5,98.0,0,stable
56,17,75.5,13.5,98.1,0,stable
56,18,76.7,12.9,98.0,0,stable
56,19,76.1,13.0,98.2,0,stable
56,20,75.7,12.9,98.3,0,stable
56,21,76.3,12.7,98.2,0,stable
56,22,75.6,13.1,98.2,0,stable
56,23,76.2,12.9,98.2,0,stable
56,24,76.2,13.3,98.1,0,stable
57,1,72.6,12.4,96.4,0,stable
57,2,73.5,12.4,96.6,0,stable
57,3,73.1,12.5,96.6,0,stable
57,4,74.4,12.5,96.7,0,stable
57,5,73.4,12.5,96.6,0,stable
57,6,73.4,12.7,96.7,0,stable
57,7,72.7,12.4,96.8,0,stable
57,8,73.0,12.1,96.8,0,stable
57,9,73.3,12.5,96.8,0,stable
57,10,73.8,12.8,96.7,0,stable
57,11,74.3,12.7,96.7,0,stable
57,12,74.1,12.7,96.4,0,stable
57,13,74.0,12.7,96.5,0,stable
57,14,72.7,12.6,96.7,0,stable
57,15,72.6,12.6,96.6,0,stable
57,16,73.1,12.7,96.6,0,stable
57,17,73.7,12.5,96.8,0,stable
57,18,74.5,12.6,97.1,0,stable
57,19,74.8,12.5,97.0,0,stable
57,20,75.6,12.6,96.7,0,stable
57,21,74.9,12.2,96.8,0,stable
57,22,75.8,12.3,96.5,0,stable
57,23,75.4,12.1,96.7,0,stable
57,24,75.9,12.3,96.6,0,stable
58,1,75.1,16.0,96.9,0,stable
58,2,75.3,16.4,97.0,0,stable
58,3,76.6,16.7,97.0,0,stable
58,4,77.0,17.0,97.2,0,stable
58,5,76.8,17.1,97.2,0,stable
58,6,76.5,17.4,97.1,0,stable
58,7,76.4,17.2,97.1,0,stable
58,8,76.5,17.5,97.0,0,stable
58,9,76.8,17.3,97.1,0,stable
58,10,77.7,17.3,97.2,0,stable
58,11,77.6,17.0,97.0,0,stable
58,12,77.1,17.3,96.9,0,stable
58,13,75.8,17.2,97.1,0,stable
58,14,75.7,17.3,97.1,0,stable
58,15,76.3,17.3,96.9,0,stable
58,16,75.1,17.1,96.9,0,stable
58,17,74.9,17.4,96.9,0,stable
58,18,75.3,17.3,96.9,0,stable
58,19,76.6,17.3,96.9,0,stable
58,20,76.8,17.4,97.1,0,stable
58,21,76.7,17.2,97.1,0,stable
58,22,74.8,17.0,96.7,0,stable
58,23,75.5,16.9,96.8,0,stable
58,24,76.7,16.9,96.9,0,stable
59,1,85.2,15.3,97.7,0,stable
59,2,84.2,16.1,98.1,0,stable
59,3,84.2,16.8,98.0,0,stable
59,4,84.1,16.9,98.1,0,stable
59,5,84.2,16.7,98.1,0,stable
59,6,83.5,16.9,97.9,0,stable
59,7,82.3,17.5,98.0,0,stable
59,8,81.5,17.6,98.2,0,stable
59,9,82.0,17.0,98.2,0,stable
59,10,83.4,17.2,98.0,0,stable
59,11,84.5,17.2,98.1,0,stable
59,12,84.3,17.1,98.2,0,stable
59,13,82.9,17.0,98.0,0,stable
59,14,82.2,17.1,98.1,0,stable
59,15,83.5,16.9,98.1,0,stable
59,16,83.0,17.2,98.2,0,stable
59,17,82.6,16.6,98.2,0,stable
59,18,82.8,16.8,98.2,0,stable
59,19,83.6,16.9,98.4,0,stable
59,20,84.4,17.5,98.5,0,stable
59,21,84.7,17.2,98.4,0,stable
59,22,84.9,17.2,98.1,0,stable
59,23,85.1,17.4,98.0,0,stable
59,24,85.4,17.5,98.2,0,stable
60,1,77.6,18.2,98.6,0,stable
60,2,76.5,18.9,98.4,0,stable
60,3,76.4,18.8,98.4,0,stable
60,4,76.9,18.4,98.4,0,stable
60,5,76.6,18.3,98.5,0,stable
60,6,76.3,18.5,98.6,0,stable
60,7,76.8,18.3,98.6,0,stable
60,8,76.6,18.3,98.7,0,stable
60,9,76.6,18.2,98.5,0,stable
60,10,76.8,17.9,98.5,0,stable
60,11,77.5,17.8,98.8,0,stable
60,12,77.3,18.0,98.8,0,stable
60,13,75.9,17.8,98.7,0,stable
60,14,76.7,18.4,98.5,0,stable
60,15,76.1,18.2,98.6,0,stable
60,16,76.6,18.3,98.6,0,stable
60,17,76.6,18.3,98.5,0,stable
60,18,77.8,18.5,98.4,0,stable
60,19,76.1,18.7,98.4,0,stable
60,20,75.5,18.7,98.6,0,stable
60,21,76.3,18.6,98.5,0,stable
60,22,77.7,18.7,98.5,0,stable
60,23,76.8,18.5,98.6,0,stable
60,24,77.2,18.3,98.6,0,stable
61,1,81.7,15.8,97.0,0,stable
61,2,81.1,16.4,97.0,0,stable
61,3,80.9,16.3,97.1,0,stable
61,4,80.3,16.8,97.0,0,stable
61,5,80.0,16.5,97.0,0,stable
61,6,79.9,16.7,96.9,0,stable
61,7,79.7,16.2,96.9,0,stable
61,8,79.7,16.4,96.8,0,stable
61,9,78.9,16.4,97.1,0,stable
61,10,79.1,16.4,97.0,0,stable
61,11,80.6,16.5,96.9,0,stable
61,12,79.0,16.4,96.9,0,stable
61,13,77.9,16.3,96.8,0,stable
61,14,78.1,16.3,96.9,0,stable
61,15,79.3,15.9,96.9,0,stable
61,16,79.4,16.1,97.0,0,stable
61,17,80.2,16.3,96.9,0,stable
61,18,80.7,16.4,97.0,0,stable
61,19,79.3,16.7,96.8,0,stable
61,20,78.7,16.6,96.9,0,stable
61,21,78.7,17.0,97.0,0,stable
61,22,79.0,16.9,96.8,0,stable
61,23,78.9,16.5,96.8,0,stable
61,24,77.5,16.7,96.7,0,stable
62,1,83.3,17.5,97.7,0,stable
62,2,81.7,17.8,98.1,0,stable
62,3,80.1,17.6,98.2,0,stable
62,4,80.2,17.2,98.4,0,stable
62,5,80.0,17.5,98.3,0,stable
62,6,80.5,17.5,98.4,0,stable
62,7,79.1,17.8,98.6,0,stable
62,8,80.1,17.9,98.5,0,stable
62,9,79.2,18.2,98.3,0,stable
62,10,77.6,18.4,98.3,0,stable
62,11,76.9,18.2,98.3,0,stable
62,12,78.1,17.8,98.2,0,stable
62,13,78.4,17.7,98.0,0,stable
62,14,76.5,17.7,98.2,0,stable
62,15,77.1,18.0,98.2,0,stable
62,16,76.5,18.3,98.1,0,stable
62,17,76.6,18.2,98.2,0,stable
62,18,77.7,17.8,98.2,0,stable
62,19,78.7,17.8,98.3,0,stable
62,20,78.6,18.1,98.6,0,stable
62,21,78.8,18.1,98.4,0,stable
62,22,77.3,17.5,98.5,0,stable
62,23,77.4,17.5,98.7,0,stable
62,24,77.4,17.6,98.7,0,stable
63,1,80.5,15.3,97.1,0,stable
63,2,81.3,15.2,97.3,0,stable
63,3,83.0,15.7,97.6,0,stable
63,4,83.3,15.7,97.5,0,stable
63,5,83.0,15.2,97.6,0,stable
63,6,82.5,15.6,97.7,0,stable
63,7,81.9,15.5,97.6,0,stable
63,8,82.4,15.4,97.5,0,stable
63,9,83.3,15.7,97.8,0,stable
63,10,81.6,15.9,97.9,0,stable
63,11,81.2,15.6,97.5,0,stable
63,12,81.2,15.5,97.6,0,stable
63,13,81.9,15.7,97.7,0,stable
63,14,82.7,15.6,97.8,0,stable
63,15,83.4,15.9,97.8,0,stable
63,16,82.6,15.7,97.7,0,stable
63,17,82.2,15.3,97.7,0,stable
63,18,82.5,15.6,97.7,0,stable
63,19,81.9,16.1,97.6,0,stable
63,20,81.9,16.0,97.6,0,stable
63,21,82.5,15.8,98.0,0,stable
63,22,83.2,15.4,97.8,0,stable
63,23,85.0,15.3,97.6,0,stable
63,24,85.0,15.6,97.7,0,stable
64,1,80.8,15.6,97.4,0,stable
64,2,81.7,15.5,97.4,0,stable
64,3,81.6,14.9,97.6,0,stable
64,4,82.5,14.5,97.6,0,stable
64,5,82.1,14.9,97.7,0,stable
64,6,82.6,14.8,97.6,0,stable
64,7,83.4,14.9,97.5,0,stable
64,8,83.3,15.1,97.4,0,stable
64,9,83.6,14.7,97.4,0,stable
64,10,84.4,14.6,97.2,0,stable
64,11,84.7,14.6,97.3,0,stable
64,12,84.5,14.7,97.5,0,stable
64,13,84.5,14.7,97.5,0,stable
64,14,83.9,14.8,97.6,0,stable
64,15,84.4,14.5,97.9,0,stable
64,16,84.1,14.8,97.9,0,stable
64,17,82.4,15.2,97.7,0,stable
64,18,82.5,15.1,97.8,0,stable
64,19,83.3,14.7,97.6,0,stable
64,20,82.5,15.0,97.4,0,stable
64,21,82.7,14.9,97.4,0,stable
64,22,82.9,15.0,97.4,0,stable
64,23,81.7,14.7,97.3,0,stable
64,24,81.3,15.2,97.2,0,stable
65,1,67.1,12.6,96.4,0,stable
65,2,68.2,12.6,96.3,0,stable
65,3,68.1,12.2,96.2,0,stable
65,4,67.5,11.9,96.2,0,stable
65,5,68.8,11.9,96.0,0,stable
65,6,69.1,11.7,95.9,0,stable
65,7,70.9,12.2,95.9,0,stable
65,8,70.7,12.4,96.0,0,stable
65,9,70.2,12.5,96.1,0,stable
65,10,71.3,12.6,96.2,0,stable
65,11,70.7,12.3,95.9,0,stable
65,12,68.5,12.6,95.9,0,stable
65,13,68.3,12.7,95.8,0,stable
65,14,69.0,12.6,95.9,0,stable
65,15,69.4,12.4,95.9,0,stable
65,16,70.2,13.0,96.0,0,stable
65,17,68.3,12.8,96.3,0,stable
65,18,69.6,12.6,96.4,0,stable
65,19,69.9,12.1,96.4,0,stable
65,20,68.2,12.0,96.3,0,stable
65,21,68.5,12.4,96.3,0,stable
65,22,68.1,12.3,96.3,0,stable
65,23,68.0,12.3,96.3,0,stable
65,24,67.1,12.5,96.2,0,stable
66,1,78.0,15.5,96.2,0,stable
66,2,77.5,15.6,96.2,0,stable
66,3,75.9,15.4,96.4,0,stable
66,4,74.5,15.5,96.3,0,stable
66,5,74.7,15.1,96.3,0,stable
66,6,75.6,15.4,96.5,0,stable
66,7,76.2,15.2,96.6,0,stable
66,8,77.8,15.4,96.8,0,stable
66,9,76.2,15.5,96.7,0,stable
66,10,76.2,15.6,97.0,0,stable
66,11,75.1,15.7,97.3,0,stable
66,12,75.3,15.3,97.1,0,stable
66,13,74.8,15.1,96.9,0,stable
66,14,75.6,15.1,96.7,0,stable
66,15,76.3,15.2,96.8,0,stable
66,16,76.9,15.3,96.6,0,stable
66,17,76.9,15.0,96.5,0,stable
66,18,76.8,14.9,96.5,0,stable
66,19,76.5,14.8,96.6,0,stable
66,20,76.6,14.9,96.4,0,stable
66,21,76.2,15.1,96.5,0,stable
66,22,77.0,15.0,96.6,0,stable
66,23,76.5,15.1,96.7,0,stable
66,24,76.6,14.9,96.7,0,stable
67,1,78.3,14.4,97.4,0,stable
67,2,78.2,14.3,97.5,0,stable
67,3,79.0,14.5,97.5,0,stable
67,4,79.4,14.8,97.5,0,stable
67,5,79.1,14.9,97.6,0,stable
67,6,79.9,15.2,97.5,0,stable
67,7,78.0,14.9,97.6,0,stable
67,8,77.3,14.9,97.6,0,stable
67,9,77.4,15.0,97.4,0,stable
67,10,76.3,14.8,97.6,0,stable
67,11,77.7,15.1,97.4,0,stable
67,12,77.1,14.8,97.4,0,stable
67,13,77.0,14.9,97.4,0,stable
67,14,78.8,14.9,97.5,0,stable
67,15,79.6,15.0,97.4,0,stable
67,16,78.3,14.9,97.2,0,stable
67,17,78.3,15.4,97.1,0,stable
67,18,77.6,15.4,97.2,0,stable
67,19,78.2,15.2,97.1,0,stable
67,20,77.7,15.5,97.3,0,stable
67,21,77.4,15.2,97.3,0,stable
67,22,77.3,15.3,97.3,0,stable
67,23,78.4,15.3,97.2,0,stable
67,24,78.2,14.9,97.4,0,stable
68,1,74.9,16.7,97.3,0,stable
68,2,75.2,17.2,97.0,0,stable
68,3,74.6,17.3,97.3,0,stable
68,4,74.4,17.4,97.2,0,stable
68,5,73.6,16.7,97.0,0,stable
68,6,75.0,16.5,96.8,0,stable
68,7,75.3,16.5,97.1,0,stable
68,8,74.8,16.2,97.1,0,stable
68,9,74.5,16.4,97.0,0,stable
68,10,76.0,16.7,96.8,0,stable
68,11,75.4,16.9,96.9,0,stable
68,12,75.8,16.9,97.0,0,stable
68,13,74.4,17.1,97.1,0,stable
68,14,74.2,16.8,97.1,0,stable
68,15,75.4,16.6,97.1,0,stable
68,16,75.3,16.6,97.1,0,stable
68,17,75.0,16.7,97.3,0,stable
68,18,74.7,16.6,97.3,0,stable
68,19,74.5,16.8,96.9,0,stable
68,20,74.4,16.6,97.0,0,stable
68,21,73.5,16.4,96.8,0,stable
68,22,72.8,16.5,97.1,0,stable
68,23,72.8,16.4,96.9,0,stable
68,24,73.9,16.4,96.8,0,stable
69,1,69.8,16.5,97.1,0,stable
69,2,69.9,16.5,97.4,0,stable
69,3,71.2,16.8,97.3,0,stable
69,4,71.0,16.7,97.4,0,stable
69,5,70.5,17.3,97.6,0,stable
69,6,71.4,16.9,97.4,0,stable
69,7,70.8,17.0,97.5,0,stable
69,8,71.2,16.7,97.4,0,stable
69,9,70.7,16.7,97.3,0,stable
69,10,72.3,16.5,97.5,0,stable
69,11,72.3,16.6,97.6,0,stable
69,12,71.0,16.9,97.6,0,stable
69,13,71.7,16.8,97.6,0,stable
69,14,73.0,16.5,97.5,0,stable
69,15,72.2,16.7,97.4,0,stable
69,16,71.5,16.8,97.3,0,stable
69,17,70.0,17.0,97.5,0,stable
69,18,71.7,17.0,97.9,0,stable
69,19,70.2,17.3,97.8,0,stable
69,20,68.5,17.1,97.8,0,stable
69,21,69.5,17.1,97.8,0,stable
69,22,68.6,16.9,97.5,0,stable
69,23,70.4,17.3,97.4,0,stable
69,24,70.9,17.2,97.3,0,stable
70,1,79.9,16.1,96.9,0,stable
70,2,79.9,16.3,97.0,0,stable
70,3,80.7,16.3,97.1,0,stable
70,4,81.0,16.7,97.1,0,stable
70,5,80.6,17.0,97.0,0,stable
70,6,81.0,17.0,97.0,0,stable
70,7,82.2,17.0,97.0,0,stable
70,8,81.8,16.7,97.3,0,stable
70,9,80.3,16.7,97.1,0,stable
70,10,80.0,16.9,97.5,0,stable
70,11,79.3,17.0,97.5,0,stable
70,12,80.2,16.8,97.5,0,stable
70,13,81.4,16.9,97.5,0,stable
70,14,81.4,17.4,97.2,0,stable
70,15,80.1,17.1,97.1,0,stable
70,16,80.8,17.0,97.1,0,stable
70,17,80.7,17.2,97.1,0,stable
70,18,80.8,17.2,97.2,0,stable
70,19,80.8,16.6,97.3,0,stable
70,20,80.1,17.5,97.3,0,stable
70,21,82.6,16.9,97.1,0,stable
70,22,83.2,16.7,97.1,0,stable
70,23,81.2,16.8,97.1,0,stable
70,24,81.7,17.1,97.2,0,stable
71,1,77.7,15.7,96.9,0,stable
71,2,78.5,15.5,96.9,0,stable
71,3,79.3,15.3,96.8,0,stable
71,4,78.7,15.6,96.7,0,stable
71,5,78.2,15.5,97.0,0,stable
71,6,78.9,15.7,97.0,0,stable
71,7,79.7,15.3,96.8,0,stable
71,8,80.0,15.3,96.7,0,stable
71,9,78.1,15.0,96.7,0,stable
71,10,78.6,15.2,96.5,0,stable
71,11,79.0,15.4,96.7,0,stable
71,12,77.2,15.3,96.8,0,stable
71,13,77.5,15.2,97.0,0,stable
71,14,77.8,15.3,96.8,0,stable
71,15,77.8,15.0,96.8,0,stable
71,16,78.6,15.1,96.9,0,stable
71,17,77.7,15.3,96.8,0,stable
71,18,77.6,15.1,96.9,0,stable
71,19,76.5,15.2,97.0,0,stable
71,20,78.1,15.7,97.1,0,stable
71,21,76.7,15.8,97.2,0,stable
71,22,77.1,15.5,97.0,0,stable
71,23,77.0,15.1,97.3,0,stable
71,24,76.4,14.9,97.1,0,stable
72,1,74.4,13.5,95.8,0,stable
72,2,75.2,13.2,96.1,0,stable
72,3,75.1,13.4,96.4,0,stable
72,4,73.6,13.3,96.4,0,stable
72,5,74.3,13.4,96.4,0,stable
72,6,73.9,13.5,96.6,0,stable
72,7,76.1,13.6,96.7,0,stable
72,8,76.8,13.6,96.7,0,stable
72,9,75.0,14.0,96.5,0,stable
72,10,73.8,14.2,96.2,0,stable
72,11,74.7,13.6,96.3,0,stable
72,12,74.5,14.1,96.6,0,stable
72,13,73.1,14.3,96.5,0,stable
72,14,73.7,14.1,96.4,0,stable
72,15,72.9,14.0,96.5,0,stable
72,16,74.4,13.7,96.4,0,stable
72,17,73.7,13.7,96.5,0,stable
72,18,72.7,13.0,96.5,0,stable
72,19,72.4,13.0,96.6,0,stable
72,20,72.0,13.4,96.5,0,stable
72,21,71.8,13.5,96.2,0,stable
72,22,73.5,13.6,96.2,0,stable
72,23,74.5,13.7,96.4,0,stable
72,24,75.0,13.9,96.3,0,stable
73,1,69.9,20.5,96.8,0,stable
73,2,70.9,19.9,96.9,0,stable
73,3,71.8,19.6,96.9,0,stable
73,4,74.1,19.8,97.0,0,stable
73,5,76.1,19.6,96.8,0,stable
73,6,75.8,19.5,97.4,0,stable
73,7,75.7,19.6,97.2,0,stable
73,8,76.4,19.5,97.1,0,stable
73,9,78.0,19.6,96.9,0,stable
73,10,78.2,19.5,96.9,0,stable
73,11,76.5,19.5,97.2,0,stable
73,12,75.7,19.4,97.2,0,stable
73,13,76.2,19.3,97.0,0,stable
73,14,74.8,19.1,97.1,0,stable
73,15,74.2,19.3,97.0,0,stable
73,16,74.8,19.1,96.9,0,stable
73,17,74.0,19.2,97.2,0,stable
73,18,73.9,19.5,97.0,0,stable
73,19,74.0,19.5,97.1,0,stable
73,20,75.7,19.5,97.4,0,stable
73,21,76.8,19.2,97.3,0,stable
73,22,75.9,19.5,97.1,0,stable
73,23,75.4,19.1,97.2,0,stable
73,24,75.3,18.9,97.1,0,stable
74,1,85.9,16.5,97.7,0,stable
74,2,84.3,16.9,97.8,0,stable
74,3,84.4,17.4,97.9,0,stable
74,4,82.6,17.3,98.0,0,stable
74,5,81.2,17.3,98.3,0,stable
74,6,80.4,17.1,98.0,0,stable
74,7,81.1,17.4,98.0,0,stable
74,8,81.0,16.9,98.2,0,stable
74,9,82.1,17.5,98.2,0,stable
74,10,82.3,17.0,98.2,0,stable
74,11,83.1,17.0,98.2,0,stable
74,12,82.4,17.5,98.2,0,stable
74,13,81.6,17.5,98.0,0,stable
74,14,82.8,17.0,98.1,0,stable
74,15,82.8,17.0,97.9,0,stable
74,16,82.2,17.1,98.0,0,stable
74,17,83.6,17.1,98.1,0,stable
74,18,83.7,17.0,98.0,0,stable
74,19,82.4,17.0,98.0,0,stable
74,20,82.2,16.9,98.3,0,stable
74,21,83.3,16.7,98.6,0,stable
74,22,83.5,16.7,98.5,0,stable
74,23,83.8,16.6,98.2,0,stable
74,24,83.0,16.7,98.3,0,stable
75,1,74.8,18.2,97.0,0,stable
75,2,72.8,17.7,97.0,0,stable
75,3,71.4,18.1,97.0,0,stable
75,4,73.1,18.4,97.2,0,stable
75,5,72.3,18.0,97.1,0,stable
75,6,71.7,18.1,97.0,0,stable
75,7,70.5,17.8,97.1,0,stable
75,8,71.4,18.1,97.0,0,stable
75,9,71.4,17.8,97.5,0,stable
75,10,71.3,17.5,97.8,0,stable
75,11,70.7,17.0,97.8,0,stable
75,12,69.3,17.6,97.8,0,stable
75,13,69.5,17.6,97.5,0,stable
75,14,70.0,17.6,97.4,0,stable
75,15,70.9,17.3,97.6,0,stable
75,16,70.4,17.4,97.7,0,stable
75,17,70.7,17.3,97.7,0,stable
75,18,69.5,17.7,97.7,0,stable
75,19,69.3,17.5,97.7,0,stable
75,20,70.2,17.4,97.6,0,stable
75,21,70.2,17.4,97.5,0,stable
75,22,69.5,17.0,97.5,0,stable
75,23,70.7,17.5,97.7,0,stable
75,24,70.5,17.3,97.6,0,stable
76,1,84.0,15.7,97.9,0,stable
76,2,84.7,15.4,97.9,0,stable
76,3,85.8,15.8,97.8,0,stable
76,4,86.4,15.8,97.7,0,stable
76,5,86.5,15.6,97.7,0,stable
76,6,86.5,15.5,97.7,0,stable
76,7,86.4,15.6,97.9,0,stable
76,8,86.0,15.7,97.7,0,stable
76,9,87.1,15.2,97.7,0,stable
76,10,86.9,15.0,97.6,0,stable
76,11,88.2,15.4,97.6,0,stable
76,12,88.3,15.6,97.5,0,stable
76,13,88.1,15.8,97.4,0,stable
76,14,88.6,15.8,97.5,0,stable
76,15,88.8,15.4,97.3,0,stable
76,16,88.6,15.5,97.5,0,stable
76,17,87.7,15.6,97.4,0,stable
76,18,87.0,15.8,97.6,0,stable
76,19,87.5,15.5,97.7,0,stable
76,20,86.9,15.8,97.6,0,stable
76,21,88.1,15.9,97.6,0,stable
76,22,87.8,16.2,97.6,0,stable
76,23,87.9,16.1,97.7,0,stable
76,24,86.9,16.5,97.6,0,stable
77,1,73.0,17.0,98.7,0,stable
77,2,72.9,17.2,98.5,0,stable
77,3,71.8,16.9,98.6,0,stable
77,4,70.8,16.6,98.6,0,stable
77,5,70.1,16.8,98.4,0,stable
77,6,69.9,17.0,98.5,0,stable
77,7,69.9,17.1,98.5,0,stable
77,8,70.5,16.8,98.4,0,stable
77,9,70.8,16.3,98.2,0,stable
77,10,69.8,16.6,98.1,0,stable
77,11,69.2,16.7,98.0,0,stable
77,12,68.4,16.6,98.1,0,stable
77,13,68.8,17.0,98.1,0,stable
77,14,69.2,17.1,98.2,0,stable
77,15,70.5,16.7,98.1,0,stable
77,16,71.9,16.8,98.0,0,stable
77,17,72.9,16.4,98.0,0,stable
77,18,72.8,16.7,98.1,0,stable
77,19,72.3,17.0,98.2,0,stable
77,20,71.1,16.6,98.1,0,stable
77,21,71.0,16.0,98.4,0,stable
77,22,69.9,16.0,98.3,0,stable
77,23,69.7,16.3,98.5,0,stable
77,24,70.4,16.4,98.6,0,stable
78,1,85.6,18.6,96.3,0,stable
78,2,85.5,18.0,96.3,0,stable
78,3,85.6,17.5,96.4,0,stable
78,4,85.2,17.6,96.5,0,stable
78,5,85.1,17.5,96.5,0,stable
78,6,84.1,17.8,96.6,0,stable
78,7,84.0,17.4,96.5,0,stable
78,8,84.0,17.2,96.5,0,stable
78,9,85.0,17.6,96.5,0,stable
78,10,83.4,17.5,96.3,0,stable
78,11,82.5,17.4,96.4,0,stable
78,12,83.1,17.3,96.4,0,stable
78,13,83.6,16.9,96.5,0,stable
78,14,84.3,17.0,96.5,0,stable
78,15,84.3,17.0,96.5,0,stable
78,16,84.5,17.2,96.5,0,stable
78,17,83.7,17.1,96.3,0,stable
78,18,82.9,17.1,96.2,0,stable
78,19,84.0,17.1,96.3,0,stable
78,20,83.1,16.8,96.3,0,stable
78,21,84.6,17.2,96.3,0,stable
78,22,85.6,17.2,96.2,0,stable
78,23,86.0,17.1,96.3,0,stable
78,24,85.2,16.8,96.3,0,stable
79,1,74.7,14.1,96.4,0,stable
79,2,75.6,15.3,96.5,0,stable
79,3,74.9,15.5,96.8,0,stable
79,4,74.2,15.3,96.9,0,stable
79,5,75.0,15.2,96.9,0,stable
79,6,75.3,15.6,96.9,0,stable
79,7,74.6,15.6,96.9,0,stable
79,8,75.5,16.0,97.2,0,stable
79,9,77.0,15.6,97.0,0,stable
79,10,75.0,15.4,97.1,0,stable
79,11,76.2,15.2,97.0,0,stable
79,12,74.7,15.5,96.9,0,stable
79,13,75.7,15.1,96.9,0,stable
79,14,76.3,15.4,97.0,0,stable
79,15,75.2,15.2,97.0,0,stable
79,16,75.9,15.1,97.1,0,stable
79,17,76.4,14.9,97.0,0,stable
79,18,76.7,15.1,97.2,0,stable
79,19,76.2,14.7,97.1,0,stable
79,20,76.1,15.2,96.9,0,stable
79,21,75.9,14.7,97.0,0,stable
79,22,74.1,14.9,97.0,0,stable
79,23,73.8,15.3,96.8,0,stable
79,24,73.5,15.2,96.8,0,stable
80,1,75.9,15.2,97.2,0,stable
80,2,76.3,15.1,97.4,0,stable
80,3,76.5,14.5,97.6,0,stable
80,4,76.2,14.0,97.8,0,stable
80,5,75.6,13.7,97.8,0,stable
80,6,77.0,13.9,97.7,0,stable
80,7,75.4,14.0,97.7,0,stable
80,8,75.3,14.2,98.0,0,stable
80,9,74.8,14.2,98.1,0,stable
80,10,75.6,14.2,98.0,0,stable
80,11,76.5,14.2,98.2,0,stable
80,12,75.6,13.8,98.0,0,stable
80,13,76.3,13.7,97.8,0,stable
80,14,77.0,13.6,98.1,0,stable
80,15,76.5,14.2,98.1,0,stable
80,16,76.6,14.3,98.0,0,stable
80,17,75.9,14.1,97.9,0,stable
80,18,76.0,14.0,98.0,0,stable
80,19,76.1,13.8,97.8,0,stable
80,20,74.7,13.8,97.8,0,stable
80,21,74.0,13.4,97.7,0,stable
80,22,74.2,13.6,97.6,0,stable
80,23,73.7,13.5,97.6,0,stable
80,24,73.8,13.6,97.7,0,stable
81,1,77.2,14.3,97.9,0,stable
81,2,78.3,14.2,97.7,0,stable
81,3,79.1,14.1,97.5,0,stable
81,4,79.2,14.3,97.7,0,stable
81,5,79.0,14.8,97.5,0,stable
81,6,79.7,14.9,97.3,0,stable
81,7,76.9,15.1,97.3,0,stable
81,8,78.9,15.3,97.2,0,stable
81,9,78.2,15.0,97.4,0,stable
81,10,79.5,14.7,97.3,0,stable
81,11,78.9,14.8,97.3,0,stable
81,12,78.3,15.3,97.3,0,stable
81,13,77.2,15.2,97.6,0,stable
81,14,77.3,15.0,97.6,0,stable
81,15,77.3,14.7,97.5,0,stable
81,16,77.5,14.6,97.6,0,stable
81,17,77.9,14.9,97.5,0,stable
81,18,78.0,14.7,97.6,0,stable
81,19,78.5,15.0,97.5,0,stable
81,20,79.2,15.4,97.4,0,stable
81,21,78.6,14.8,97.7,0,stable
81,22,78.0,15.0,97.8,0,stable
81,23,77.2,15.3,97.8,0,stable
81,24,76.6,15.5,97.5,0,stable
82,1,80.6,14.9,97.3,0,stable
82,2,81.2,15.1,97.3,0,stable
82,3,81.6,15.0,97.4,0,stable
82,4,80.9,15.1,97.1,0,stable
82,5,81.5,15.3,97.2,0,stable
82,6,81.9,15.2,97.3,0,stable
82,7,82.4,15.3,97.3,0,stable
82,8,81.5,15.5,97.2,0,stable
82,9,81.2,15.2,97.1,0,stable
82,10,79.8,15.1,97.3,0,stable
82,11,81.7,15.1,97.1,0,stable
82,12,81.9,15.0,97.3,0,stable
82,13,81.6,15.2,97.3,0,stable
82,14,80.4,15.2,97.3,0,stable
82,15,80.5,15.2,97.2,0,stable
82,16,80.0,15.1,97.1,0,stable
82,17,80.8,14.9,97.2,0,stable
82,18,80.2,15.1,97.2,0,stable
82,19,79.9,15.6,97.4,0,stable
82,20,79.7,15.8,97.4,0,stable
82,21,79.5,15.7,97.5,0,stable
82,22,79.7,15.8,97.3,0,stable
82,23,81.8,15.5,97.4,0,stable
82,24,80.9,15.1,97.3,0,stable
83,1,72.9,15.3,97.4,0,stable
83,2,75.2,16.0,97.5,0,stable
83,3,76.8,15.7,97.6,0,stable
83,4,77.8,16.1,97.5,0,stable
83,5,76.9,16.1,97.5,0,stable
83,6,77.6,16.2,97.6,0,stable
83,7,77.9,16.2,97.6,0,stable
83,8,78.3,16.6,97.3,0,stable
83,9,76.4,16.4,97.3,0,stable
83,10,76.2,16.4,97.3,0,stable
83,11,75.9,16.6,97.4,0,stable
83,12,75.7,16.8,97.6,0,stable
83,13,77.6,16.4,97.8,0,stable
83,14,78.2,16.3,97.7,0,stable
83,15,76.8,16.8,97.6,0,stable
83,16,78.1,16.8,97.9,0,stable
83,17,77.8,17.0,97.9,0,stable
83,18,78.7,16.8,98.0,0,stable
83,19,78.6,16.6,98.0,0,stable
83,20,77.9,16.4,97.8,0,stable
83,21,76.3,16.7,97.9,0,stable
83,22,76.4,16.5,97.8,0,stable
83,23,74.5,16.8,97.7,0,stable
83,24,75.1,16.7,97.7,0,stable
84,1,84.4,15.7,95.9,0,stable
84,2,83.5,15.8,95.8,0,stable
84,3,83.7,15.9,95.6,0,stable
84,4,82.7,16.3,95.6,0,stable
84,5,82.2,16.0,95.7,0,stable
84,6,80.5,15.8,95.6,0,stable
84,7,81.4,16.6,95.9,0,stable
84,8,81.2,16.3,95.7,0,stable
84,9,81.4,16.1,95.8,0,stable
84,10,82.1,16.3,95.7,0,stable
84,11,81.4,16.3,95.7,0,stable
84,12,82.0,16.5,95.7,0,stable
84,13,81.1,16.3,95.7,0,stable
84,14,80.8,16.3,95.8,0,stable
84,15,81.4,16.0,95.7,0,stable
84,16,81.5,16.3,95.8,0,stable
84,17,82.5,16.6,95.7,0,stable
84,18,82.6,16.6,95.5,0,stable
84,19,82.9,16.7,95.7,0,stable
84,20,81.8,16.4,95.6,0,stable
84,21,82.1,16.1,95.7,0,stable
84,22,81.9,15.8,95.5,0,stable
84,23,82.0,16.0,95.4,0,stable
84,24,82.2,15.9,95.5,0,stable
85,1,68.4,15.1,98.1,0,stable
85,2,69.6,15.0,98.2,0,stable
85,3,68.6,15.0,98.4,0,stable
85,4,69.7,15.2,98.2,0,stable
85,5,68.6,15.1,98.3,0,stable
85,6,68.2,14.5,98.3,0,stable
85,7,69.8,14.9,98.2,0,stable
85,8,70.1,14.8,98.2,0,stable
85,9,69.6,15.0,98.3,0,stable
85,10,69.5,15.2,98.4,0,stable
85,11,70.8,15.0,98.2,0,stable
85,12,70.5,15.1,98.1,0,stable
85,13,70.3,14.9,98.3,0,stable
85,14,69.9,15.4,98.4,0,stable
85,15,68.6,15.4,98.5,0,stable
85,16,68.8,15.3,98.3,0,stable
85,17,69.1,15.0,98.3,0,stable
85,18,69.9,14.5,98.3,0,stable
85,19,69.2,14.7,98.2,0,stable
85,20,70.2,14.8,98.2,0,stable
85,21,69.7,14.6,98.0,0,stable
85,22,71.0,14.6,98.0,0,stable
85,23,71.8,14.3,98.0,0,stable
85,24,71.5,14.4,97.9,0,stable
86,1,78.1,15.8,98.3,0,stable
86,2,78.1,16.1,98.0,0,stable
86,3,79.4,15.6,97.9,0,stable
86,4,79.1,16.1,97.9,0,stable
86,5,78.6,16.2,97.5,0,stable
86,6,79.8,16.1,97.5,0,stable
86,7,80.6,16.5,97.6,0,stable
86,8,80.6,16.6,97.6,0,stable
86,9,81.9,16.9,97.4,0,stable
86,10,80.2,17.1,97.5,0,stable
86,11,79.5,16.6,97.5,0,stable
86,12,77.9,16.6,97.5,0,stable
86,13,78.6,16.7,97.6,0,stable
86,14,80.2,16.2,97.6,0,stable
86,15,80.4,16.2,97.4,0,stable
86,16,80.2,16.0,97.4,0,stable
86,17,81.0,16.2,97.5,0,stable
86,18,80.9,15.9,97.5,0,stable
86,19,81.8,16.4,97.5,0,stable
86,20,80.6,16.9,97.5,0,stable
86,21,80.1,16.5,97.8,0,stable
86,22,78.6,16.6,97.7,0,stable
86,23,79.3,16.5,97.9,0,stable
86,24,80.4,16.4,97.7,0,stable
87,1,79.5,13.9,96.7,0,stable
87,2,78.5,14.5,96.8,0,stable
87,3,79.6,14.9,96.7,0,stable
87,4,80.8,15.1,96.6,0,stable
87,5,81.9,15.6,96.6,0,stable
87,6,81.6,15.4,96.7,0,stable
87,7,81.8,15.6,96.8,0,stable
87,8,82.1,15.4,96.6,0,stable
87,9,82.4,15.8,96.7,0,stable
87,10,81.5,15.9,96.6,0,stable
87,11,82.8,15.9,96.8,0,stable
87,12,83.1,15.7,96.6,0,stable
87,13,83.3,15.6,96.7,0,stable
87,14,83.2,15.6,96.9,0,stable
87,15,82.2,15.4,96.8,0,stable
87,16,82.2,15.0,96.6,0,stable
87,17,81.1,15.5,96.7,0,stable
87,18,81.6,15.7,96.7,0,stable
87,19,81.0,15.5,96.8,0,stable
87,20,80.9,15.7,96.6,0,stable
87,21,80.9,15.6,96.6,0,stable
87,22,81.0,15.5,96.7,0,stable
87,23,81.4,15.4,96.8,0,stable
87,24,81.6,15.5,96.8,0,stable
88,1,74.7,15.5,97.3,0,stable
88,2,74.0,16.0,97.5,0,stable
88,3,74.2,16.3,97.4,0,stable
88,4,73.4,16.7,97.4,0,stable
88,5,72.1,16.6,97.6,0,stable
88,6,72.5,16.6,97.5,0,stable
88,7,73.1,16.7,97.7,0,stable
88,8,72.9,16.8,97.8,0,stable
88,9,74.9,16.5,97.7,0,stable
88,10,74.6,16.9,97.6,0,stable
88,11,73.2,17.0,97.5,0,stable
88,12,73.3,17.0,97.5,0,stable
88,13,73.3,17.1,97.6,0,stable
88,14,73.4,16.8,97.7,0,stable
88,15,72.8,16.7,97.6,0,stable
88,16,72.9,16.2,97.6,0,stable
88,17,72.1,16.1,97.6,0,stable
88,18,71.3,16.4,97.7,0,stable
88,19,72.7,16.5,97.8,0,stable
88,20,71.7,16.5,97.7,0,stable
88,21,71.4,16.8,97.5,0,stable
88,22,71.9,16.3,97.6,0,stable
88,23,71.0,16.7,97.6,0,stable
88,24,72.1,16.4,97.5,0,stable
89,1,88.4,13.3,97.4,0,stable
89,2,86.5,13.4,97.6,0,stable
89,3,86.6,13.6,97.6,0,stable
89,4,87.5,13.6,97.7,0,stable
89,5,86.4,13.6,97.7,0,stable
89,6,87.1,13.5,97.7,0,stable
89,7,87.4,13.7,97.9,0,stable
89,8,87.6,14.0,97.7,0,stable
89,9,87.3,14.1,97.6,0,stable
89,10,88.0,14.5,97.7,0,stable
89,11,86.3,14.3,97.6,0,stable
89,12,85.6,13.7,97.8,0,stable
89,13,85.7,13.4,97.6,0,stable
89,14,85.1,13.6,97.5,0,stable
89,15,84.8,14.2,97.4,0,stable
89,16,84.4,13.9,97.9,0,stable
89,17,84.6,14.3,98.0,0,stable
89,18,85.2,14.0,98.1,0,stable
89,19,85.6,13.9,98.0,0,stable
89,20,86.5,13.6,97.8,0,stable
89,21,86.9,13.1,97.7,0,stable
89,22,86.7,12.9,97.6,0,stable
89,23,86.5,13.4,97.5,0,stable
89,24,86.5,13.5,97.7,0,stable
90,1,76.8,18.5,96.8,0,stable
90,2,75.9,18.3,96.9,0,stable
90,3,76.7,18.4,96.9,0,stable
90,4,75.3,18.1,97.0,0,stable
90,5,76.5,17.9,97.0,0,stable
90,6,75.5,18.3,96.8,0,stable
90,7,76.1,18.1,96.9,0,stable
90,8,75.0,18.2,97.0,0,stable
90,9,74.8,18.5,97.1,0,stable
90,10,76.2,18.5,97.0,0,stable
90,11,77.6,18.4,97.0,0,stable
90,12,77.5,18.4,96.8,0,stable
90,13,76.1,18.2,96.7,0,stable
90,14,76.2,18.5,96.9,0,stable
90,15,77.4,18.3,96.9,0,stable
90,16,77.3,18.2,96.8,0,stable
90,17,75.7,18.0,96.8,0,stable
90,18,76.1,18.1,96.7,0,stable
90,19,76.3,18.2,96.7,0,stable
90,20,77.7,18.3,96.9,0,stable
90,21,75.5,18.2,96.8,0,stable
90,22,76.2,18.5,96.7,0,stable
90,23,76.7,18.6,96.7,0,stable
90,24,76.8,18.3,96.4,0,stable
91,1,77.7,15.6,97.6,0,stable
91,2,78.1,16.2,98.0,0,stable
91,3,78.7,15.9,98.0,0,stable
91,4,78.0,16.2,98.0,0,stable
91,5,78.0,16.0,98.1,0,stable
91,6,77.0,16.0,98.1,0,stable
91,7,79.1,15.7,98.0,0,stable
91,8,78.2,15.8,97.8,0,stable
91,9,78.5,16.1,97.6,0,stable
91,10,77.8,16.4,97.7,0,stable
91,11,77.6,16.6,97.6,0,stable
91,12,76.6,16.3,97.5,0,stable
91,13,77.4,16.0,97.5,0,stable
91,14,78.2,15.7,97.8,0,stable
91,15,77.3,15.8,97.8,0,stable
91,16,77.6,16.0,97.7,0,stable
91,17,77.4,15.6,97.9,0,stable
91,18,77.9,16.1,97.9,0,stable
91,19,77.2,16.1,97.8,0,stable
91,20,76.4,15.6,98.0,0,stable
91,21,78.1,16.0,98.0,0,stable
91,22,78.4,16.0,97.9,0,stable
91,23,78.2,16.1,98.0,0,stable
91,24,77.0,15.8,98.0,0,stable
92,1,73.6,14.2,97.1,0,stable
92,2,75.6,14.2,97.2,0,stable
92,3,74.6,14.1,97.1,0,stable
92,4,75.6,14.3,97.1,0,stable
92,5,75.9,14.8,97.0,0,stable
92,6,76.3,15.0,97.1,0,stable
92,7,74.8,15.1,97.1,0,stable
92,8,75.1,15.2,97.1,0,stable
92,9,75.2,14.9,97.2,0,stable
92,10,75.7,14.9,97.1,0,stable
92,11,75.5,15.1,97.1,0,stable
92,12,75.0,15.1,97.2,0,stable
92,13,74.6,14.6,97.3,0,stable
92,14,74.4,14.9,97.2,0,stable
92,15,74.2,14.8,97.3,0,stable
92,16,73.6,14.7,97.2,0,stable
92,17,74.1,14.6,97.3,0,stable
92,18,74.9,14.6,97.4,0,stable
92,19,75.3,15.1,97.3,0,stable
92,20,74.1,14.7,97.3,0,stable
92,21,73.7,14.5,97.3,0,stable
92,22,72.4,14.6,97.3,0,stable
92,23,71.9,14.5,97.1,0,stable
92,24,73.5,14.6,97.3,0,stable
93,1,81.1,14.4,96.9,0,stable
93,2,79.7,14.5,97.0,0,stable
93,3,79.4,15.0,96.8,0,stable
93,4,78.3,15.0,96.9,0,stable
93,5,78.0,15.2,96.9,0,stable
93,6,77.5,14.8,97.1,0,stable
93,7,78.0,15.0,97.0,0,stable
93,8,79.1,14.8,97.0,0,stable
93,9,78.8,15.1,96.8,0,stable
93,10,79.2,15.1,96.9,0,stable
93,11,78.7,15.0,96.9,0,stable
93,12,77.7,15.1,96.9,0,stable
93,13,78.2,15.2,97.0,0,stable
93,14,78.6,15.4,97.0,0,stable
93,15,79.7,15.2,97.0,0,stable
93,16,80.3,15.3,96.9,0,stable
93,17,79.4,15.5,97.2,0,stable
93,18,80.3,15.2,97.1,0,stable
93,19,80.0,15.3,96.9,0,stable
93,20,80.3,15.0,96.9,0,stable
93,21,79.4,15.1,97.0,0,stable
93,22,79.1,15.2,97.2,0,stable
93,23,79.2,15.0,97.2,0,stable
93,24,79.4,15.6,97.1,0,stable
94,1,77.4,17.5,96.4,0,stable
94,2,77.2,17.2,96.4,0,stable
94,3,77.8,17.0,96.6,0,stable
94,4,77.6,17.0,96.5,0,stable
94,5,77.9,17.3,96.5,0,stable
94,6,77.8,17.0,96.4,0,stable
94,7,78.0,16.6,96.3,0,stable
94,8,77.6,16.4,96.2,0,stable
94,9,80.5,16.7,96.3,0,stable
94,10,80.9,16.7,96.3,0,stable
94,11,80.1,16.5,96.4,0,stable
94,12,80.2,16.9,96.3,0,stable
94,13,79.5,17.0,96.3,0,stable
94,14,78.0,16.9,96.2,0,stable
94,15,78.8,17.4,96.2,0,stable
94,16,77.6,17.2,96.2,0,stable
94,17,78.7,17.0,96.0,0,stable
94,18,78.0,17.0,96.1,0,stable
94,19,78.7,17.3,96.5,0,stable
94,20,78.6,17.3,96.5,0,stable
94,21,78.3,16.9,96.3,0,stable
94,22,80.0,16.9,96.3,0,stable
94,23,78.6,16.7,96.2,0,stable
94,24,78.6,16.4,96.3,0,stable
95,1,79.3,19.1,97.8,0,stable
95,2,80.1,19.2,98.0,0,stable
95,3,79.8,18.7,98.2,0,stable
95,4,79.9,18.4,98.0,0,stable
95,5,80.0,18.4,97.9,0,stable
95,6,80.1,18.3,98.0,0,stable
95,7,79.5,18.5,98.2,0,stable
95,8,81.1,18.5,98.1,0,stable
95,9,80.3,18.3,98.0,0,stable
95,10,80.8,18.7,98.0,0,stable
95,11,81.3,18.4,97.8,0,stable
95,12,81.4,18.3,98.1,0,stable
95,13,80.9,18.2,97.9,0,stable
95,14,79.3,18.3,97.7,0,stable
95,15,79.1,18.8,97.7,0,stable
95,16,80.4,18.8,97.7,0,stable
95,17,79.8,18.6,97.8,0,stable
95,18,80.8,18.8,98.0,0,stable
95,19,81.2,18.7,97.8,0,stable
95,20,81.5,19.0,97.7,0,stable
95,21,80.3,19.0,97.7,0,stable
95,22,79.2,18.8,97.9,0,stable
95,23,78.1,19.1,98.0,0,stable
95,24,79.6,19.2,98.0,0,stable
96,1,85.3,11.4,97.6,0,stable
96,2,84.1,11.5,97.8,0,stable
96,3,82.8,11.1,97.9,0,stable
96,4,81.0,11.2,97.9,0,stable
96,5,80.5,11.6,97.8,0,stable
96,6,81.4,11.3,97.7,0,stable
96,7,80.9,11.5,97.8,0,stable
96,8,80.9,11.4,98.0,0,stable
96,9,80.1,11.3,98.0,0,stable
96,10,81.2,11.1,98.0,0,stable
96,11,80.4,11.2,97.8,0,stable
96,12,80.5,11.4,97.8,0,stable
96,13,80.7,11.4,98.0,0,stable
96,14,81.4,11.2,97.9,0,stable
96,15,82.1,11.2,98.0,0,stable
96,16,81.7,11.2,98.0,0,stable
96,17,81.8,11.4,98.1,0,stable
96,18,82.5,11.8,98.0,0,stable
96,19,81.3,11.8,98.0,0,stable
96,20,80.4,11.2,97.9,0,stable
96,21,81.3,11.6,97.9,0,stable
96,22,82.5,11.6,97.7,0,stable
96,23,82.5,11.8,97.9,0,stable
96,24,83.0,11.7,97.8,0,stable
97,1,80.3,13.8,97.7,0,stable
97,2,78.7,13.9,97.7,0,stable
97,3,76.9,13.6,97.6,0,stable
97,4,77.0,13.9,97.7,0,stable
97,5,77.5,13.8,97.8,0,stable
97,6,77.0,13.7,97.9,0,stable
97,7,77.6,13.8,97.7,0,stable
97,8,77.8,13.4,97.6,0,stable
97,9,76.6,13.5,97.5,0,stable
97,10,76.4,14.1,97.6,0,stable
97,11,76.8,14.3,97.8,0,stable
97,12,75.4,14.3,97.6,0,stable
97,13,76.1,14.3,97.7,0,stable
97,14,76.8,14.3,97.6,0,stable
97,15,76.5,14.4,97.8,0,stable
97,16,78.1,14.0,97.8,0,stable
97,17,77.9,14.2,97.6,0,stable
97,18,78.6,14.1,97.7,0,stable
97,19,76.4,14.0,97.5,0,stable
97,20,76.3,14.0,97.4,0,stable
97,21,75.5,13.7,97.6,0,stable
97,22,75.4,14.0,97.7,0,stable
97,23,75.4,14.0,97.5,0,stable
97,24,75.3,13.7,97.6,0,stable
98,1,65.3,16.2,96.7,0,stable
98,2,64.0,16.2,97.1,0,stable
98,3,63.4,16.1,97.3,0,stable
98,4,64.3,15.8,97.3,0,stable
98,5,64.1,15.9,97.7,0,stable
98,6,63.1,15.9,97.7,0,stable
98,7,62.9,16.3,97.7,0,stable
98,8,63.6,15.8,97.6,0,stable
98,9,64.2,16.1,97.6,0,stable
98,10,65.0,16.3,97.7,0,stable
98,11,65.5,15.8,97.7,0,stable
98,12,64.2,16.2,97.6,0,stable
98,13,64.6,15.6,97.6,0,stable
98,14,63.3,15.8,97.5,0,stable
98,15,63.4,15.8,97.7,0,stable
98,16,63.6,15.9,97.8,0,stable
98,17,63.5,16.1,97.7,0,stable
98,18,64.7,16.3,97.7,0,stable
98,19,64.5,16.3,97.9,0,stable
98,20,65.3,16.4,97.7,0,stable
98,21,65.2,16.5,97.5,0,stable
98,22,65.3,16.4,97.5,0,stable
98,23,65.0,16.0,97.7,0,stable
98,24,64.3,15.6,97.5,0,stable
99,1,86.6,16.9,97.2,0,stable
99,2,84.9,17.0,97.4,0,stable
99,3,84.8,17.0,97.6,0,stable
99,4,83.4,16.9,97.5,0,stable
99,5,83.7,16.7,97.5,0,stable
99,6,82.6,17.0,97.4,0,stable
99,7,82.5,16.9,97.3,0,stable
99,8,81.7,16.7,97.3,0,stable
99,9,80.7,16.5,97.4,0,stable
99,10,81.8,17.2,97.3,0,stable
99,11,82.9,16.7,97.4,0,stable
99,12,82.4,16.9,97.4,0,stable
99,13,82.7,16.6,97.4,0,stable
99,14,82.2,16.6,97.5,0,stable
99,15,82.8,17.1,97.6,0,stable
99,16,83.2,17.1,97.5,0,stable
99,17,82.2,17.2,97.5,0,stable
99,18,83.2,16.9,97.4,0,stable
99,19,83.8,16.6,97.3,0,stable
99,20,82.3,17.1,97.2,0,stable
99,21,82.9,16.9,97.4,0,stable
99,22,82.2,17.5,97.4,0,stable
99,23,82.6,17.6,97.4,0,stable
99,24,82.3,17.3,97.2,0,stable
100,1,86.2,15.5,97.6,0,stable
100,2,86.1,15.6,97.5,0,stable
100,3,85.9,15.8,97.7,0,stable
100,4,86.8,15.6,97.6,0,stable
100,5,87.0,16.0,97.5,0,stable
100,6,85.9,16.1,97.4,0,stable
100,7,85.4,16.3,97.3,0,stable
100,8,85.3,16.2,97.3,0,stable
100,9,86.9,16.3,97.4,0,stable
100,10,86.7,16.4,97.5,0,stable
100,11,86.2,16.5,97.6,0,stable
100,12,85.6,16.5,97.6,0,stable
100,13,85.3,16.1,97.7,0,stable
100,14,85.6,16.2,97.5,0,stable
100,15,85.2,16.0,97.5,0,stable
100,16,85.2,15.7,97.5,0,stable
100,17,86.5,15.7,97.7,0,stable
100,18,85.9,16.1,97.6,0,stable
100,19,87.1,15.9,97.4,0,stable
100,20,87.8,16.2,97.6,0,stable
100,21,85.4,15.8,97.7,0,stable
100,22,84.6,16.3,97.7,0,stable
100,23,85.7,16.0,97.6,0,stable
100,24,85.3,15.8,97.5,0,stable
101,1,80.3,16.6,96.5,0,stable
101,2,79.9,16.2,96.5,0,stable
101,3,81.0,16.0,96.4,0,stable
101,4,81.9,16.4,96.6,0,stable
101,5,81.7,16.6,96.7,0,stable
101,6,82.1,16.5,96.8,0,stable
101,7,80.8,16.8,96.7,0,stable
101,8,81.0,16.8,96.6,0,stable
101,9,80.5,16.9,96.6,0,stable
101,10,81.1,16.6,96.5,0,stable
101,11,81.6,16.1,96.5,0,stable
101,12,82.4,16.1,96.6,0,stable
101,13,82.5,16.6,96.7,0,stable
101,14,82.3,17.0,97.0,0,stable
101,15,82.1,17.4,97.0,0,stable
101,16,81.7,17.5,96.8,0,stable
101,17,81.6,17.0,96.9,0,stable
101,18,82.3,16.9,97.0,0,stable
101,19,83.7,17.1,97.0,0,stable
101,20,82.3,16.6,96.8,0,stable
101,21,82.1,16.6,97.2,0,stable
101,22,81.3,16.5,97.1,0,stable
101,23,80.1,16.3,96.8,0,stable
101,24,80.6,16.2,96.9,0,stable
102,1,76.9,17.0,96.5,0,stable
102,2,77.7,17.0,96.5,0,stable
102,3,78.9,16.9,96.5,0,stable
102,4,79.7,16.5,96.3,0,stable
102,5,80.8,16.2,96.6,0,stable
102,6,81.4,16.2,96.5,0,stable
102,7,80.8,16.1,96.3,0,stable
102,8,81.7,16.3,96.4,0,stable
102,9,80.3,15.9,96.6,0,stable
102,10,81.2,16.1,96.3,0,stable
102,11,79.9,16.2,96.1,0,stable
102,12,80.0,16.3,96.5,0,stable
102,13,80.9,15.9,96.3,0,stable
102,14,80.2,15.4,96.5,0,stable
102,15,80.6,16.1,96.4,0,stable
102,16,80.3,16.3,96.3,0,stable
102,17,80.1,16.6,96.2,0,stable
102,18,81.0,16.7,96.4,0,stable
102,19,80.9,16.4,96.2,0,stable
102,20,80.8,16.7,96.1,0,stable
102,21,81.1,16.2,96.3,0,stable
102,22,81.2,16.1,96.0,0,stable
102,23,81.5,16.5,96.2,0,stable
102,24,81.2,16.4,96.2,0,stable
103,1,76.9,15.0,98.0,0,stable
103,2,76.6,14.7,97.9,0,stable
103,3,75.8,14.8,97.8,0,stable
103,4,75.9,14.6,97.9,0,stable
103,5,77.5,14.5,97.9,0,stable
103,6,77.8,14.9,98.1,0,stable
103,7,77.6,14.9,98.1,0,stable
103,8,78.5,15.3,98.1,0,stable
103,9,78.0,15.2,98.1,0,stable
103,10,77.2,15.1,97.9,0,stable
103,11,77.3,14.4,97.7,0,stable
103,12,77.1,14.2,97.8,0,stable
103,13,78.6,14.6,97.8,0,stable
103,14,77.3,15.0,97.5,0,stable
103,15,77.2,15.1,97.5,0,stable
103,16,77.2,14.7,97.5,0,stable
103,17,76.0,14.8,97.6,0,stable
103,18,77.0,15.1,97.4,0,stable
103,19,76.6,14.5,97.4,0,stable
103,20,76.8,14.4,97.4,0,stable
103,21,76.8,14.8,97.5,0,stable
103,22,76.3,14.8,97.4,0,stable
103,23,76.7,14.8,97.7,0,stable
103,24,76.3,14.5,97.6,0,stable
104,1,76.7,17.8,97.8,0,stable
104,2,75.4,17.3,97.7,0,stable
104,3,75.5,16.9,97.7,0,stable
104,4,74.1,17.2,97.7,0,stable
104,5,74.0,17.4,97.8,0,stable
104,6,75.5,17.7,97.8,0,stable
104,7,75.6,17.3,98.0,0,stable
104,8,74.9,17.0,98.0,0,stable
104,9,75.2,17.1,97.9,0,stable
104,10,74.3,16.6,98.0,0,stable
104,11,73.6,16.7,98.0,0,stable
104,12,73.9,16.7,98.0,0,stable
104,13,75.1,16.8,98.1,0,stable
104,14,74.4,16.9,98.2,0,stable
104,15,73.1,16.8,97.9,0,stable
104,16,72.7,16.7,97.8,0,stable
104,17,72.6,17.1,97.8,0,stable
104,18,73.0,17.2,97.9,0,stable
104,19,72.8,17.1,97.8,0,stable
104,20,74.1,16.8,97.8,0,stable
104,21,73.8,16.6,97.9,0,stable
104,22,74.3,16.7,97.6,0,stable
104,23,74.0,16.6,97.6,0,stable
104,24,74.3,17.2,97.9,0,stable
105,1,66.6,16.3,97.4,0,stable
105,2,67.1,16.3,97.3,0,stable
105,3,65.0,16.3,97.2,0,stable
105,4,66.4,16.3,97.3,0,stable
105,5,66.4,16.3,97.2,0,stable
105,6,66.6,16.2,97.3,0,stable
105,7,67.2,16.3,97.4,0,stable
105,8,68.5,16.5,97.3,0,stable
105,9,69.2,16.5,97.1,0,stable
105,10,69.3,16.7,97.1,0,stable
105,11,68.4,16.4,97.2,0,stable
105,12,68.1,16.3,97.0,0,stable
105,13,67.0,16.2,97.2,0,stable
105,14,67.5,15.6,97.2,0,stable
105,15,67.2,15.8,97.3,0,stable
105,16,66.1,15.5,97.2,0,stable
105,17,66.6,16.0,97.0,0,stable
105,18,66.6,16.1,97.1,0,stable
105,19,67.4,16.4,97.1,0,stable
105,20,67.3,16.5,97.1,0,stable
105,21,67.3,16.6,97.2,0,stable
105,22,66.9,16.7,97.2,0,stable
105,23,68.0,16.8,97.4,0,stable
105,24,68.6,16.7,97.4,0,stable
106,1,74.5,14.2,96.2,0,stable
106,2,74.9,14.3,96.3,0,stable
106,3,75.6,14.9,96.3,0,stable
106,4,75.8,15.0,96.3,0,stable
106,5,76.2,14.8,96.5,0,stable
106,6,74.8,14.9,96.3,0,stable
106,7,75.1,14.8,96.3,0,stable
106,8,75.7,14.3,96.5,0,stable
106,9,74.2,14.1,96.5,0,stable
106,10,74.1,14.2,96.4,0,stable
106,11,75.0,14.5,96.2,0,stable
106,12,75.5,15.0,96.5,0,stable
106,13,75.6,14.9,96.3,0,stable
106,14,75.5,15.1,96.2,0,stable
106,15,75.2,14.8,96.3,0,stable
106,16,75.2,14.6,96.2,0,stable
106,17,74.9,14.5,96.1,0,stable
106,18,73.8,14.8,96.3,0,stable
106,19,73.9,15.2,96.3,0,stable
106,20,74.0,15.0,96.2,0,stable
106,21,73.8,14.9,96.3,0,stable
106,22,73.2,14.9,96.3,0,stable
106,23,73.7,15.2,96.4,0,stable
106,24,73.9,15.1,96.6,0,stable
107,1,79.8,19.0,98.7,0,stable
107,2,79.1,19.0,98.4,0,stable
107,3,78.6,18.6,98.3,0,stable
107,4,78.9,18.2,98.3,0,stable
107,5,77.5,18.7,98.4,0,stable
107,6,77.6,18.7,98.6,0,stable
107,7,76.8,18.9,98.6,0,stable
107,8,76.6,18.8,98.5,0,stable
107,9,77.6,18.7,98.5,0,stable
107,10,77.0,18.5,98.6,0,stable
107,11,78.0,18.2,98.5,0,stable
107,12,77.7,18.6,98.5,0,stable
107,13,76.9,18.9,98.4,0,stable
107,14,79.6,18.9,98.5,0,stable
107,15,79.8,18.8,98.3,0,stable
107,16,78.3,18.9,98.4,0,stable
107,17,77.9,19.0,98.4,0,stable
107,18,78.9,18.9,98.4,0,stable
107,19,78.7,18.9,98.2,0,stable
107,20,78.5,18.9,98.1,0,stable
107,21,78.8,18.7,98.0,0,stable
107,22,78.7,18.7,98.0,0,stable
107,23,80.4,18.8,98.2,0,stable
107,24,79.2,18.5,98.4,0,stable
108,1,66.1,16.3,97.5,0,stable
108,2,68.8,16.1,97.7,0,stable
108,3,69.7,16.2,97.6,0,stable
108,4,71.0,16.8,97.7,0,stable
108,5,72.1,16.5,97.8,0,stable
108,6,72.1,16.6,97.5,0,stable
108,7,73.2,16.8,97.5,0,stable
108,8,73.2,17.0,97.4,0,stable
108,9,71.9,16.7,97.4,0,stable
108,10,71.6,16.5,97.3,0,stable
108,11,70.6,16.5,97.3,0,stable
108,12,71.2,16.4,97.2,0,stable
108,13,71.0,16.0,97.5,0,stable
108,14,71.1,16.4,97.6,0,stable
108,15,71.0,17.1,97.6,0,stable
108,16,70.8,17.0,97.8,0,stable
108,17,71.8,17.2,97.7,0,stable
108,18,71.0,17.3,97.7,0,stable
108,19,70.8,16.7,97.7,0,stable
108,20,70.8,17.1,97.8,0,stable
108,21,71.7,17.0,97.5,0,stable
108,22,72.8,16.9,97.5,0,stable
108,23,73.1,16.6,97.6,0,stable
108,24,71.9,16.5,97.8,0,stable
109,1,77.1,15.3,98.3,0,stable
109,2,76.7,15.2,98.3,0,stable
109,3,75.0,14.8,98.3,0,stable
109,4,75.3,14.6,98.0,0,stable
109,5,76.7,14.7,98.0,0,stable
109,6,76.4,14.5,98.2,0,stable
109,7,77.5,14.4,98.0,0,stable
109,8,77.7,14.5,98.0,0,stable
109,9,77.0,14.5,98.0,0,stable
109,10,76.9,14.3,97.9,0,stable
109,11,76.6,14.4,98.0,0,stable
109,12,76.6,14.5,97.7,0,stable
109,13,76.9,14.9,98.1,0,stable
109,14,75.9,14.8,98.1,0,stable
109,15,77.0,14.4,98.2,0,stable
109,16,77.2,13.9,98.1,0,stable
109,17,75.8,14.1,98.2,0,stable
109,18,76.6,14.4,98.3,0,stable
109,19,76.1,14.7,98.1,0,stable
109,20,76.7,14.2,98.0,0,stable
109,21,76.5,14.4,98.0,0,stable
109,22,75.9,14.6,98.0,0,stable
109,23,75.7,14.4,97.9,0,stable
109,24,75.3,14.6,97.8,0,stable
110,1,82.3,10.4,98.2,0,stable
110,2,81.7,10.4,98.4,0,stable
110,3,81.9,9.7,98.3,0,stable
110,4,80.4,10.0,98.3,0,stable
110,5,79.9,10.1,98.4,0,stable
110,6,79.8,10.3,98.3,0,stable
110,7,78.8,10.6,98.3,0,stable
110,8,78.9,10.7,98.4,0,stable
110,9,78.2,11.1,98.5,0,stable
110,10,79.2,10.9,98.5,0,stable
110,11,80.1,10.6,98.6,0,stable
110,12,79.2,10.7,98.6,0,stable
110,13,79.2,10.6,98.5,0,stable
110,14,78.0,10.5,98.6,0,stable
110,15,77.2,10.1,98.5,0,stable
110,16,78.7,10.1,98.2,0,stable
110,17,79.5,9.5,98.2,0,stable
110,18,79.4,9.6,98.1,0,stable
110,19,78.7,10.3,98.2,0,stable
110,20,78.2,10.3,98.3,0,stable
110,21,79.5,10.2,98.6,0,stable
110,22,79.5,10.5,98.5,0,stable
110,23,79.7,10.6,98.3,0,stable
110,24,79.1,10.5,98.4,0,stable
111,1,79.0,13.8,97.4,0,stable
111,2,78.3,14.4,97.4,0,stable
111,3,79.6,15.0,97.5,0,stable
111,4,80.1,15.0,97.5,0,stable
111,5,79.7,15.2,97.6,0,stable
111,6,79.6,15.5,97.5,0,stable
111,7,80.0,15.3,97.4,0,stable
111,8,79.4,16.1,97.3,0,stable
111,9,79.2,15.9,97.4,0,stable
111,10,78.2,15.4,97.4,0,stable
111,11,79.0,15.7,97.6,0,stable
111,12,77.6,15.7,97.5,0,stable
111,13,77.8,15.7,97.5,0,stable
111,14,77.4,16.2,97.3,0,stable
111,15,76.7,16.2,97.4,0,stable
111,16,76.9,15.9,97.4,0,stable
111,17,78.3,15.7,97.6,0,stable
111,18,78.8,15.8,97.5,0,stable
111,19,78.0,16.3,97.4,0,stable
111,20,78.8,16.2,97.3,0,stable
111,21,79.3,16.0,97.1,0,stable
111,22,79.8,16.1,97.1,0,stable
111,23,78.8,16.3,97.1,0,stable
111,24,78.2,16.2,97.2,0,stable
112,1,76.9,16.5,96.6,0,stable
112,2,77.3,16.5,96.6,0,stable
112,3,76.9,16.4,96.8,0,stable
112,4,79.0,16.5,96.7,0,stable
112,5,79.6,16.1,96.7,0,stable
112,6,79.9,16.0,96.7,0,stable
112,7,78.4,16.1,96.7,0,stable
112,8,77.9,15.7,96.8,0,stable
112,9,77.6,15.6,96.9,0,stable
112,10,77.0,16.2,96.9,0,stable
112,11,78.1,16.1,96.9,0,stable
112,12,77.9,16.2,96.9,0,stable
112,13,80.5,16.6,96.8,0,stable
112,14,81.3,16.7,96.8,0,stable
112,15,80.6,17.0,96.7,0,stable
112,16,79.2,16.9,96.7,0,stable
112,17,79.2,16.4,96.6,0,stable
112,18,79.0,16.6,96.9,0,stable
112,19,77.9,16.8,96.6,0,stable
112,20,78.7,16.8,96.6,0,stable
112,21,79.3,16.7,96.6,0,stable
112,22,79.9,16.4,96.4,0,stable
112,23,79.2,16.7,96.5,0,stable
112,24,80.2,16.5,96.5,0,stable
113,1,72.8,16.7,96.5,0,stable
113,2,71.4,16.7,96.6,0,stable
113,3,72.1,16.4,96.9,0,stable
113,4,72.2,16.1,96.8,0,stable
113,5,72.0,16.0,96.7,0,stable
113,6,71.5,16.1,97.2,0,stable
113,7,72.5,16.0,96.9,0,stable
113,8,73.2,16.1,97.0,0,stable
113,9,71.3,16.1,96.8,0,stable
113,10,71.4,16.0,96.8,0,stable
113,11,70.2,16.1,96.8,0,stable
113,12,70.5,16.4,97.0,0,stable
113,13,71.2,16.6,97.0,0,stable
113,14,69.8,16.5,96.8,0,stable
113,15,69.7,16.3,96.9,0,stable
113,16,70.5,16.2,97.0,0,stable
113,17,70.2,15.8,97.2,0,stable
113,18,68.2,15.5,97.2,0,stable
113,19,68.4,15.6,97.0,0,stable
113,20,68.7,15.4,97.1,0,stable
113,21,69.8,15.7,96.8,0,stable
113,22,71.2,16.0,96.9,0,stable
113,23,70.4,16.1,97.0,0,stable
113,24,70.3,15.8,97.1,0,stable
114,1,80.2,15.0,97.4,0,stable
114,2,80.2,15.0,97.3,0,stable
114,3,79.9,15.3,97.5,0,stable
114,4,80.7,15.0,97.4,0,stable
114,5,79.8,15.5,97.5,0,stable
114,6,80.6,15.1,97.5,0,stable
114,7,79.8,14.9,97.3,0,stable
114,8,79.7,14.6,97.6,0,stable
114,9,78.5,14.9,97.5,0,stable
114,10,78.9,15.3,97.4,0,stable
114,11,81.0,15.3,97.0,0,stable
114,12,80.3,15.2,96.7,0,stable
114,13,79.5,15.1,97.0,0,stable
114,14,79.2,14.6,97.0,0,stable
114,15,79.1,14.3,97.0,0,stable
114,16,79.5,14.7,97.1,0,stable
114,17,78.7,14.8,97.1,0,stable
114,18,79.1,14.5,97.1,0,stable
114,19,79.3,14.5,97.2,0,stable
114,20,80.3,14.7,97.3,0,stable
114,21,79.1,15.0,97.3,0,stable
114,22,78.6,15.2,97.5,0,stable
114,23,78.9,15.1,97.5,0,stable
114,24,78.7,14.6,97.4,0,stable
115,1,84.5,14.4,96.7,0,stable
115,2,85.7,14.0,96.8,0,stable
115,3,85.7,14.1,97.0,0,stable
115,4,86.7,14.4,96.8,0,stable
115,5,84.8,14.7,97.0,0,stable
115,6,84.1,14.6,97.0,0,stable
115,7,85.8,15.0,96.9,0,stable
115,8,84.8,14.9,96.8,0,stable
115,9,87.2,14.7,96.6,0,stable
115,10,86.8,14.3,96.7,0,stable
115,11,85.9,14.6,96.8,0,stable
115,12,85.3,14.4,96.9,0,stable
115,13,86.9,14.9,96.6,0,stable
115,14,87.2,15.6,96.6,0,stable
115,15,87.4,15.3,96.7,0,stable
115,16,87.7,15.3,96.8,0,stable
115,17,86.2,14.6,96.8,0,stable
115,18,86.7,14.6,96.7,0,stable
115,19,85.6,14.5,96.9,0,stable
115,20,86.5,14.0,97.1,0,stable
115,21,86.4,14.8,97.0,0,stable
115,22,85.6,14.7,96.9,0,stable
115,23,84.6,14.7,96.9,0,stable
115,24,86.3,14.5,97.0,0,stable
116,1,82.7,18.0,98.2,0,stable
116,2,82.3,18.5,98.4,0,stable
116,3,81.0,18.5,98.2,0,stable
116,4,80.8,18.1,98.1,0,stable
116,5,80.6,18.4,98.2,0,stable
116,6,81.7,18.9,98.4,0,stable
116,7,82.3,18.9,98.4,0,stable
116,8,82.1,19.0,98.4,0,stable
116,9,80.6,18.7,98.1,0,stable
116,10,80.3,18.8,98.2,0,stable
116,11,80.3,19.2,98.1,0,stable
116,12,82.7,19.6,98.1,0,stable
116,13,81.0,19.3,97.8,0,stable
116,14,79.4,19.1,98.0,0,stable
116,15,79.7,19.0,98.2,0,stable
116,16,80.9,18.8,98.3,0,stable
116,17,80.7,18.3,98.3,0,stable
116,18,81.2,18.5,98.3,0,stable
116,19,81.7,18.6,98.2,0,stable
116,20,83.6,18.8,98.2,0,stable
116,21,83.3,18.5,98.0,0,stable
116,22,82.3,18.4,98.2,0,stable
116,23,82.8,18.5,98.3,0,stable
116,24,82.2,19.2,98.4,0,stable
117,1,83.8,16.5,97.7,0,stable
117,2,84.7,16.4,97.4,0,stable
117,3,85.3,15.7,97.3,0,stable
117,4,85.0,15.7,97.2,0,stable
117,5,86.0,15.3,97.2,0,stable
117,6,86.5,15.0,97.0,0,stable
117,7,86.0,15.3,97.1,0,stable
117,8,88.0,15.2,96.9,0,stable
117,9,88.4,15.0,96.9,0,stable
117,10,86.9,14.9,97.3,0,stable
117,11,86.9,14.8,97.2,0,stable
117,12,86.9,15.4,97.0,0,stable
117,13,87.0,15.0,97.0,0,stable
117,14,87.4,15.5,97.0,0,stable
117,15,86.9,15.3,97.1,0,stable
117,16,86.2,15.4,97.2,0,stable
117,17,85.6,15.8,97.1,0,stable
117,18,85.4,15.7,97.2,0,stable
117,19,83.8,15.8,97.3,0,stable
117,20,85.2,15.5,97.2,0,stable
117,21,84.6,16.2,97.1,0,stable
117,22,86.3,16.0,97.2,0,stable
117,23,86.4,15.6,97.0,0,stable
117,24,87.1,15.0,97.1,0,stable
118,1,80.2,13.1,95.7,0,stable
118,2,79.0,12.7,95.8,0,stable
118,3,79.8,12.3,96.1,0,stable
118,4,81.3,12.1,96.3,0,stable
118,5,79.3,12.7,96.3,0,stable
118,6,79.0,12.2,96.4,0,stable
118,7,79.3,12.1,96.5,0,stable
118,8,79.7,12.2,96.5,0,stable
118,9,79.2,12.2,96.4,0,stable
118,10,79.1,12.4,96.4,0,stable
118,11,78.8,12.5,96.3,0,stable
118,12,78.0,12.5,96.5,0,stable
118,13,78.9,12.3,96.5,0,stable
118,14,78.6,12.0,96.6,0,stable
118,15,79.7,12.2,96.7,0,stable
118,16,78.9,12.0,96.7,0,stable
118,17,79.2,12.0,96.5,0,stable
118,18,77.8,12.3,96.6,0,stable
118,19,78.3,12.5,96.6,0,stable
118,20,79.9,12.4,96.6,0,stable
118,21,80.9,12.2,96.6,0,stable
118,22,79.8,12.0,96.5,0,stable
118,23,80.1,12.1,96.5,0,stable
118,24,79.9,11.9,96.4,0,stable
119,1,75.2,14.0,97.3,0,stable
119,2,75.4,13.4,97.2,0,stable
119,3,76.3,13.7,97.1,0,stable
119,4,75.1,13.7,97.2,0,stable
119,5,76.0,13.6,97.1,0,stable
119,6,74.6,13.8,97.3,0,stable
119,7,76.2,13.8,97.3,0,stable
119,8,77.0,14.0,97.0,0,stable
119,9,77.0,13.7,96.9,0,stable
119,10,76.2,13.5,96.9,0,stable
119,11,76.6,13.5,97.0,0,stable
119,12,77.5,13.5,96.9,0,stable
119,13,77.1,13.7,96.8,0,stable
119,14,77.4,13.3,96.7,0,stable
119,15,77.0,13.3,96.8,0,stable
119,16,76.2,13.1,96.8,0,stable
119,17,74.9,13.6,96.7,0,stable
119,18,75.0,13.6,96.9,0,stable
119,19,75.5,13.2,96.7,0,stable
119,20,76.1,13.1,96.6,0,stable
119,21,75.6,13.3,96.7,0,stable
119,22,76.5,13.4,96.8,0,stable
119,23,76.6,13.6,96.8,0,stable
119,24,76.2,13.6,97.0,0,stable
120,1,69.3,15.8,98.1,0,stable
120,2,72.2,15.8,98.0,0,stable
120,3,71.1,15.7,97.8,0,stable
120,4,71.0,15.9,97.7,0,stable
120,5,72.5,15.8,97.7,0,stable
120,6,71.6,15.7,97.6,0,stable
120,7,74.1,16.1,97.7,0,stable
120,8,73.8,16.0,97.8,0,stable
120,9,74.2,15.9,97.7,0,stable
120,10,73.7,15.7,97.5,0,stable
120,11,73.3,15.7,97.5,0,stable
120,12,72.5,15.9,97.6,0,stable
120,13,72.1,16.1,97.6,0,stable
120,14,73.5,16.0,97.6,0,stable
120,15,73.0,16.1,97.7,0,stable
120,16,72.2,16.0,97.5,0,stable
120,17,72.3,16.4,97.6,0,stable
120,18,71.8,16.2,97.5,0,stable
120,19,72.0,16.5,97.3,0,stable
120,20,73.1,16.7,97.4,0,stable
120,21,73.6,16.5,97.4,0,stable
120,22,73.4,16.2,97.2,0,stable
120,23,73.1,16.1,97.1,0,stable
120,24,74.0,16.0,97.4,0,stable
121,1,77.9,19.4,98.2,0,stable
121,2,78.8,18.8,98.1,0,stable
121,3,77.3,18.8,98.1,0,stable
121,4,76.1,18.7,98.2,0,stable
121,5,76.2,18.8,98.1,0,stable
121,6,74.7,19.2,98.0,0,stable
121,7,76.3,19.0,98.2,0,stable
121,8,75.7,18.6,98.0,0,stable
121,9,75.9,19.1,97.9,0,stable
121,10,76.5,18.7,97.9,0,stable
121,11,76.9,18.8,97.9,0,stable
121,12,76.7,19.2,97.8,0,stable
121,13,76.8,18.9,97.8,0,stable
121,14,78.9,18.2,97.7,0,stable
121,15,78.0,18.8,97.8,0,stable
121,16,77.8,19.1,97.8,0,stable
121,17,78.7,19.3,97.8,0,stable
121,18,78.7,19.3,97.8,0,stable
121,19,78.9,19.2,97.8,0,stable
121,20,78.2,19.3,97.9,0,stable
121,21,77.5,19.4,97.9,0,stable
121,22,76.8,19.0,98.1,0,stable
121,23,76.5,19.1,97.9,0,stable
121,24,77.0,18.6,97.7,0,stable
122,1,71.5,14.3,97.0,0,stable
122,2,70.3,14.6,97.4,0,stable
122,3,68.6,14.7,97.5,0,stable
122,4,69.1,14.8,97.2,0,stable
122,5,69.3,15.0,97.3,0,stable
122,6,68.8,14.6,97.4,0,stable
122,7,68.6,14.9,97.5,0,stable
122,8,67.8,14.6,97.5,0,stable
122,9,68.3,14.7,97.5,0,stable
122,10,68.7,14.9,97.5,0,stable
122,11,68.4,15.0,97.6,0,stable
122,12,68.2,14.7,97.5,0,stable
122,13,69.0,14.7,97.4,0,stable
122,14,68.6,14.5,97.5,0,stable
122,15,68.2,14.7,97.4,0,stable
122,16,68.2,14.7,97.6,0,stable
122,17,67.9,14.6,97.7,0,stable
122,18,67.6,14.4,97.7,0,stable
122,19,69.3,14.6,97.7,0,stable
122,20,69.2,14.3,97.6,0,stable
122,21,69.2,14.7,97.7,0,stable
122,22,68.2,14.8,97.7,0,stable
122,23,68.7,14.7,97.6,0,stable
122,24,68.4,14.5,97.5,0,stable
123,1,83.0,18.1,96.9,0,stable
123,2,82.4,17.9,96.9,0,stable
123,3,82.4,18.1,96.9,0,stable
123,4,83.7,17.4,96.7,0,stable
123,5,82.5,17.3,96.6,0,stable
123,6,82.9,17.3,96.8,0,stable
123,7,83.3,17.0,97.1,0,stable
123,8,84.2,17.2,97.2,0,stable
123,9,83.7,17.2,97.0,0,stable
123,10,84.2,17.4,97.0,0,stable
123,11,82.3,17.6,97.1,0,stable
123,12,81.7,17.1,97.0,0,stable
123,13,82.0,17.2,96.9,0,stable
123,14,81.7,17.4,97.0,0,stable
123,15,82.1,17.6,96.9,0,stable
123,16,82.0,18.0,97.1,0,stable
123,17,83.6,17.9,96.9,0,stable
123,18,84.1,18.1,96.9,0,stable
123,19,83.2,17.8,96.7,0,stable
123,20,82.7,18.0,96.9,0,stable
123,21,85.1,17.8,96.8,0,stable
123,22,85.2,18.0,96.8,0,stable
123,23,85.4,17.6,97.0,0,stable
123,24,84.9,17.4,96.9,0,stable
124,1,75.4,14.6,98.6,0,stable
124,2,75.4,14.0,98.9,0,stable
124,3,75.4,14.0,98.8,0,stable
124,4,74.1,13.8,98.8,0,stable
124,5,74.1,14.2,98.8,0,stable
124,6,74.6,14.4,98.7,0,stable
124,7,74.0,14.9,98.9,0,stable
124,8,75.1,14.5,99.0,0,stable
124,9,75.6,14.6,99.0,0,stable
124,10,75.2,14.6,98.8,0,stable
124,11,74.3,14.6,99.0,0,stable
124,12,73.8,14.3,98.8,0,stable
124,13,73.2,14.5,99.2,0,stable
124,14,71.7,14.9,99.2,0,stable
124,15,71.2,15.0,98.9,0,stable
124,16,72.0,14.5,98.8,0,stable
124,17,71.4,14.5,98.9,0,stable
124,18,71.4,14.5,98.9,0,stable
124,19,71.6,14.6,98.9,0,stable
124,20,72.0,14.6,98.9,0,stable
124,21,73.4,14.6,99.0,0,stable
124,22,74.7,14.6,99.1,0,stable
124,23,75.0,14.3,98.9,0,stable
124,24,73.7,14.7,98.8,0,stable
125,1,77.3,13.2,97.6,0,stable
125,2,78.0,13.6,97.3,0,stable
125,3,78.2,13.9,97.3,0,stable
125,4,77.6,14.1,97.2,0,stable
125,5,77.5,14.0,97.6,0,stable
125,6,77.4,14.5,97.7,0,stable
125,7,77.3,14.1,97.6,0,stable
125,8,78.1,14.5,97.5,0,stable
125,9,78.7,14.4,97.3,0,stable
125,10,79.3,14.5,97.3,0,stable
125,11,79.3,14.7,97.2,0,stable
125,12,78.8,14.4,97.3,0,stable
125,13,78.6,14.7,97.5,0,stable
125,14,78.7,14.8,97.5,0,stable
125,15,79.1,14.6,97.3,0,stable
125,16,77.7,14.5,97.4,0,stable
125,17,78.5,14.5,97.4,0,stable
125,18,77.6,14.5,97.5,0,stable
125,19,78.1,14.6,97.5,0,stable
125,20,77.2,14.9,97.5,0,stable
125,21,78.3,14.6,97.3,0,stable
125,22,77.9,14.9,97.2,0,stable
125,23,78.2,14.6,97.4,0,stable
125,24,79.2,14.7,97.6,0,stable
126,1,78.2,17.0,97.3,0,stable
126,2,77.5,16.7,97.3,0,stable
126,3,76.5,16.6,97.0,0,stable
126,4,76.4,16.4,97.1,0,stable
126,5,75.2,16.0,97.2,0,stable
126,6,75.5,16.2,97.0,0,stable
126,7,77.8,15.9,97.0,0,stable
126,8,77.5,15.7,97.2,0,stable
126,9,76.6,15.6,97.2,0,stable
126,10,77.6,15.8,97.2,0,stable
126,11,79.0,15.7,97.2,0,stable
126,12,79.2,15.9,97.3,0,stable
126,13,78.6,16.1,97.1,0,stable
126,14,78.5,16.0,97.2,0,stable
126,15,79.5,16.1,97.1,0,stable
126,16,78.4,16.1,97.2,0,stable
126,17,77.5,16.2,97.2,0,stable
126,18,77.3,16.1,97.1,0,stable
126,19,76.9,16.2,97.1,0,stable
126,20,77.4,16.1,97.0,0,stable
126,21,77.8,16.0,97.1,0,stable
126,22,77.6,15.9,97.4,0,stable
126,23,77.8,15.8,97.2,0,stable
126,24,77.6,15.5,97.6,0,stable
127,1,83.6,19.3,98.5,0,stable
127,2,83.0,19.0,98.6,0,stable
127,3,83.1,18.7,98.9,0,stable
127,4,81.2,18.7,98.9,0,stable
127,5,80.8,18.7,99.2,0,stable
127,6,82.3,18.8,99.1,0,stable
127,7,83.0,18.9,99.0,0,stable
127,8,82.7,18.9,98.8,0,stable
127,9,83.1,18.9,98.8,0,stable
127,10,83.1,18.8,98.9,0,stable
127,11,83.0,18.4,98.8,0,stable
127,12,83.8,18.4,98.8,0,stable
127,13,83.5,18.2,98.8,0,stable
127,14,82.1,18.3,98.9,0,stable
127,15,81.8,18.1,99.0,0,stable
127,16,82.3,18.2,99.0,0,stable
127,17,82.5,18.3,99.0,0,stable
127,18,83.8,18.0,99.1,0,stable
127,19,82.9,18.0,99.2,0,stable
127,20,82.1,18.2,99.0,0,stable
127,21,82.5,18.2,99.0,0,stable
127,22,82.7,18.1,99.1,0,stable
127,23,83.9,18.3,99.0,0,stable
127,24,84.0,18.2,99.2,0,stable
128,1,74.4,14.5,97.2,0,stable
128,2,73.8,14.7,97.2,0,stable
128,3,73.7,14.7,96.9,0,stable
128,4,73.1,15.2,96.8,0,stable
128,5,73.3,15.0,96.9,0,stable
128,6,71.8,14.8,96.7,0,stable
128,7,73.4,15.0,96.8,0,stable
128,8,72.9,14.8,96.7,0,stable
128,9,72.2,15.0,96.6,0,stable
128,10,72.1,15.3,96.8,0,stable
128,11,72.3,15.2,96.8,0,stable
128,12,72.7,15.0,96.8,0,stable
128,13,73.4,14.9,96.8,0,stable
128,14,72.9,15.1,96.9,0,stable
128,15,72.9,15.1,96.9,0,stable
128,16,73.9,14.5,96.8,0,stable
128,17,74.2,14.1,97.0,0,stable
128,18,74.0,14.3,97.0,0,stable
128,19,73.1,14.6,97.1,0,stable
128,20,74.5,14.6,97.0,0,stable
128,21,73.0,14.7,97.1,0,stable
128,22,73.1,14.7,97.2,0,stable
128,23,71.6,14.8,97.0,0,stable
128,24,73.0,14.9,97.1,0,stable
129,1,76.2,16.5,96.9,0,stable
129,2,76.8,16.6,97.1,0,stable
129,3,77.3,16.6,97.2,0,stable
129,4,77.3,16.1,97.1,0,stable
129,5,77.5,16.5,97.2,0,stable
129,6,78.1,16.5,97.2,0,stable
129,7,78.6,16.7,97.4,0,stable
129,8,77.2,16.9,97.5,0,stable
129,9,78.7,16.8,97.5,0,stable
129,10,77.6,16.6,97.5,0,stable
129,11,78.4,16.7,97.4,0,stable
129,12,79.1,16.7,97.4,0,stable
129,13,78.6,16.4,97.3,0,stable
129,14,78.1,16.7,97.2,0,stable
129,15,78.4,16.9,97.3,0,stable
129,16,77.2,17.0,97.3,0,stable
129,17,77.2,17.2,97.4,0,stable
129,18,76.7,17.2,97.5,0,stable
129,19,76.7,16.7,97.6,0,stable
129,20,78.2,16.5,97.6,0,stable
129,21,78.4,16.5,97.6,0,stable
129,22,78.4,16.3,97.5,0,stable
129,23,79.3,15.9,97.2,0,stable
129,24,78.9,15.9,97.3,0,stable
130,1,84.6,14.9,97.1,0,stable
130,2,84.7,15.4,97.1,0,stable
130,3,84.9,15.3,97.3,0,stable
130,4,85.2,15.5,97.2,0,stable
130,5,84.3,15.3,97.3,0,stable
130,6,82.8,15.7,97.1,0,stable
130,7,81.7,16.2,97.1,0,stable
130,8,80.8,16.1,97.1,0,stable
130,9,81.6,16.4,97.1,0,stable
130,10,80.4,16.3,97.0,0,stable
130,11,81.2,15.9,96.9,0,stable
130,12,80.7,15.7,97.1,0,stable
130,13,81.6,15.1,96.9,0,stable
130,14,81.4,15.7,96.9,0,stable
130,15,81.8,15.7,96.8,0,stable
130,16,82.3,15.9,97.0,0,stable
130,17,82.6,15.8,97.0,0,stable
130,18,80.7,15.9,96.9,0,stable
130,19,81.5,15.4,97.1,0,stable
130,20,81.0,15.1,97.2,0,stable
130,21,80.0,15.0,97.2,0,stable
130,22,80.1,14.9,97.3,0,stable
130,23,79.3,14.9,97.2,0,stable
130,24,80.6,15.5,97.1,0,stable
131,1,83.9,14.9,97.7,0,stable
131,2,82.9,14.8,97.7,0,stable
131,3,81.6,15.0,97.6,0,stable
131,4,80.9,14.8,97.6,0,stable
131,5,81.0,14.6,97.4,0,stable
131,6,81.2,14.5,97.5,0,stable
131,7,80.6,14.8,97.5,0,stable
131,8,80.0,14.6,97.4,0,stable
131,9,81.0,15.2,97.6,0,stable
131,10,80.3,15.0,97.6,0,stable
131,11,81.3,15.0,97.6,0,stable
131,12,80.9,14.7,97.4,0,stable
131,13,80.7,15.2,97.4,0,stable
131,14,80.0,14.8,97.5,0,stable
131,15,81.2,14.9,97.4,0,stable
131,16,81.3,15.4,97.4,0,stable
131,17,80.2,15.3,97.4,0,stable
131,18,80.1,15.4,97.4,0,stable
131,19,79.7,15.1,97.4,0,stable
131,20,79.1,15.0,97.5,0,stable
131,21,79.3,15.0,97.8,0,stable
131,22,80.1,15.0,97.5,0,stable
131,23,81.0,15.0,97.4,0,stable
131,24,81.0,14.9,97.3,0,stable
132,1,76.6,17.3,98.0,0,stable
132,2,74.7,17.0,98.0,0,stable
132,3,74.8,16.8,98.0,0,stable
132,4,74.5,17.1,98.0,0,stable
132,5,73.1,17.0,97.9,0,stable
132,6,72.1,16.9,97.8,0,stable
132,7,72.4,16.8,97.7,0,stable
132,8,72.5,16.9,97.7,0,stable
132,9,71.7,16.7,97.6,0,stable
132,10,71.2,16.6,97.6,0,stable
132,11,72.0,17.1,97.5,0,stable
132,12,71.7,17.2,97.7,0,stable
132,13,71.8,17.3,97.9,0,stable
132,14,72.3,16.6,97.9,0,stable
132,15,73.9,17.1,97.8,0,stable
132,16,73.3,17.2,97.6,0,stable
132,17,74.9,17.2,97.5,0,stable
132,18,75.3,17.4,97.6,0,stable
132,19,75.0,17.6,97.6,0,stable
132,20,75.2,17.5,97.7,0,stable
132,21,74.0,16.8,97.8,0,stable
132,22,73.0,17.0,97.9,0,stable
132,23,72.2,16.8,97.8,0,stable
132,24,73.6,16.5,97.9,0,stable
133,1,72.7,17.2,99.3,0,stable
133,2,72.1,17.1,99.6,0,stable
133,3,71.3,17.5,99.7,0,stable
133,4,71.9,17.4,99.5,0,stable
133,5,71.4,17.4,99.7,0,stable
133,6,70.2,17.6,99.7,0,stable
133,7,69.9,17.4,99.8,0,stable
133,8,70.2,17.0,99.8,0,stable
133,9,71.0,17.0,99.8,0,stable
133,10,71.9,17.1,99.7,0,stable
133,11,70.9,16.8,99.8,0,stable
133,12,70.6,17.0,99.7,0,stable
133,13,70.6,17.2,99.7,0,stable
133,14,71.4,17.0,99.9,0,stable
133,15,70.5,17.1,99.8,0,stable
133,16,71.5,17.0,99.6,0,stable
133,17,72.7,17.1,99.6,0,stable
133,18,71.9,17.1,99.7,0,stable
133,19,71.8,17.4,99.6,0,stable
133,20,72.7,17.3,99.6,0,stable
133,21,72.7,17.5,99.7,0,stable
133,22,72.2,17.7,99.6,0,stable
133,23,72.2,17.4,99.8,0,stable
133,24,73.8,17.3,99.7,0,stable
134,1,79.1,16.1,97.4,0,stable
134,2,80.4,16.7,97.3,0,stable
134,3,80.2,17.7,97.5,0,stable
134,4,80.4,17.7,97.4,0,stable
134,5,79.7,17.6,97.6,0,stable
134,6,79.8,18.0,97.6,0,stable
134,7,78.8,17.7,97.9,0,stable
134,8,78.1,17.8,98.0,0,stable
134,9,78.4,17.5,97.8,0,stable
134,10,76.9,17.5,97.7,0,stable
134,11,78.6,17.5,97.8,0,stable
134,12,81.1,18.4,97.7,0,stable
134,13,79.8,18.6,97.9,0,stable
134,14,80.2,18.1,97.8,0,stable
134,15,79.3,17.9,97.7,0,stable
134,16,78.8,17.8,97.7,0,stable
134,17,79.2,17.9,97.7,0,stable
134,18,78.3,17.7,97.7,0,stable
134,19,79.0,17.9,97.9,0,stable
134,20,79.2,17.7,98.2,0,stable
134,21,77.7,18.1,98.2,0,stable
134,22,76.7,18.3,98.0,0,stable
134,23,78.0,18.0,98.0,0,stable
134,24,79.5,18.3,98.0,0,stable
135,1,80.0,13.7,97.3,0,stable
135,2,78.4,14.3,97.4,0,stable
135,3,77.8,14.8,97.5,0,stable
135,4,78.4,14.7,97.3,0,stable
135,5,79.1,14.7,97.4,0,stable
135,6,79.6,15.2,97.4,0,stable
135,7,80.7,15.2,97.6,0,stable
135,8,80.4,15.1,97.8,0,stable
135,9,81.5,14.9,97.6,0,stable
135,10,81.7,15.2,97.6,0,stable
135,11,81.1,15.0,97.6,0,stable
135,12,79.3,15.2,97.8,0,stable
135,13,79.8,15.4,97.8,0,stable
135,14,79.4,15.7,97.7,0,stable
135,15,80.3,15.4,97.4,0,stable
135,16,80.6,15.2,97.4,0,stable
135,17,79.8,14.8,97.7,0,stable
135,18,79.8,15.0,97.5,0,stable
135,19,78.7,14.7,97.6,0,stable
135,20,78.7,14.8,97.5,0,stable
135,21,77.0,14.7,97.4,0,stable
135,22,78.1,14.7,97.4,0,stable
135,23,78.9,14.7,97.4,0,stable
135,24,78.5,14.4,97.3,0,stable
136,1,80.2,15.0,96.3,0,stable
136,2,79.8,14.9,96.5,0,stable
136,3,80.0,14.7,96.1,0,stable
136,4,79.1,14.7,96.2,0,stable
136,5,79.2,14.6,96.3,0,stable
136,6,79.3,14.7,96.3,0,stable
136,7,79.6,14.4,96.4,0,stable
136,8,81.5,14.5,96.3,0,stable
136,9,81.5,14.4,96.4,0,stable
136,10,80.8,14.4,96.5,0,stable
136,11,79.4,14.3,96.2,0,stable
136,12,78.9,14.2,96.1,0,stable
136,13,79.7,14.3,96.2,0,stable
136,14,79.3,14.3,96.0,0,stable
136,15,80.5,14.3,96.2,0,stable
136,16,81.1,13.8,96.3,0,stable
136,17,80.3,14.2,96.3,0,stable
136,18,79.5,14.5,96.3,0,stable
136,19,80.1,14.6,96.3,0,stable
136,20,80.5,14.4,96.3,0,stable
136,21,80.7,14.1,96.3,0,stable
136,22,81.9,14.3,96.4,0,stable
136,23,82.2,14.0,96.3,0,stable
136,24,83.2,14.3,96.3,0,stable
137,1,72.5,15.0,97.3,0,stable
137,2,71.9,15.3,97.0,0,stable
137,3,71.3,15.6,97.3,0,stable
137,4,71.5,15.7,97.2,0,stable
137,5,72.0,15.9,97.1,0,stable
137,6,72.2,15.6,97.0,0,stable
137,7,72.1,15.5,97.1,0,stable
137,8,72.4,15.1,97.4,0,stable
137,9,72.4,15.2,97.4,0,stable
137,10,72.9,15.9,97.5,0,stable
137,11,72.0,15.8,97.5,0,stable
137,12,72.3,16.5,97.4,0,stable
137,13,73.7,16.2,97.3,0,stable
137,14,73.7,15.9,97.2,0,stable
137,15,73.8,15.9,97.2,0,stable
137,16,71.9,16.0,97.3,0,stable
137,17,72.2,16.1,97.5,0,stable
137,18,71.6,16.2,97.3,0,stable
137,19,70.9,16.1,97.0,0,stable
137,20,70.9,16.1,97.0,0,stable
137,21,72.3,16.1,97.1,0,stable
137,22,73.5,16.0,97.2,0,stable
137,23,73.1,16.5,97.1,0,stable
137,24,72.5,16.4,97.3,0,stable
138,1,82.7,14.4,99.6,0,stable
138,2,82.2,14.2,99.4,0,stable
138,3,82.1,14.5,99.4,0,stable
138,4,82.4,14.4,99.4,0,stable
138,5,82.2,14.8,99.3,0,stable
138,6,81.3,15.2,99.1,0,stable
138,7,82.3,15.1,99.1,0,stable
138,8,82.9,14.8,99.2,0,stable
138,9,82.0,14.5,99.3,0,stable
138,10,83.0,14.4,99.1,0,stable
138,11,83.7,14.4,99.2,0,stable
138,12,82.9,14.3,99.3,0,stable
138,13,81.4,14.0,99.1,0,stable
138,14,80.9,14.3,99.0,0,stable
138,15,82.7,14.4,99.0,0,stable
138,16,83.6,15.3,98.9,0,stable
138,17,83.3,14.9,98.9,0,stable
138,18,82.1,14.4,99.0,0,stable
138,19,82.4,14.4,99.2,0,stable
138,20,81.1,14.7,99.4,0,stable
138,21,82.0,14.6,99.2,0,stable
138,22,83.0,14.5,99.1,0,stable
138,23,82.9,14.4,99.3,0,stable
138,24,83.3,14.4,99.2,0,stable
139,1,76.4,17.8,98.4,0,stable
139,2,77.1,18.0,98.2,0,stable
139,3,76.5,17.8,97.9,0,stable
139,4,76.6,17.8,98.0,0,stable
139,5,76.9,18.0,98.1,0,stable
139,6,77.3,17.8,98.1,0,stable
139,7,77.4,17.9,98.2,0,stable
139,8,76.6,17.7,98.4,0,stable
139,9,76.2,17.8,98.3,0,stable
139,10,76.2,17.7,98.4,0,stable
139,11,76.4,18.0,98.3,0,stable
139,12,76.8,18.1,98.2,0,stable
139,13,77.3,18.0,98.3,0,stable
139,14,75.8,17.8,98.5,0,stable
139,15,76.4,17.8,98.6,0,stable
139,16,76.3,17.8,98.6,0,stable
139,17,76.1,18.0,98.5,0,stable
139,18,76.6,17.7,98.4,0,stable
139,19,76.2,17.8,98.3,0,stable
139,20,75.6,17.7,98.4,0,stable
139,21,75.7,18.1,98.2,0,stable
139,22,76.7,17.5,98.3,0,stable
139,23,75.1,17.3,98.2,0,stable
139,24,77.3,17.7,98.1,0,stable
140,1,68.0,15.5,99.3,0,stable
140,2,70.2,14.9,99.4,0,stable
140,3,70.0,14.9,99.2,0,stable
140,4,69.6,14.4,98.9,0,stable
140,5,70.1,14.6,98.7,0,stable
140,6,70.9,14.2,98.5,0,stable
140,7,72.1,14.5,98.5,0,stable
140,8,72.0,14.3,98.6,0,stable
140,9,73.2,14.6,98.6,0,stable
140,10,71.7,14.8,98.6,0,stable
140,11,70.9,14.8,98.7,0,stable
140,12,70.7,14.6,98.7,0,stable
140,13,71.0,14.5,98.7,0,stable
140,14,71.3,14.4,98.7,0,stable
140,15,71.4,14.5,98.7,0,stable
140,16,71.8,15.2,98.7,0,stable
140,17,70.6,14.9,98.8,0,stable
140,18,70.7,14.6,98.7,0,stable
140,19,70.0,14.1,98.7,0,stable
140,20,69.2,14.5,98.9,0,stable
140,21,70.2,14.3,98.7,0,stable
140,22,71.7,14.4,98.9,0,stable
140,23,71.2,14.4,98.9,0,stable
140,24,70.4,15.0,98.7,0,stable
141,1,73.2,13.3,97.0,0,stable
141,2,73.8,14.0,96.8,0,stable
141,3,75.2,14.7,96.8,0,stable
141,4,76.9,15.2,96.7,0,stable
141,5,76.6,15.7,96.7,0,stable
141,6,75.7,15.6,96.6,0,stable
141,7,75.5,15.6,96.7,0,stable
141,8,76.3,15.8,96.8,0,stable
141,9,75.9,16.1,96.8,0,stable
141,10,75.6,15.5,96.9,0,stable
141,11,75.2,15.6,96.6,0,stable
141,12,75.8,15.9,96.6,0,stable
141,13,77.0,16.2,96.8,0,stable
141,14,77.5,16.0,96.6,0,stable
141,15,76.9,15.5,96.8,0,stable
141,16,77.4,15.3,96.9,0,stable
141,17,77.0,15.3,96.8,0,stable
141,18,74.7,15.3,96.9,0,stable
141,19,75.1,15.3,96.6,0,stable
141,20,75.0,15.2,96.5,0,stable
141,21,75.6,15.2,96.4,0,stable
141,22,75.6,15.4,96.7,0,stable
141,23,74.7,15.5,96.8,0,stable
141,24,75.3,15.6,96.5,0,stable
142,1,81.6,15.5,98.1,0,stable
142,2,83.1,16.2,97.9,0,stable
142,3,84.9,16.3,97.9,0,stable
142,4,84.1,16.5,97.9,0,stable
142,5,85.2,16.7,97.7,0,stable
142,6,86.0,16.6,97.5,0,stable
142,7,85.5,16.7,97.4,0,stable
142,8,85.2,16.9,97.2,0,stable
142,9,85.8,17.1,97.1,0,stable
142,10,86.0,16.9,97.2,0,stable
142,11,85.7,16.8,97.4,0,stable
142,12,85.0,17.1,97.3,0,stable
142,13,85.4,16.8,97.3,0,stable
142,14,86.1,16.6,97.2,0,stable
142,15,86.1,16.7,97.3,0,stable
142,16,86.1,16.7,97.2,0,stable
142,17,85.5,17.0,97.4,0,stable
142,18,86.1,17.6,97.4,0,stable
142,19,85.8,17.3,97.5,0,stable
142,20,84.7,16.8,97.4,0,stable
142,21,84.8,17.0,97.4,0,stable
142,22,85.5,16.7,97.4,0,stable
142,23,85.1,16.6,97.6,0,stable
142,24,85.2,17.0,97.4,0,stable
143,1,75.9,16.7,97.6,0,stable
143,2,76.8,16.4,97.6,0,stable
143,3,77.4,16.2,97.8,0,stable
143,4,77.3,16.1,97.8,0,stable
143,5,76.9,16.4,97.7,0,stable
143,6,78.2,16.4,97.7,0,stable
143,7,77.7,16.7,97.5,0,stable
143,8,76.8,16.7,97.2,0,stable
143,9,77.0,16.7,97.4,0,stable
143,10,76.7,16.9,97.4,0,stable
143,11,76.6,16.4,97.3,0,stable
143,12,77.5,16.1,97.3,0,stable
143,13,77.5,16.5,97.2,0,stable
143,14,78.6,16.6,97.2,0,stable
143,15,78.3,16.0,97.3,0,stable
143,16,79.3,15.7,97.5,0,stable
143,17,79.7,16.1,97.6,0,stable
143,18,78.1,15.9,97.6,0,stable
143,19,79.3,16.3,97.6,0,stable
143,20,78.5,16.1,97.5,0,stable
143,21,77.4,16.3,97.3,0,stable
143,22,76.5,16.4,97.6,0,stable
143,23,78.0,16.2,97.7,0,stable
143,24,77.2,15.7,97.7,0,stable
144,1,77.0,19.3,96.9,0,stable
144,2,76.7,19.7,97.2,0,stable
144,3,77.2,19.1,97.0,0,stable
144,4,76.7,19.1,97.1,0,stable
144,5,76.4,18.6,97.0,0,stable
144,6,78.1,18.6,96.9,0,stable
144,7,77.8,18.6,96.7,0,stable
144,8,77.2,18.7,96.9,0,stable
144,9,77.0,18.8,96.6,0,stable
144,10,76.8,19.1,96.8,0,stable
144,11,78.2,18.9,97.0,0,stable
144,12,77.0,18.5,96.8,0,stable
144,13,78.1,18.4,96.9,0,stable
144,14,77.8,18.1,96.9,0,stable
144,15,79.2,18.2,96.8,0,stable
144,16,79.4,18.5,96.9,0,stable
144,17,77.2,18.2,97.0,0,stable
144,18,78.4,18.1,97.3,0,stable
144,19,78.2,17.8,97.1,0,stable
144,20,78.0,18.2,96.9,0,stable
144,21,75.1,18.5,96.8,0,stable
144,22,75.2,18.9,96.8,0,stable
144,23,75.0,18.7,96.7,0,stable
144,24,75.0,18.9,96.6,0,stable
145,1,83.4,15.7,96.9,0,stable
145,2,84.9,15.8,97.1,0,stable
145,3,84.6,16.2,97.3,0,stable
145,4,84.9,16.4,97.4,0,stable
145,5,83.7,16.5,97.4,0,stable
145,6,83.5,16.4,97.7,0,stable
145,7,82.8,15.7,97.7,0,stable
145,8,81.9,16.0,97.4,0,stable
145,9,82.7,16.5,97.6,0,stable
145,10,84.1,16.4,97.8,0,stable
145,11,82.2,16.5,97.7,0,stable
145,12,82.6,16.4,97.5,0,stable
145,13,83.1,16.4,97.5,0,stable
145,14,84.3,16.0,97.3,0,stable
145,15,83.5,16.0,97.2,0,stable
145,16,83.6,16.2,97.2,0,stable
145,17,84.3,16.6,97.4,0,stable
145,18,84.0,16.4,97.2,0,stable
145,19,84.1,16.3,97.4,0,stable
145,20,83.3,15.9,97.3,0,stable
145,21,84.6,16.0,97.2,0,stable
145,22,84.3,16.3,97.3,0,stable
145,23,84.1,16.4,97.5,0,stable
145,24,83.3,16.2,97.4,0,stable
146,1,79.3,17.9,96.9,0,stable
146,2,79.8,17.4,96.9,0,stable
146,3,79.2,16.9,97.0,0,stable
146,4,79.5,16.8,97.1,0,stable
146,5,78.7,16.6,97.2,0,stable
146,6,78.4,17.4,97.1,0,stable
146,7,77.9,17.5,97.4,0,stable
146,8,78.2,17.0,97.3,0,stable
146,9,79.0,17.2,97.3,0,stable
146,10,78.3,17.3,97.4,0,stable
146,11,80.2,17.4,97.5,0,stable
146,12,79.0,17.0,97.3,0,stable
146,13,79.0,16.3,97.3,0,stable
146,14,78.8,16.5,97.7,0,stable
146,15,78.2,16.4,97.8,0,stable
146,16,79.0,16.4,97.8,0,stable
146,17,79.0,16.5,97.6,0,stable
146,18,80.1,16.3,97.5,0,stable
146,19,78.9,16.7,97.4,0,stable
146,20,79.0,16.7,97.4,0,stable
146,21,79.4,17.4,97.6,0,stable
146,22,78.6,16.9,97.5,0,stable
146,23,78.9,16.9,97.5,0,stable
146,24,79.5,16.9,97.5,0,stable
147,1,77.9,17.6,96.9,0,stable
147,2,77.3,17.5,97.0,0,stable
147,3,78.0,17.5,96.9,0,stable
147,4,77.8,17.6,97.0,0,stable
147,5,78.2,17.2,96.9,0,stable
147,6,78.2,16.9,96.9,0,stable
147,7,78.2,17.4,96.9,0,stable
147,8,79.1,17.6,96.9,0,stable
147,9,78.7,17.3,97.0,0,stable
147,10,80.2,17.1,96.9,0,stable
147,11,79.3,17.0,97.0,0,stable
147,12,79.6,17.0,97.0,0,stable
147,13,78.5,17.1,96.9,0,stable
147,14,78.6,17.0,97.0,0,stable
147,15,77.3,16.6,96.9,0,stable
147,16,78.0,17.0,96.9,0,stable
147,17,77.7,17.2,97.0,0,stable
147,18,79.1,17.1,97.1,0,stable
147,19,79.7,17.1,97.0,0,stable
147,20,79.7,17.0,97.0,0,stable
147,21,79.3,16.8,97.1,0,stable
147,22,78.0,16.9,97.0,0,stable
147,23,78.1,16.8,97.0,0,stable
147,24,78.9,16.9,97.2,0,stable
148,1,64.0,15.6,96.7,0,stable
148,2,66.8,15.3,96.5,0,stable
148,3,68.8,15.0,96.2,0,stable
148,4,68.2,15.0,96.3,0,stable
148,5,68.0,15.3,96.3,0,stable
148,6,68.6,15.3,96.2,0,stable
148,7,68.7,15.6,96.2,0,stable
148,8,69.3,15.5,96.3,0,stable
148,9,68.5,15.7,96.3,0,stable
148,10,68.9,14.9,96.4,0,stable
148,11,70.3,15.0,96.3,0,stable
148,12,70.2,15.0,96.4,0,stable
148,13,70.4,15.3,96.5,0,stable
148,14,69.3,15.0,96.6,0,stable
148,15,69.1,15.1,96.5,0,stable
148,16,68.3,15.4,96.2,0,stable
148,17,68.1,15.7,96.3,0,stable
148,18,68.0,15.4,96.1,0,stable
148,19,69.7,15.5,96.1,0,stable
148,20,69.4,15.5,96.5,0,stable
148,21,66.8,15.3,96.5,0,stable
148,22,67.5,15.1,96.4,0,stable
148,23,68.6,15.5,96.3,0,stable
148,24,68.9,15.2,96.4,0,stable
149,1,68.1,14.7,96.9,0,stable
149,2,69.7,15.2,97.0,0,stable
149,3,71.3,15.3,96.9,0,stable
149,4,71.6,15.2,96.8,0,stable
149,5,72.6,15.1,97.0,0,stable
149,6,73.0,15.2,96.9,0,stable
149,7,72.5,14.9,96.8,0,stable
149,8,74.0,14.7,96.8,0,stable
149,9,72.7,15.1,96.8,0,stable
149,10,72.1,15.2,96.7,0,stable
149,11,70.4,15.0,96.6,0,stable
149,12,74.0,15.0,96.6,0,stable
149,13,74.3,15.1,96.5,0,stable
149,14,74.6,14.9,96.4,0,stable
149,15,74.0,15.0,96.6,0,stable
149,16,73.8,15.0,96.7,0,stable
149,17,73.9,15.3,96.7,0,stable
149,18,72.9,14.9,96.6,0,stable
149,19,72.4,15.2,96.9,0,stable
149,20,72.3,15.1,96.8,0,stable
149,21,72.1,15.3,96.8,0,stable
149,22,72.7,14.8,96.9,0,stable
149,23,71.6,14.6,97.0,0,stable
149,24,72.2,14.4,97.0,0,stable
150,1,87.7,16.3,97.2,0,stable
150,2,87.0,16.6,97.5,0,stable
150,3,87.5,17.0,97.3,0,stable
150,4,86.8,17.3,97.3,0,stable
150,5,87.1,17.4,97.4,0,stable
150,6,86.3,17.4,97.5,0,stable
150,7,87.5,17.2,97.6,0,stable
150,8,87.3,17.8,97.6,0,stable
150,9,86.9,17.2,97.4,0,stable
150,10,85.9,17.3,97.4,0,stable
150,11,86.9,17.5,97.3,0,stable
150,12,87.1,17.3,97.5,0,stable
150,13,87.1,17.4,97.7,0,stable
150,14,87.8,17.2,97.7,0,stable
150,15,86.0,17.6,97.5,0,stable
150,16,86.2,17.2,97.6,0,stable
150,17,87.2,17.2,97.5,0,stable
150,18,86.4,17.0,97.5,0,stable
150,19,86.8,17.3,97.6,0,stable
150,20,85.8,16.9,97.3,0,stable
150,21,87.2,17.4,97.1,0,stable
150,22,85.2,17.5,97.4,0,stable
150,23,86.4,17.5,97.4,0,stable
150,24,86.6,16.8,97.4,0,stable
151,1,74.0,16.8,97.6,0,stable
151,2,75.0,16.3,97.6,0,stable
151,3,75.3,16.7,97.6,0,stable
151,4,75.5,17.0,97.5,0,stable
151,5,75.5,16.8,97.4,0,stable
151,6,74.6,17.2,97.4,0,stable
151,7,76.2,17.1,97.4,0,stable
151,8,75.6,17.2,97.1,0,stable
151,9,75.9,17.3,97.2,0,stable
151,10,75.2,17.2,97.2,0,stable
151,11,74.7,17.1,97.4,0,stable
151,12,74.3,16.7,97.4,0,stable
151,13,74.4,17.0,97.3,0,stable
151,14,74.8,17.4,97.3,0,stable
151,15,75.4,17.4,97.5,0,stable
151,16,75.6,16.9,97.4,0,stable
151,17,75.8,17.2,97.6,0,stable
151,18,73.2,17.0,97.5,0,stable
151,19,74.8,17.2,97.5,0,stable
151,20,75.2,17.2,97.4,0,stable
151,21,75.6,17.1,97.5,0,stable
151,22,75.8,16.8,97.3,0,stable
151,23,74.9,17.1,97.4,0,stable
151,24,74.8,17.3,97.2,0,stable
152,1,76.1,14.6,98.0,0,stable
152,2,76.4,14.6,98.0,0,stable
152,3,75.9,14.4,97.9,0,stable
152,4,77.2,14.4,98.0,0,stable
152,5,77.7,14.8,98.1,0,stable
152,6,78.5,14.9,98.1,0,stable
152,7,77.4,14.7,98.2,0,stable
152,8,77.9,14.3,98.2,0,stable
152,9,78.2,14.8,98.2,0,stable
152,10,78.0,15.3,98.3,0,stable
152,11,78.1,15.2,98.2,0,stable
152,12,77.9,15.3,98.2,0,stable
152,13,77.6,15.2,98.2,0,stable
152,14,79.2,14.8,98.1,0,stable
152,15,78.5,15.2,98.3,0,stable
152,16,79.2,15.1,98.2,0,stable
152,17,78.0,15.0,98.3,0,stable
152,18,78.0,15.1,98.5,0,stable
152,19,78.0,14.8,98.4,0,stable
152,20,77.6,15.0,98.2,0,stable
152,21,79.0,15.4,98.1,0,stable
152,22,78.1,15.2,98.1,0,stable
152,23,78.3,14.9,98.1,0,stable
152,24,77.1,14.9,98.0,0,stable
153,1,79.6,16.7,98.6,0,stable
153,2,78.9,16.1,98.4,0,stable
153,3,79.8,16.0,98.4,0,stable
153,4,80.0,16.1,98.5,0,stable
153,5,78.7,16.6,98.5,0,stable
153,6,79.9,16.5,98.5,0,stable
153,7,79.9,16.4,98.6,0,stable
153,8,79.7,16.0,98.4,0,stable
153,9,79.0,15.8,98.5,0,stable
153,10,79.2,15.6,98.4,0,stable
153,11,80.8,16.2,98.4,0,stable
153,12,79.6,15.9,98.4,0,stable
153,13,78.7,15.9,98.5,0,stable
153,14,80.3,16.1,98.5,0,stable
153,15,80.1,16.3,98.4,0,stable
153,16,80.6,16.3,98.2,0,stable
153,17,79.3,16.7,98.3,0,stable
153,18,78.6,16.5,98.4,0,stable
153,19,80.1,16.3,98.2,0,stable
153,20,80.5,16.5,98.2,0,stable
153,21,79.5,16.2,98.3,0,stable
153,22,79.7,16.6,98.0,0,stable
153,23,79.0,16.7,98.2,0,stable
153,24,79.6,16.5,98.4,0,stable
154,1,89.6,13.8,97.3,0,stable
154,2,88.4,14.0,97.3,0,stable
154,3,85.8,14.1,97.5,0,stable
154,4,85.0,13.8,97.5,0,stable
154,5,85.2,14.1,97.5,0,stable
154,6,85.3,14.1,97.5,0,stable
154,7,84.9,14.6,97.6,0,stable
154,8,84.2,14.4,97.4,0,stable
154,9,85.2,14.2,97.4,0,stable
154,10,84.8,14.3,97.4,0,stable
154,11,84.7,14.2,97.6,0,stable
154,12,83.5,14.3,97.7,0,stable
154,13,84.7,14.2,97.8,0,stable
154,14,84.1,14.5,97.6,0,stable
154,15,84.5,14.2,97.7,0,stable
154,16,85.1,14.6,97.6,0,stable
154,17,84.6,14.6,97.6,0,stable
154,18,83.9,14.6,97.4,0,stable
154,19,84.1,14.2,97.6,0,stable
154,20,84.4,14.5,97.5,0,stable
154,21,85.0,14.4,97.5,0,stable
154,22,85.4,14.7,97.5,0,stable
154,23,86.1,14.4,97.7,0,stable
154,24,86.6,13.9,97.4,0,stable
155,1,80.2,15.8,97.6,0,stable
155,2,79.6,15.8,97.6,0,stable
155,3,79.3,16.0,97.6,0,stable
155,4,77.5,15.9,97.8,0,stable
155,5,78.4,16.0,97.7,0,stable
155,6,77.3,16.5,97.6,0,stable
155,7,76.9,16.3,97.7,0,stable
155,8,77.0,16.1,97.6,0,stable
155,9,78.6,16.0,97.7,0,stable
155,10,79.4,16.0,97.7,0,stable
155,11,79.6,15.8,97.6,0,stable
155,12,79.0,16.1,97.6,0,stable
155,13,80.2,16.4,97.8,0,stable
155,14,79.0,16.2,98.0,0,stable
155,15,79.2,16.3,97.6,0,stable
155,16,77.8,15.9,97.6,0,stable
155,17,77.6,16.0,97.5,0,stable
155,18,77.9,16.3,97.4,0,stable
155,19,78.1,16.3,97.4,0,stable
155,20,79.7,16.3,97.4,0,stable
155,21,79.4,16.3,97.5,0,stable
155,22,79.4,16.0,97.6,0,stable
155,23,80.0,16.3,97.8,0,stable
155,24,78.3,16.3,97.8,0,stable
156,1,79.6,17.4,97.2,0,stable
156,2,78.9,17.1,97.6,0,stable
156,3,79.1,17.3,97.5,0,stable
156,4,79.7,16.8,97.6,0,stable
156,5,80.2,16.5,97.7,0,stable
156,6,78.9,16.5,97.5,0,stable
156,7,78.9,16.5,97.6,0,stable
156,8,79.8,16.6,97.6,0,stable
156,9,79.9,16.9,97.7,0,stable
156,10,79.5,16.9,97.6,0,stable
156,11,79.7,16.8,97.6,0,stable
156,12,79.7,17.0,97.5,0,stable
156,13,79.0,17.4,97.6,0,stable
156,14,79.4,17.4,97.6,0,stable
156,15,78.9,16.7,97.7,0,stable
156,16,77.2,17.2,97.7,0,stable
156,17,77.7,17.2,97.5,0,stable
156,18,75.9,16.9,97.4,0,stable
156,19,76.7,17.0,97.5,0,stable
156,20,78.2,16.9,97.6,0,stable
156,21,77.8,16.8,97.6,0,stable
156,22,76.4,16.8,97.7,0,stable
156,23,77.4,17.0,97.7,0,stable
156,24,76.9,16.9,97.7,0,stable
157,1,82.6,16.2,95.5,0,stable
157,2,84.2,16.8,95.5,0,stable
157,3,84.7,16.7,95.7,0,stable
157,4,85.9,16.5,95.8,0,stable
157,5,84.6,16.4,96.0,0,stable
157,6,83.6,16.6,95.9,0,stable
157,7,84.2,16.6,95.9,0,stable
157,8,84.2,16.6,95.9,0,stable
157,9,83.8,16.2,95.8,0,stable
157,10,83.8,15.9,95.8,0,stable
157,11,85.0,16.0,95.6,0,stable
157,12,85.4,16.0,95.7,0,stable
157,13,84.2,15.8,95.7,0,stable
157,14,84.3,15.6,95.7,0,stable
157,15,86.0,15.5,95.7,0,stable
157,16,86.8,15.7,95.7,0,stable
157,17,87.2,15.9,95.8,0,stable
157,18,86.8,15.9,95.8,0,stable
157,19,84.2,15.7,95.7,0,stable
157,20,85.0,16.0,95.8,0,stable
157,21,84.5,16.1,95.7,0,stable
157,22,84.7,16.0,95.9,0,stable
157,23,84.1,16.1,96.0,0,stable
157,24,85.0,15.7,96.0,0,stable
158,1,73.0,17.7,97.4,0,stable
158,2,73.7,18.0,97.6,0,stable
158,3,74.7,18.1,97.5,0,stable
158,4,73.1,18.0,97.5,0,stable
158,5,73.7,17.8,97.5,0,stable
158,6,73.5,17.6,97.7,0,stable
158,7,73.1,17.4,97.8,0,stable
158,8,74.4,17.4,97.9,0,stable
158,9,74.6,17.4,97.7,0,stable
158,10,74.8,17.8,97.7,0,stable
158,11,75.5,18.2,97.7,0,stable
158,12,76.2,18.4,97.4,0,stable
158,13,76.4,18.8,97.6,0,stable
158,14,76.0,18.7,97.5,0,stable
158,15,76.4,18.2,97.8,0,stable
158,16,76.2,18.5,97.9,0,stable
158,17,76.6,18.0,97.7,0,stable
158,18,75.2,18.0,97.8,0,stable
158,19,74.5,18.0,97.7,0,stable
158,20,75.7,17.8,97.8,0,stable
158,21,75.4,18.0,97.8,0,stable
158,22,75.1,18.7,97.7,0,stable
158,23,76.3,18.4,97.6,0,stable
158,24,75.1,18.3,97.6,0,stable
159,1,75.7,15.3,97.6,0,stable
159,2,76.0,15.1,97.5,0,stable
159,3,77.0,15.3,97.4,0,stable
159,4,78.4,15.4,97.4,0,stable
159,5,77.8,15.2,97.2,0,stable
159,6,77.1,15.4,97.2,0,stable
159,7,77.9,15.3,97.3,0,stable
159,8,79.3,15.1,97.3,0,stable
159,9,77.5,14.7,97.4,0,stable
159,10,78.4,14.7,97.2,0,stable
159,11,80.3,15.1,97.2,0,stable
159,12,78.6,15.0,97.1,0,stable
159,13,79.2,14.6,97.1,0,stable
159,14,78.0,15.2,97.3,0,stable
159,15,78.6,14.8,97.4,0,stable
159,16,79.5,15.0,97.4,0,stable
159,17,80.9,15.2,97.5,0,stable
159,18,81.3,15.0,97.2,0,stable
159,19,80.3,14.8,97.2,0,stable
159,20,79.5,14.5,97.1,0,stable
159,21,78.4,14.6,97.3,0,stable
159,22,78.8,14.6,97.3,0,stable
159,23,79.0,14.2,97.1,0,stable
159,24,79.4,14.6,97.3,0,stable
160,1,80.2,15.1,97.6,0,stable
160,2,80.8,14.8,97.6,0,stable
160,3,81.0,15.4,97.6,0,stable
160,4,80.9,15.4,97.4,0,stable
160,5,81.8,14.9,97.5,0,stable
160,6,81.2,15.1,97.5,0,stable
160,7,80.8,15.1,97.9,0,stable
160,8,80.2,15.3,97.6,0,stable
160,9,79.0,15.2,97.5,0,stable
160,10,78.8,15.2,97.6,0,stable
160,11,80.5,15.2,97.8,0,stable
160,12,80.6,15.0,97.7,0,stable
160,13,79.0,15.1,97.6,0,stable
160,14,78.7,14.9,97.7,0,stable
160,15,78.3,15.3,97.5,0,stable
160,16,79.5,15.5,97.6,0,stable
160,17,78.9,15.1,97.7,0,stable
160,18,80.5,15.1,97.9,0,stable
160,19,79.8,15.1,98.0,0,stable
160,20,79.4,15.0,97.9,0,stable
160,21,79.2,14.5,97.6,0,stable
160,22,80.3,14.6,97.8,0,stable
160,23,79.9,14.6,97.9,0,stable
160,24,81.5,14.4,97.7,0,stable
161,1,66.4,19.4,97.7,0,stable
161,2,65.6,18.9,97.8,0,stable
161,3,65.3,18.5,98.0,0,stable
161,4,65.9,19.0,98.2,0,stable
161,5,65.0,18.8,98.1,0,stable
161,6,64.8,19.0,98.0,0,stable
161,7,66.3,18.5,98.0,0,stable
161,8,65.9,17.9,97.8,0,stable
161,9,65.9,17.9,97.9,0,stable
161,10,67.0,18.3,98.0,0,stable
161,11,66.5,18.4,98.1,0,stable
161,12,65.1,18.5,98.0,0,stable
161,13,65.2,18.8,97.8,0,stable
161,14,65.3,18.2,97.9,0,stable
161,15,66.4,18.6,97.8,0,stable
161,16,67.1,18.4,98.1,0,stable
161,17,66.4,18.2,98.0,0,stable
161,18,67.4,18.4,98.2,0,stable
161,19,68.1,18.3,98.2,0,stable
161,20,68.1,18.1,98.2,0,stable
161,21,67.5,18.1,98.1,0,stable
161,22,69.0,18.1,98.3,0,stable
161,23,67.9,18.3,98.2,0,stable
161,24,68.7,18.5,98.3,0,stable
162,1,82.9,16.1,97.4,0,stable
162,2,81.9,15.9,97.4,0,stable
162,3,80.7,15.8,97.4,0,stable
162,4,81.9,15.9,97.4,0,stable
162,5,82.9,15.7,97.5,0,stable
162,6,81.4,15.5,97.5,0,stable
162,7,81.5,15.5,97.4,0,stable
162,8,82.1,14.8,97.4,0,stable
162,9,81.7,15.1,97.4,0,stable
162,10,81.5,15.2,97.6,0,stable
162,11,81.8,15.3,97.8,0,stable
162,12,81.2,15.4,97.6,0,stable
162,13,80.3,15.2,97.6,0,stable
162,14,82.3,15.1,97.6,0,stable
162,15,83.1,15.4,97.5,0,stable
162,16,82.6,15.4,97.4,0,stable
162,17,83.4,15.3,97.4,0,stable
162,18,83.6,15.0,97.3,0,stable
162,19,82.9,15.3,97.3,0,stable
162,20,82.9,15.2,97.2,0,stable
162,21,82.6,15.0,97.7,0,stable
162,22,81.3,15.2,97.6,0,stable
162,23,80.3,15.1,97.8,0,stable
162,24,81.2,15.4,97.7,0,stable
163,1,73.3,14.1,96.2,0,stable
163,2,73.0,14.3,96.4,0,stable
163,3,71.5,14.8,96.7,0,stable
163,4,70.9,14.5,97.0,0,stable
163,5,72.0,14.7,96.9,0,stable
163,6,71.6,14.7,96.8,0,stable
163,7,71.6,14.7,96.8,0,stable
163,8,71.7,14.9,96.6,0,stable
163,9,71.5,14.9,96.6,0,stable
163,10,70.6,15.0,96.7,0,stable
163,11,70.8,14.6,96.7,0,stable
163,12,70.3,14.4,96.9,0,stable
163,13,71.0,14.7,96.9,0,stable
163,14,71.0,14.8,96.9,0,stable
163,15,72.3,14.8,96.9,0,stable
163,16,71.9,15.0,96.7,0,stable
163,17,71.4,14.9,96.9,0,stable
163,18,69.8,15.0,96.9,0,stable
163,19,71.2,15.2,96.9,0,stable
163,20,70.1,15.4,96.8,0,stable
163,21,71.3,15.4,96.6,0,stable
163,22,71.2,15.4,96.6,0,stable
163,23,71.2,15.0,96.6,0,stable
163,24,70.9,15.0,96.5,0,stable
164,1,90.4,14.9,98.0,0,stable
164,2,90.7,14.6,97.9,0,stable
164,3,90.4,14.4,97.9,0,stable
164,4,89.5,14.3,97.9,0,stable
164,5,89.4,14.2,98.1,0,stable
164,6,91.3,14.2,98.2,0,stable
164,7,92.3,14.2,98.3,0,stable
164,8,93.0,13.9,98.3,0,stable
164,9,92.5,14.0,98.3,0,stable
164,10,91.4,14.4,98.3,0,stable
164,11,89.9,14.6,98.4,0,stable
164,12,89.7,14.2,98.2,0,stable
164,13,90.1,14.1,98.1,0,stable
164,14,90.0,14.0,98.2,0,stable
164,15,89.6,14.7,98.3,0,stable
164,16,89.8,14.7,98.1,0,stable
164,17,91.0,14.8,98.2,0,stable
164,18,91.0,15.3,98.3,0,stable
164,19,91.8,15.0,98.3,0,stable
164,20,91.5,14.7,98.2,0,stable
164,21,90.7,14.7,98.1,0,stable
164,22,90.4,14.4,98.2,0,stable
164,23,89.8,14.5,98.2,0,stable
164,24,91.1,14.3,98.2,0,stable
165,1,80.9,17.2,97.0,0,stable
165,2,80.9,17.8,97.2,0,stable
165,3,80.5,17.7,97.3,0,stable
165,4,80.1,17.6,97.2,0,stable
165,5,79.9,17.7,97.2,0,stable
165,6,80.8,18.0,97.2,0,stable
165,7,81.1,18.0,97.3,0,stable
165,8,80.8,17.9,97.3,0,stable
165,9,81.2,17.8,97.2,0,stable
165,10,80.5,17.7,97.2,0,stable
165,11,80.8,17.7,97.0,0,stable
165,12,81.3,18.1,97.1,0,stable
165,13,79.8,18.2,97.2,0,stable
165,14,79.2,18.0,97.2,0,stable
165,15,78.8,17.8,96.9,0,stable
165,16,79.5,17.9,97.1,0,stable
165,17,79.4,18.3,97.0,0,stable
165,18,79.9,18.4,97.1,0,stable
165,19,80.7,17.7,97.2,0,stable
165,20,80.1,17.8,97.3,0,stable
165,21,79.8,17.8,97.2,0,stable
165,22,79.5,18.3,97.3,0,stable
165,23,80.5,17.9,97.1,0,stable
165,24,81.0,17.9,97.1,0,stable
166,1,79.0,14.9,98.2,0,stable
166,2,79.3,15.2,98.2,0,stable
166,3,77.9,15.3,98.2,0,stable
166,4,77.8,15.7,98.0,0,stable
166,5,77.9,15.5,98.0,0,stable
166,6,79.0,15.5,98.0,0,stable
166,7,78.5,15.3,98.1,0,stable
166,8,78.2,14.8,98.0,0,stable
166,9,77.3,15.2,98.0,0,stable
166,10,77.7,15.1,97.9,0,stable
166,11,77.7,15.3,98.0,0,stable
166,12,77.2,15.6,98.1,0,stable
166,13,76.6,15.7,98.1,0,stable
166,14,78.0,15.7,98.3,0,stable
166,15,78.4,15.3,97.9,0,stable
166,16,78.3,15.0,98.0,0,stable
166,17,78.9,14.9,98.1,0,stable
166,18,77.6,15.0,98.1,0,stable
166,19,77.9,14.9,98.1,0,stable
166,20,77.3,15.1,98.1,0,stable
166,21,78.6,14.6,98.0,0,stable
166,22,77.7,14.6,97.8,0,stable
166,23,76.8,14.7,97.8,0,stable
166,24,77.5,15.2,98.0,0,stable
167,1,83.7,16.4,96.7,0,stable
167,2,83.7,15.8,97.1,0,stable
167,3,84.2,15.5,96.9,0,stable
167,4,83.7,15.5,97.0,0,stable
167,5,84.5,15.6,97.2,0,stable
167,6,83.3,15.8,97.4,0,stable
167,7,82.8,15.8,97.2,0,stable
167,8,83.4,15.8,97.4,0,stable
167,9,83.8,15.7,97.4,0,stable
167,10,82.8,16.0,97.4,0,stable
167,11,83.2,15.5,97.6,0,stable
167,12,81.4,15.8,97.7,0,stable
167,13,82.6,15.9,97.6,0,stable
167,14,83.6,15.8,97.3,0,stable
167,15,84.0,15.7,97.5,0,stable
167,16,82.8,15.9,97.3,0,stable
167,17,81.7,15.6,97.1,0,stable
167,18,80.2,15.0,97.2,0,stable
167,19,80.3,15.3,97.2,0,stable
167,20,81.7,15.7,97.1,0,stable
167,21,82.9,15.7,97.3,0,stable
167,22,82.4,15.7,97.4,0,stable
167,23,81.2,16.0,97.4,0,stable
167,24,81.8,16.1,97.4,0,stable
168,1,81.4,18.4,97.3,0,stable
168,2,80.2,18.1,97.4,0,stable
168,3,82.3,17.7,97.3,0,stable
168,4,82.4,18.0,97.2,0,stable
168,5,81.6,18.5,97.2,0,stable
168,6,82.4,18.5,97.4,0,stable
168,7,84.2,18.4,97.2,0,stable
168,8,84.3,18.2,97.3,0,stable
168,9,83.4,18.0,97.4,0,stable
168,10,81.1,18.3,97.4,0,stable
168,11,81.0,17.8,97.1,0,stable
168,12,81.3,17.8,97.2,0,stable
168,13,81.0,18.4,97.1,0,stable
168,14,81.2,18.5,97.1,0,stable
168,15,82.3,18.1,97.2,0,stable
168,16,83.6,17.7,97.5,0,stable
168,17,82.6,18.2,97.4,0,stable
168,18,82.8,17.8,97.2,0,stable
168,19,82.5,17.7,97.2,0,stable
168,20,81.7,17.4,97.2,0,stable
168,21,82.7,17.7,97.4,0,stable
168,22,82.8,17.9,97.7,0,stable
168,23,82.6,18.0,97.7,0,stable
168,24,84.0,18.1,97.4,0,stable
169,1,72.6,16.0,98.8,0,stable
169,2,72.1,15.5,98.8,0,stable
169,3,71.2,15.2,98.9,0,stable
169,4,70.7,15.3,98.9,0,stable
169,5,71.7,15.5,99.0,0,stable
169,6,72.2,15.8,99.0,0,stable
169,7,71.0,16.2,98.9,0,stable
169,8,71.3,16.2,99.0,0,stable
169,9,71.5,15.7,99.1,0,stable
169,10,71.6,15.7,99.1,0,stable
169,11,72.3,15.7,99.3,0,stable
169,12,73.2,15.8,99.1,0,stable
169,13,72.9,15.7,98.9,0,stable
169,14,72.5,15.7,98.9,0,stable
169,15,71.5,15.9,98.9,0,stable
169,16,71.5,15.8,99.1,0,stable
169,17,71.7,15.4,99.1,0,stable
169,18,72.3,15.3,98.9,0,stable
169,19,72.3,15.5,98.9,0,stable
169,20,71.6,15.7,99.0,0,stable
169,21,72.4,15.8,99.2,0,stable
169,22,72.1,15.7,99.0,0,stable
169,23,71.9,15.9,99.0,0,stable
169,24,70.8,15.8,99.1,0,stable
170,1,71.7,16.5,97.5,0,stable
170,2,71.3,16.4,97.6,0,stable
170,3,72.3,15.8,97.7,0,stable
170,4,72.5,16.1,97.8,0,stable
170,5,73.8,15.9,98.1,0,stable
170,6,74.4,16.0,98.0,0,stable
170,7,74.6,16.0,98.0,0,stable
170,8,73.5,15.3,98.2,0,stable
170,9,73.2,15.9,98.2,0,stable
170,10,74.0,15.6,98.2,0,stable
170,11,73.4,14.9,98.0,0,stable
170,12,73.5,14.8,98.1,0,stable
170,13,74.8,14.8,98.2,0,stable
170,14,74.6,14.8,98.2,0,stable
170,15,73.8,15.1,98.2,0,stable
170,16,75.0,15.4,98.2,0,stable
170,17,73.9,15.4,98.4,0,stable
170,18,73.5,15.1,98.4,0,stable
170,19,73.3,15.1,98.2,0,stable
170,20,74.6,15.1,98.1,0,stable
170,21,73.9,15.2,97.9,0,stable
170,22,74.6,15.2,97.8,0,stable
170,23,74.8,14.6,98.0,0,stable
170,24,74.0,14.8,98.1,0,stable
171,1,85.3,16.0,96.6,0,stable
171,2,84.2,15.7,96.6,0,stable
171,3,83.8,15.6,96.6,0,stable
171,4,83.1,15.8,96.4,0,stable
171,5,82.6,15.8,96.4,0,stable
171,6,81.8,15.3,96.3,0,stable
171,7,81.9,15.3,96.5,0,stable
171,8,80.7,14.9,96.7,0,stable
171,9,80.8,14.5,96.7,0,stable
171,10,80.6,14.7,96.8,0,stable
171,11,80.8,15.1,96.9,0,stable
171,12,80.2,15.0,96.4,0,stable
171,13,79.6,15.5,96.5,0,stable
171,14,79.2,15.2,96.4,0,stable
171,15,78.9,15.7,96.5,0,stable
171,16,79.7,15.8,96.5,0,stable
171,17,80.4,15.6,96.8,0,stable
171,18,81.4,15.6,96.8,0,stable
171,19,80.9,15.9,96.9,0,stable
171,20,80.9,15.8,96.7,0,stable
171,21,81.1,15.7,96.5,0,stable
171,22,81.2,15.7,96.7,0,stable
171,23,80.8,15.3,96.6,0,stable
171,24,79.6,15.3,96.4,0,stable
172,1,79.0,17.0,98.5,0,stable
172,2,80.0,16.8,98.5,0,stable
172,3,81.1,16.8,98.3,0,stable
172,4,81.8,16.3,98.3,0,stable
172,5,80.9,16.1,98.2,0,stable
172,6,80.3,15.6,98.1,0,stable
172,7,79.1,15.3,98.0,0,stable
172,8,78.2,15.2,98.2,0,stable
172,9,79.7,15.0,98.1,0,stable
172,10,78.8,15.5,98.3,0,stable
172,11,78.7,15.0,98.1,0,stable
172,12,79.0,14.9,98.1,0,stable
172,13,78.5,15.2,98.3,0,stable
172,14,77.8,14.9,98.4,0,stable
172,15,78.2,15.3,98.4,0,stable
172,16,77.8,15.3,98.4,0,stable
172,17,77.8,15.6,98.4,0,stable
172,18,79.3,15.3,98.3,0,stable
172,19,80.0,15.8,98.0,0,stable
172,20,79.1,15.5,98.1,0,stable
172,21,79.3,15.3,98.1,0,stable
172,22,78.7,15.6,98.1,0,stable
172,23,77.5,16.1,98.1,0,stable
172,24,78.3,15.8,98.2,0,stable
173,1,78.1,12.6,97.0,0,stable
173,2,78.5,13.0,97.0,0,stable
173,3,78.8,12.7,97.0,0,stable
173,4,79.0,13.1,97.2,0,stable
173,5,79.3,13.1,97.2,0,stable
173,6,78.4,13.1,97.3,0,stable
173,7,78.3,13.3,97.1,0,stable
173,8,78.5,13.4,97.2,0,stable
173,9,79.4,13.5,97.3,0,stable
173,10,79.1,13.3,97.3,0,stable
173,11,80.2,13.3,97.4,0,stable
173,12,80.5,13.2,97.4,0,stable
173,13,80.3,13.4,97.2,0,stable
173,14,79.8,13.3,97.3,0,stable
173,15,79.4,13.6,97.1,0,stable
173,16,78.2,13.5,97.2,0,stable
173,17,79.1,13.4,97.4,0,stable
173,18,78.3,13.5,97.4,0,stable
173,19,79.4,13.9,97.4,0,stable
173,20,79.1,13.5,97.4,0,stable
173,21,78.5,13.3,97.4,0,stable
173,22,78.2,13.2,97.5,0,stable
173,23,80.9,13.6,97.3,0,stable
173,24,82.0,13.8,97.3,0,stable
174,1,82.4,16.9,97.5,0,stable
174,2,83.8,16.2,97.2,0,stable
174,3,83.9,15.9,97.0,0,stable
174,4,83.4,15.7,97.2,0,stable
174,5,83.1,15.9,97.1,0,stable
174,6,82.7,15.8,97.1,0,stable
174,7,82.4,16.3,97.1,0,stable
174,8,80.8,16.2,97.2,0,stable
174,9,81.5,15.7,97.3,0,stable
174,10,84.0,15.4,97.4,0,stable
174,11,83.9,15.9,97.4,0,stable
174,12,82.6,16.1,97.4,0,stable
174,13,83.6,16.3,97.5,0,stable
174,14,83.5,16.4,97.7,0,stable
174,15,84.0,16.2,97.7,0,stable
174,16,84.0,15.9,97.5,0,stable
174,17,83.9,15.9,97.2,0,stable
174,18,81.8,16.0,97.2,0,stable
174,19,81.8,15.7,97.4,0,stable
174,20,82.8,15.9,97.4,0,stable
174,21,84.1,15.9,97.1,0,stable
174,22,83.8,15.7,97.1,0,stable
174,23,82.2,15.8,97.3,0,stable
174,24,83.5,15.2,97.3,0,stable
175,1,81.7,18.1,98.5,0,stable
175,2,81.3,17.9,98.5,0,stable
175,3,81.6,17.5,98.5,0,stable
175,4,81.1,17.5,98.3,0,stable
175,5,82.9,17.3,98.4,0,stable
175,6,82.6,17.2,98.3,0,stable
175,7,82.2,17.3,98.3,0,stable
175,8,81.8,17.1,98.2,0,stable
175,9,81.7,17.0,98.4,0,stable
175,10,81.6,17.0,98.1,0,stable
175,11,82.7,17.3,98.2,0,stable
175,12,82.6,17.4,98.1,0,stable
175,13,82.9,17.8,98.2,0,stable
175,14,83.6,17.5,98.4,0,stable
175,15,84.3,17.8,98.3,0,stable
175,16,84.0,18.0,98.2,0,stable
175,17,84.0,17.8,98.3,0,stable
175,18,83.7,18.0,98.1,0,stable
175,19,83.2,18.0,98.0,0,stable
175,20,83.2,17.6,98.2,0,stable
175,21,83.5,17.8,98.1,0,stable
175,22,82.3,18.0,98.2,0,stable
175,23,83.7,17.8,98.2,0,stable
175,24,83.7,17.8,98.2,0,stable
176,1,71.6,16.4,98.8,0,stable
176,2,72.4,16.0,98.6,0,stable
176,3,74.1,15.7,98.5,0,stable
176,4,74.1,15.5,98.7,0,stable
176,5,75.0,15.6,98.9,0,stable
176,6,76.0,15.5,98.8,0,stable
176,7,75.2,15.4,98.6,0,stable
176,8,74.4,15.6,98.5,0,stable
176,9,73.9,15.7,98.3,0,stable
176,10,75.0,15.6,98.5,0,stable
176,11,75.6,15.2,98.8,0,stable
176,12,75.2,15.5,98.6,0,stable
176,13,74.8,15.6,98.8,0,stable
176,14,74.5,15.1,98.7,0,stable
176,15,75.6,15.0,98.8,0,stable
176,16,75.5,14.9,98.6,0,stable
176,17,75.1,15.3,98.5,0,stable
176,18,75.8,15.4,98.6,0,stable
176,19,75.7,15.8,98.4,0,stable
176,20,74.9,15.8,98.4,0,stable
176,21,75.0,15.6,98.4,0,stable
176,22,75.3,15.5,98.4,0,stable
176,23,74.3,15.6,98.4,0,stable
176,24,75.1,15.5,98.4,0,stable
177,1,76.0,17.0,96.9,0,stable
177,2,75.5,16.9,97.1,0,stable
177,3,77.0,17.4,97.2,0,stable
177,4,77.2,17.3,97.2,0,stable
177,5,77.0,17.1,97.0,0,stable
177,6,76.6,16.9,97.0,0,stable
177,7,76.1,16.7,96.9,0,stable
177,8,76.4,17.0,96.8,0,stable
177,9,77.2,17.1,97.1,0,stable
177,10,77.2,17.3,96.9,0,stable
177,11,76.5,17.8,96.9,0,stable
177,12,76.5,17.6,97.0,0,stable
177,13,76.8,17.0,97.1,0,stable
177,14,76.0,17.2,97.1,0,stable
177,15,76.8,17.3,97.0,0,stable
177,16,75.6,17.2,96.9,0,stable
177,17,76.0,16.6,96.9,0,stable
177,18,76.7,16.1,97.2,0,stable
177,19,76.4,16.5,97.0,0,stable
177,20,76.6,16.7,97.0,0,stable
177,21,76.7,16.7,96.9,0,stable
177,22,75.5,16.6,97.0,0,stable
177,23,76.5,16.7,96.8,0,stable
177,24,75.0,16.4,96.9,0,stable
178,1,78.7,15.4,99.5,0,stable
178,2,77.8,15.4,99.3,0,stable
178,3,77.7,15.9,98.8,0,stable
178,4,76.6,15.8,98.8,0,stable
178,5,76.5,15.5,99.1,0,stable
178,6,75.6,15.8,99.1,0,stable
178,7,77.2,15.9,99.0,0,stable
178,8,75.0,15.8,98.9,0,stable
178,9,76.8,15.8,98.9,0,stable
178,10,76.5,15.4,99.0,0,stable
178,11,76.9,15.7,98.8,0,stable
178,12,77.6,15.8,98.8,0,stable
178,13,77.1,15.6,98.9,0,stable
178,14,76.0,15.8,98.9,0,stable
178,15,75.7,15.9,98.9,0,stable
178,16,75.3,16.3,98.9,0,stable
178,17,74.5,15.9,99.1,0,stable
178,18,74.9,15.9,99.0,0,stable
178,19,74.6,16.3,99.0,0,stable
178,20,75.8,15.8,99.0,0,stable
178,21,76.2,15.7,99.0,0,stable
178,22,76.0,15.6,99.1,0,stable
178,23,75.8,15.4,99.1,0,stable
178,24,75.4,15.6,99.2,0,stable
179,1,74.4,17.6,96.9,0,stable
179,2,77.3,17.8,97.0,0,stable
179,3,77.7,17.8,96.9,0,stable
179,4,76.1,17.9,96.8,0,stable
179,5,77.1,17.8,97.0,0,stable
179,6,75.9,18.3,96.9,0,stable
179,7,76.6,18.0,97.2,0,stable
179,8,76.1,18.0,97.1,0,stable
179,9,76.1,18.0,97.3,0,stable
179,10,75.6,18.0,97.2,0,stable
179,11,77.5,17.9,97.1,0,stable
179,12,77.3,17.7,97.0,0,stable
179,13,78.9,17.4,97.1,0,stable
179,14,76.3,17.0,97.0,0,stable
179,15,76.8,17.3,96.9,0,stable
179,16,76.2,17.2,96.9,0,stable
179,17,75.7,17.3,97.1,0,stable
179,18,74.5,17.4,97.0,0,stable
179,19,76.5,17.6,97.0,0,stable
179,20,78.1,17.7,97.0,0,stable
179,21,77.8,17.6,97.1,0,stable
179,22,78.8,17.5,97.1,0,stable
179,23,77.6,17.3,97.2,0,stable
179,24,78.2,17.4,97.1,0,stable
180,1,75.0,12.2,97.4,0,stable
180,2,74.7,12.4,97.5,0,stable
180,3,75.2,12.0,97.5,0,stable
180,4,74.7,12.7,97.5,0,stable
180,5,76.2,12.5,97.3,0,stable
180,6,76.5,12.6,97.2,0,stable
180,7,74.2,12.6,97.3,0,stable
180,8,75.6,12.8,97.4,0,stable
180,9,75.4,12.6,97.3,0,stable
180,10,74.8,12.5,97.5,0,stable
180,11,75.1,12.2,97.6,0,stable
180,12,76.0,12.4,97.5,0,stable
180,13,75.3,12.5,97.4,0,stable
180,14,76.6,12.7,97.4,0,stable
180,15,76.0,13.1,97.8,0,stable
180,16,76.0,13.1,97.5,0,stable
180,17,75.8,12.9,97.4,0,stable
180,18,75.6,13.3,97.5,0,stable
180,19,74.9,13.1,97.2,0,stable
180,20,74.9,12.9,97.2,0,stable
180,21,75.0,12.6,97.2,0,stable
180,22,75.3,12.6,97.3,0,stable
180,23,74.9,12.6,97.4,0,stable
180,24,75.1,13.0,97.3,0,stable
181,1,77.1,16.0,97.8,0,stable
181,2,78.1,16.1,98.1,0,stable
181,3,78.8,16.0,98.0,0,stable
181,4,80.1,16.3,98.1,0,stable
181,5,78.8,16.1,98.0,0,stable
181,6,77.9,16.1,98.1,0,stable
181,7,78.7,16.2,98.1,0,stable
181,8,78.0,16.1,98.0,0,stable
181,9,79.6,16.6,98.2,0,stable
181,10,80.0,16.6,98.0,0,stable
181,11,79.4,16.1,97.9,0,stable
181,12,79.7,15.7,98.3,0,stable
181,13,79.5,16.1,98.2,0,stable
181,14,77.4,15.8,98.3,0,stable
181,15,78.1,16.3,98.2,0,stable
181,16,76.9,16.4,98.3,0,stable
181,17,76.8,16.4,98.0,0,stable
181,18,77.0,16.2,98.1,0,stable
181,19,77.1,16.0,98.2,0,stable
181,20,77.7,16.4,98.3,0,stable
181,21,77.6,16.1,98.0,0,stable
181,22,77.2,15.6,98.1,0,stable
181,23,78.0,15.6,98.1,0,stable
181,24,78.4,16.0,98.0,0,stable
182,1,86.2,15.7,96.0,0,stable
182,2,85.2,15.5,96.3,0,stable
182,3,86.1,15.5,96.5,0,stable
182,4,86.1,15.7,96.7,0,stable
182,5,87.1,15.6,96.8,0,stable
182,6,86.8,15.4,96.7,0,stable
182,7,87.1,15.5,96.7,0,stable
182,8,86.5,15.6,96.7,0,stable
182,9,85.6,15.7,96.9,0,stable
182,10,85.2,15.3,96.8,0,stable
182,11,85.7,15.7,96.9,0,stable
182,12,86.0,15.9,96.9,0,stable
182,13,86.4,16.1,97.0,0,stable
182,14,85.1,16.6,97.1,0,stable
182,15,86.2,16.2,97.0,0,stable
182,16,87.1,16.1,97.0,0,stable
182,17,86.1,16.1,97.0,0,stable
182,18,85.2,16.0,97.2,0,stable
182,19,86.5,15.7,97.1,0,stable
182,20,87.4,16.1,96.9,0,stable
182,21,86.6,15.8,97.0,0,stable
182,22,85.2,15.9,97.0,0,stable
182,23,86.5,15.9,96.9,0,stable
182,24,86.2,15.5,96.9,0,stable
183,1,72.5,15.7,97.6,0,stable
183,2,72.1,15.9,97.5,0,stable
183,3,72.6,16.2,97.4,0,stable
183,4,72.2,16.3,97.3,0,stable
183,5,72.2,16.2,97.5,0,stable
183,6,71.1,16.0,97.5,0,stable
183,7,71.0,16.1,97.5,0,stable
183,8,71.7,16.5,97.5,0,stable
183,9,70.5,16.8,97.4,0,stable
183,10,70.1,16.9,97.2,0,stable
183,11,71.2,16.3,97.2,0,stable
183,12,70.4,16.6,97.2,0,stable
183,13,70.6,16.6,97.2,0,stable
183,14,69.1,16.3,97.4,0,stable
183,15,70.3,16.2,97.3,0,stable
183,16,70.3,16.1,97.6,0,stable
183,17,71.0,16.7,97.5,0,stable
183,18,69.7,16.7,97.5,0,stable
183,19,70.4,16.3,97.5,0,stable
183,20,69.7,16.7,97.3,0,stable
183,21,70.3,16.5,97.2,0,stable
183,22,70.1,16.5,97.3,0,stable
183,23,70.8,16.8,97.2,0,stable
183,24,71.6,16.8,97.3,0,stable
184,1,80.2,14.1,97.9,0,stable
184,2,80.5,14.6,97.8,0,stable
184,3,82.0,14.3,97.9,0,stable
184,4,82.1,14.7,98.1,0,stable
184,5,80.2,14.9,98.0,0,stable
184,6,79.2,14.4,97.9,0,stable
184,7,78.8,14.4,98.0,0,stable
184,8,80.7,14.2,98.0,0,stable
184,9,80.5,14.4,97.8,0,stable
184,10,80.2,14.6,98.0,0,stable
184,11,78.1,14.8,97.9,0,stable
184,12,77.0,15.1,98.2,0,stable
184,13,78.2,14.8,98.1,0,stable
184,14,79.3,14.7,98.1,0,stable
184,15,78.9,14.6,98.1,0,stable
184,16,79.1,14.4,98.1,0,stable
184,17,80.5,14.6,98.0,0,stable
184,18,80.7,14.3,97.9,0,stable
184,19,81.5,14.7,98.0,0,stable
184,20,82.2,14.7,98.1,0,stable
184,21,81.6,14.9,98.0,0,stable
184,22,81.0,15.2,97.9,0,stable
184,23,80.9,14.9,98.2,0,stable
184,24,80.0,15.5,98.1,0,stable
185,1,78.1,12.8,98.1,0,stable
185,2,76.7,13.0,98.3,0,stable
185,3,77.2,13.7,98.4,0,stable
185,4,75.6,14.0,98.6,0,stable
185,5,75.5,13.3,98.7,0,stable
185,6,76.4,13.3,98.5,0,stable
185,7,76.0,14.0,98.4,0,stable
185,8,75.4,13.8,98.3,0,stable
185,9,76.3,13.5,98.2,0,stable
185,10,76.5,13.6,98.3,0,stable
185,11,75.3,13.5,98.3,0,stable
185,12,75.1,13.6,98.4,0,stable
185,13,77.1,13.0,98.4,0,stable
185,14,76.7,13.0,98.4,0,stable
185,15,77.0,12.7,98.4,0,stable
185,16,77.0,13.2,98.3,0,stable
185,17,76.5,13.2,98.3,0,stable
185,18,76.5,12.9,98.3,0,stable
185,19,76.9,12.3,98.5,0,stable
185,20,75.3,12.5,98.3,0,stable
185,21,76.4,13.0,98.4,0,stable
185,22,77.5,12.9,98.2,0,stable
185,23,76.0,13.2,98.3,0,stable
185,24,75.3,13.4,98.4,0,stable
186,1,77.8,15.0,99.5,0,stable
186,2,79.0,14.8,99.3,0,stable
186,3,78.3,15.2,99.3,0,stable
186,4,77.8,15.3,99.4,0,stable
186,5,79.5,15.3,99.3,0,stable
186,6,80.0,15.0,99.1,0,stable
186,7,79.5,15.3,99.1,0,stable
186,8,78.5,15.1,99.3,0,stable
186,9,78.2,15.1,99.2,0,stable
186,10,79.0,15.5,99.3,0,stable
186,11,80.0,15.1,99.0,0,stable
186,12,80.1,14.9,99.1,0,stable
186,13,80.3,14.8,99.1,0,stable
186,14,79.9,15.1,99.0,0,stable
186,15,79.7,15.3,98.7,0,stable
186,16,78.5,15.4,98.8,0,stable
186,17,78.1,15.2,99.0,0,stable
186,18,77.3,15.2,99.1,0,stable
186,19,79.1,15.3,98.9,0,stable
186,20,79.3,14.9,98.9,0,stable
186,21,78.8,15.0,98.9,0,stable
186,22,79.7,15.2,98.9,0,stable
186,23,80.7,15.0,98.8,0,stable
186,24,78.3,15.1,99.0,0,stable
187,1,84.6,12.9,97.2,0,stable
187,2,84.3,13.5,97.0,0,stable
187,3,85.5,13.7,97.0,0,stable
187,4,85.0,13.7,96.9,0,stable
187,5,84.5,14.0,96.9,0,stable
187,6,82.6,13.8,97.1,0,stable
187,7,84.1,14.1,97.0,0,stable
187,8,82.7,13.7,96.8,0,stable
187,9,82.8,13.6,96.9,0,stable
187,10,82.2,13.2,96.8,0,stable
187,11,83.3,13.5,96.7,0,stable
187,12,85.3,13.4,96.7,0,stable
187,13,84.3,13.7,97.0,0,stable
187,14,84.1,13.9,96.8,0,stable
187,15,83.6,13.7,96.9,0,stable
187,16,83.8,14.1,96.7,0,stable
187,17,83.3,13.9,96.7,0,stable
187,18,82.7,13.5,96.9,0,stable
187,19,81.3,13.7,97.0,0,stable
187,20,82.9,13.7,97.1,0,stable
187,21,83.0,13.4,97.0,0,stable
187,22,82.3,13.5,97.2,0,stable
187,23,82.1,13.2,97.0,0,stable
187,24,81.4,13.0,96.9,0,stable
188,1,77.5,16.2,97.5,0,stable
188,2,76.8,16.2,97.5,0,stable
188,3,78.6,16.3,97.5,0,stable
188,4,77.6,16.1,97.2,0,stable
188,5,78.5,16.3,97.0,0,stable
188,6,77.5,16.2,96.9,0,stable
188,7,76.6,16.1,97.2,0,stable
188,8,76.9,16.4,97.3,0,stable
188,9,78.2,16.7,97.3,0,stable
188,10,78.9,16.4,97.4,0,stable
188,11,79.2,16.6,97.6,0,stable
188,12,78.3,16.6,97.7,0,stable
188,13,77.3,16.7,97.5,0,stable
188,14,77.5,17.1,97.4,0,stable
188,15,78.0,17.0,97.5,0,stable
188,16,78.8,16.8,97.5,0,stable
188,17,78.6,16.8,97.7,0,stable
188,18,79.4,16.5,97.6,0,stable
188,19,79.0,16.3,97.8,0,stable
188,20,78.9,16.6,97.9,0,stable
188,21,78.7,16.7,97.8,0,stable
188,22,77.7,17.2,97.6,0,stable
188,23,77.4,17.0,97.4,0,stable
188,24,76.9,16.8,97.4,0,stable
189,1,70.8,17.3,97.2,0,stable
189,2,71.4,17.0,97.1,0,stable
189,3,71.3,16.4,97.2,0,stable
189,4,71.0,16.2,97.1,0,stable
189,5,71.3,16.3,97.4,0,stable
189,6,71.4,16.3,97.2,0,stable
189,7,71.2,16.3,97.2,0,stable
189,8,70.0,16.2,97.3,0,stable
189,9,70.6,16.5,97.4,0,stable
189,10,70.2,16.8,97.1,0,stable
189,11,70.3,16.9,97.0,0,stable
189,12,70.2,16.8,96.9,0,stable
189,13,70.1,16.7,96.9,0,stable
189,14,70.8,16.7,96.8,0,stable
189,15,71.2,16.7,96.9,0,stable
189,16,70.4,16.6,97.0,0,stable
189,17,70.1,16.4,97.1,0,stable
189,18,69.6,16.6,97.2,0,stable
189,19,71.0,16.3,97.3,0,stable
189,20,70.7,16.0,97.3,0,stable
189,21,70.8,16.0,97.3,0,stable
189,22,70.8,16.1,97.2,0,stable
189,23,70.0,16.0,96.9,0,stable
189,24,69.6,16.1,96.9,0,stable
190,1,70.9,16.3,98.5,0,stable
190,2,71.5,16.3,98.2,0,stable
190,3,71.6,16.3,98.2,0,stable
190,4,70.8,16.4,98.2,0,stable
190,5,71.7,16.2,98.3,0,stable
190,6,71.7,16.4,98.0,0,stable
190,7,71.1,16.1,97.9,0,stable
190,8,72.2,16.2,97.8,0,stable
190,9,72.3,16.6,97.8,0,stable
190,10,73.4,16.5,97.6,0,stable
190,11,73.6,16.3,97.8,0,stable
190,12,72.5,16.3,97.7,0,stable
190,13,72.9,15.8,97.7,0,stable
190,14,72.5,15.9,97.8,0,stable
190,15,72.6,15.8,97.8,0,stable
190,16,72.2,15.6,97.7,0,stable
190,17,73.8,15.8,98.0,0,stable
190,18,74.2,16.2,98.1,0,stable
190,19,74.1,16.0,98.1,0,stable
190,20,72.9,16.2,98.1,0,stable
190,21,72.3,16.2,98.0,0,stable
190,22,72.6,16.1,98.1,0,stable
190,23,72.7,16.4,97.9,0,stable
190,24,73.0,16.3,97.7,0,stable
191,1,69.6,15.8,97.0,0,stable
191,2,68.7,16.0,97.0,0,stable
191,3,69.8,16.5,97.0,0,stable
191,4,72.4,16.5,97.0,0,stable
191,5,71.3,16.5,97.1,0,stable
191,6,70.8,17.0,97.2,0,stable
191,7,70.8,16.4,97.1,0,stable
191,8,72.6,16.9,97.2,0,stable
191,9,72.0,16.9,97.2,0,stable
191,10,72.5,16.8,97.4,0,stable
191,11,72.7,16.6,97.3,0,stable
191,12,72.4,16.5,97.4,0,stable
191,13,72.8,16.7,97.4,0,stable
191,14,71.1,16.8,97.2,0,stable
191,15,73.2,16.9,97.2,0,stable
191,16,73.4,17.0,97.2,0,stable
191,17,74.3,17.1,97.2,0,stable
191,18,73.4,17.0,97.2,0,stable
191,19,72.7,16.4,97.3,0,stable
191,20,71.7,16.7,97.4,0,stable
191,21,72.4,17.0,97.4,0,stable
191,22,72.7,17.0,97.4,0,stable
191,23,71.9,16.8,97.2,0,stable
191,24,71.5,16.8,97.0,0,stable
192,1,65.8,17.0,97.3,0,stable
192,2,66.2,16.3,97.7,0,stable
192,3,67.2,16.1,97.7,0,stable
192,4,67.0,16.4,97.8,0,stable
192,5,68.5,15.8,97.7,0,stable
192,6,70.2,15.8,97.8,0,stable
192,7,69.9,15.8,97.7,0,stable
192,8,69.8,16.0,97.7,0,stable
192,9,70.7,16.1,97.7,0,stable
192,10,70.9,16.1,97.7,0,stable
192,11,70.9,16.1,97.8,0,stable
192,12,69.6,16.5,97.9,0,stable
192,13,69.4,16.1,97.6,0,stable
192,14,68.8,16.1,97.9,0,stable
192,15,69.4,15.8,97.8,0,stable
192,16,69.1,15.7,97.8,0,stable
192,17,67.5,15.5,97.9,0,stable
192,18,69.9,15.6,97.8,0,stable
192,19,70.5,15.7,97.8,0,stable
192,20,69.0,15.4,97.7,0,stable
192,21,70.8,16.0,97.8,0,stable
192,22,70.2,15.6,97.9,0,stable
192,23,69.5,15.3,97.7,0,stable
192,24,69.4,15.5,97.7,0,stable
193,1,74.7,16.7,98.6,0,stable
193,2,75.4,16.2,98.5,0,stable
193,3,75.2,15.5,98.3,0,stable
193,4,76.7,15.7,98.5,0,stable
193,5,76.8,16.0,98.6,0,stable
193,6,77.6,15.4,98.3,0,stable
193,7,76.5,15.9,98.1,0,stable
193,8,77.0,16.2,98.0,0,stable
193,9,76.7,16.3,98.0,0,stable
193,10,75.8,16.2,98.0,0,stable
193,11,75.4,16.2,98.3,0,stable
193,12,75.8,16.3,98.1,0,stable
193,13,76.6,15.9,97.8,0,stable
193,14,76.8,16.1,97.9,0,stable
193,15,76.3,16.6,97.8,0,stable
193,16,77.1,16.5,98.1,0,stable
193,17,76.6,16.4,98.3,0,stable
193,18,75.5,16.6,98.1,0,stable
193,19,74.2,16.8,98.2,0,stable
193,20,73.4,16.5,98.3,0,stable
193,21,74.2,16.5,98.5,0,stable
193,22,75.2,16.3,98.4,0,stable
193,23,75.5,16.1,98.2,0,stable
193,24,75.3,16.0,98.3,0,stable
194,1,85.1,15.4,97.5,0,stable
194,2,82.6,15.0,97.7,0,stable
194,3,81.7,14.7,97.7,0,stable
194,4,81.2,14.6,97.5,0,stable
194,5,81.0,14.9,97.7,0,stable
194,6,80.8,14.9,97.8,0,stable
194,7,79.2,15.1,97.6,0,stable
194,8,79.8,15.1,97.7,0,stable
194,9,79.7,15.1,97.7,0,stable
194,10,81.4,15.5,97.9,0,stable
194,11,81.0,15.9,97.7,0,stable
194,12,79.6,15.7,97.9,0,stable
194,13,80.4,15.9,97.9,0,stable
194,14,80.4,15.3,98.2,0,stable
194,15,79.2,15.1,97.9,0,stable
194,16,79.8,15.4,97.9,0,stable
194,17,79.5,15.3,97.8,0,stable
194,18,79.6,15.7,97.8,0,stable
194,19,80.8,15.1,97.8,0,stable
194,20,81.5,14.8,97.8,0,stable
194,21,80.0,15.3,97.7,0,stable
194,22,80.9,15.2,97.8,0,stable
194,23,80.6,14.9,97.8,0,stable
194,24,81.2,14.9,97.7,0,stable
195,1,79.2,15.7,98.4,0,stable
195,2,80.5,15.8,98.4,0,stable
195,3,81.2,16.0,98.2,0,stable
195,4,81.0,15.7,98.3,0,stable
195,5,81.0,15.6,98.4,0,stable
195,6,81.3,15.4,98.4,0,stable
195,7,82.6,15.9,98.4,0,stable
195,8,81.8,15.8,98.0,0,stable
195,9,82.6,15.6,97.9,0,stable
195,10,83.0,15.7,97.9,0,stable
195,11,83.6,15.4,98.0,0,stable
195,12,83.5,15.6,98.3,0,stable
195,13,82.5,15.5,98.4,0,stable
195,14,81.8,15.2,98.3,0,stable
195,15,82.6,15.4,98.1,0,stable
195,16,83.3,15.3,98.3,0,stable
195,17,83.6,15.5,98.2,0,stable
195,18,83.6,15.9,98.3,0,stable
195,19,84.2,15.4,98.4,0,stable
195,20,82.8,15.3,98.3,0,stable
195,21,81.6,15.1,98.2,0,stable
195,22,81.5,15.5,98.1,0,stable
195,23,83.1,15.3,97.9,0,stable
195,24,84.3,15.7,98.1,0,stable
196,1,79.5,14.2,98.6,0,stable
196,2,79.1,13.8,98.6,0,stable
196,3,78.0,14.1,98.9,0,stable
196,4,78.9,14.1,98.8,0,stable
196,5,79.3,14.4,98.7,0,stable
196,6,77.6,14.6,98.7,0,stable
196,7,80.1,14.9,98.5,0,stable
196,8,80.2,14.2,98.6,0,stable
196,9,79.8,14.2,98.3,0,stable
196,10,80.8,14.3,98.3,0,stable
196,11,80.2,14.4,98.4,0,stable
196,12,79.3,14.4,98.7,0,stable
196,13,78.0,14.3,98.8,0,stable
196,14,77.7,14.3,98.6,0,stable
196,15,79.4,14.7,98.5,0,stable
196,16,79.5,14.5,98.5,0,stable
196,17,79.6,14.5,98.5,0,stable
196,18,79.0,14.5,98.5,0,stable
196,19,79.7,14.3,98.4,0,stable
196,20,78.7,13.9,98.5,0,stable
196,21,78.5,14.0,98.7,0,stable
196,22,78.4,13.7,98.6,0,stable
196,23,77.7,14.0,98.7,0,stable
196,24,79.3,14.0,98.8,0,stable
197,1,74.9,16.6,98.2,0,stable
197,2,75.1,16.9,98.2,0,stable
197,3,74.7,16.4,98.3,0,stable
197,4,75.2,16.6,98.0,0,stable
197,5,73.9,16.6,97.7,0,stable
197,6,74.0,16.5,98.1,0,stable
197,7,73.1,16.3,98.2,0,stable
197,8,74.4,16.5,98.0,0,stable
197,9,74.3,16.2,98.3,0,stable
197,10,73.7,16.6,98.3,0,stable
197,11,74.4,17.0,98.3,0,stable
197,12,74.2,17.3,98.1,0,stable
197,13,74.2,17.3,98.1,0,stable
197,14,73.7,17.0,98.2,0,stable
197,15,74.3,16.9,98.1,0,stable
197,16,74.6,16.9,98.1,0,stable
197,17,74.1,17.1,98.2,0,stable
197,18,74.4,17.0,98.2,0,stable
197,19,74.1,17.0,98.1,0,stable
197,20,74.3,16.4,98.0,0,stable
197,21,73.6,16.5,98.0,0,stable
197,22,74.3,16.7,98.0,0,stable
197,23,75.0,16.4,98.1,0,stable
197,24,74.9,16.8,97.9,0,stable
198,1,70.9,18.6,97.4,0,stable
198,2,72.3,18.7,97.3,0,stable
198,3,73.6,18.4,97.2,0,stable
198,4,74.0,18.4,97.4,0,stable
198,5,73.6,18.4,97.6,0,stable
198,6,72.4,18.3,97.5,0,stable
198,7,72.2,18.6,97.5,0,stable
198,8,72.6,18.8,97.6,0,stable
198,9,71.9,18.7,97.6,0,stable
198,10,70.8,18.9,97.5,0,stable
198,11,71.3,18.5,97.7,0,stable
198,12,72.7,18.3,97.6,0,stable
198,13,71.8,18.1,97.7,0,stable
198,14,70.9,18.4,97.7,0,stable
198,15,72.1,19.3,97.6,0,stable
198,16,72.0,19.1,97.6,0,stable
198,17,71.3,18.6,97.5,0,stable
198,18,71.5,18.0,97.5,0,stable
198,19,71.3,18.1,97.6,0,stable
198,20,70.7,18.3,97.9,0,stable
198,21,70.8,18.3,97.9,0,stable
198,22,71.7,18.4,97.7,0,stable
198,23,71.8,18.3,97.8,0,stable
198,24,70.3,18.3,97.7,0,stable
199,1,79.4,13.6,98.4,0,stable
199,2,80.1,14.0,98.4,0,stable
199,3,79.0,14.0,98.3,0,stable
199,4,79.0,13.7,98.1,0,stable
199,5,80.1,13.5,98.1,0,stable
199,6,79.5,13.4,98.1,0,stable
199,7,79.0,13.9,98.1,0,stable
199,8,78.8,13.7,98.1,0,stable
199,9,78.6,13.6,97.9,0,stable
199,10,80.2,13.7,97.9,0,stable
199,11,78.4,13.7,98.0,0,stable
199,12,79.8,13.6,98.0,0,stable
199,13,80.5,13.6,98.0,0,stable
199,14,79.7,13.8,98.1,0,stable
199,15,81.2,13.5,98.1,0,stable
199,16,80.8,13.9,98.2,0,stable
199,17,81.1,13.7,97.9,0,stable
199,18,80.5,14.2,97.8,0,stable
199,19,80.5,14.0,98.0,0,stable
199,20,79.5,14.0,98.0,0,stable
199,21,80.0,14.4,98.0,0,stable
199,22,80.2,14.6,98.2,0,stable
199,23,79.2,14.4,98.2,0,stable
199,24,81.2,14.2,98.1,0,stable
200,1,79.6,14.3,96.7,0,stable
200,2,78.8,14.7,96.5,0,stable
200,3,78.7,14.7,96.4,0,stable
200,4,79.1,14.7,96.5,0,stable
200,5,78.5,15.2,96.3,0,stable
200,6,77.5,15.3,96.6,0,stable
200,7,78.5,14.9,96.6,0,stable
200,8,78.7,15.0,96.7,0,stable
200,9,78.1,15.1,96.4,0,stable
200,10,78.2,15.3,96.3,0,stable
200,11,77.4,14.8,96.5,0,stable
200,12,76.9,14.6,96.6,0,stable
200,13,77.2,14.9,96.4,0,stable
200,14,78.4,14.9,96.6,0,stable
200,15,77.5,15.1,96.5,0,stable
200,16,78.1,15.1,96.3,0,stable
200,17,78.1,15.1,96.3,0,stable
200,18,78.7,15.1,96.4,0,stable
200,19,78.9,15.1,96.5,0,stable
200,20,79.6,15.0,96.7,0,stable
200,21,78.9,14.8,96.8,0,stable
200,22,78.0,15.0,96.8,0,stable
200,23,77.5,14.7,96.6,0,stable
200,24,77.3,14.6,96.7,0,stable
201,1,70.6,15.0,97.2,0,stable
201,2,69.8,15.2,97.3,0,stable
201,3,70.7,15.1,97.1,0,stable
201,4,70.2,15.5,97.0,0,stable
201,5,69.3,15.3,96.9,0,stable
201,6,68.2,15.3,97.0,0,stable
201,7,69.6,15.3,97.0,0,stable
201,8,69.1,15.2,97.3,0,stable
201,9,69.2,15.0,97.3,0,stable
201,10,69.9,15.2,97.2,0,stable
201,11,69.9,15.0,97.3,0,stable
201,12,68.4,15.1,97.4,0,stable
201,13,67.6,15.6,97.3,0,stable
201,14,68.6,16.0,97.3,0,stable
201,15,69.5,15.4,97.3,0,stable
201,16,70.5,15.5,97.4,0,stable
201,17,70.8,15.2,97.3,0,stable
201,18,69.8,15.3,97.3,0,stable
201,19,70.2,15.0,97.3,0,stable
201,20,68.0,15.3,97.1,0,stable
201,21,67.5,15.3,97.1,0,stable
201,22,68.3,15.3,97.2,0,stable
201,23,68.0,15.5,97.3,0,stable
201,24,68.3,15.5,97.2,0,stable
202,1,74.8,13.7,98.4,0,stable
202,2,72.9,14.1,98.6,0,stable
202,3,73.0,14.6,98.7,0,stable
202,4,72.1,14.9,98.6,0,stable
202,5,72.3,15.2,98.5,0,stable
202,6,72.5,15.5,98.5,0,stable
202,7,71.6,15.5,98.5,0,stable
202,8,71.7,15.4,98.6,0,stable
202,9,73.0,14.9,98.6,0,stable
202,10,73.6,15.3,98.5,0,stable
202,11,73.0,15.4,98.2,0,stable
202,12,71.9,15.1,98.4,0,stable
202,13,72.5,14.8,98.3,0,stable
202,14,72.9,15.0,98.2,0,stable
202,15,72.8,14.6,98.2,0,stable
202,16,73.3,14.8,98.3,0,stable
202,17,72.2,14.7,98.3,0,stable
202,18,73.3,14.6,98.5,0,stable
202,19,74.2,14.1,98.4,0,stable
202,20,73.6,14.4,98.4,0,stable
202,21,73.2,14.6,98.5,0,stable
202,22,72.6,14.8,98.3,0,stable
202,23,72.1,14.7,98.5,0,stable
202,24,71.7,14.6,98.5,0,stable
203,1,66.6,12.0,96.5,0,stable
203,2,66.9,12.6,96.6,0,stable
203,3,66.5,12.2,96.4,0,stable
203,4,66.2,12.2,96.4,0,stable
203,5,66.6,12.5,96.4,0,stable
203,6,67.6,12.7,96.5,0,stable
203,7,68.1,12.9,96.6,0,stable
203,8,67.4,12.9,96.4,0,stable
203,9,68.0,12.8,96.4,0,stable
203,10,68.3,13.1,96.4,0,stable
203,11,69.0,13.4,96.4,0,stable
203,12,67.7,13.4,96.4,0,stable
203,13,67.2,13.5,96.5,0,stable
203,14,68.4,13.2,96.3,0,stable
203,15,67.6,13.2,96.4,0,stable
203,16,67.0,13.3,96.1,0,stable
203,17,67.4,13.3,96.2,0,stable
203,18,67.9,13.1,96.3,0,stable
203,19,68.1,12.6,96.2,0,stable
203,20,67.6,13.4,96.1,0,stable
203,21,67.2,13.3,96.2,0,stable
203,22,67.9,13.1,96.4,0,stable
203,23,67.5,13.0,96.5,0,stable
203,24,67.3,13.2,96.3,0,stable
204,1,85.5,17.5,98.2,0,stable
204,2,83.8,17.1,98.1,0,stable
204,3,84.5,17.2,97.9,0,stable
204,4,83.4,17.1,97.9,0,stable
204,5,82.6,16.6,98.0,0,stable
204,6,83.2,16.6,98.3,0,stable
204,7,82.4,16.4,98.3,0,stable
204,8,82.5,16.7,98.1,0,stable
204,9,82.5,16.5,98.2,0,stable
204,10,82.7,16.1,98.1,0,stable
204,11,82.3,16.6,98.3,0,stable
204,12,81.9,16.8,97.9,0,stable
204,13,82.1,16.5,98.0,0,stable
204,14,81.0,16.2,97.9,0,stable
204,15,80.6,16.7,98.1,0,stable
204,16,80.9,16.3,97.9,0,stable
204,17,82.4,16.0,97.9,0,stable
204,18,82.0,16.1,97.9,0,stable
204,19,82.6,16.3,97.9,0,stable
204,20,81.2,16.4,98.0,0,stable
204,21,82.2,16.4,97.9,0,stable
204,22,82.2,16.5,97.8,0,stable
204,23,82.0,16.7,97.9,0,stable
204,24,82.6,16.4,97.7,0,stable
205,1,85.0,16.7,97.4,0,stable
205,2,84.7,16.4,97.6,0,stable
205,3,84.2,17.0,97.8,0,stable
205,4,84.5,17.4,97.7,0,stable
205,5,83.7,17.0,97.7,0,stable
205,6,82.2,17.0,97.8,0,stable
205,7,81.1,17.2,97.8,0,stable
205,8,80.8,16.7,97.7,0,stable
205,9,80.8,16.4,97.8,0,stable
205,10,80.9,16.5,97.8,0,stable
205,11,79.3,16.8,98.0,0,stable
205,12,80.5,17.4,98.0,0,stable
205,13,78.5,17.5,97.8,0,stable
205,14,78.3,17.8,97.8,0,stable
205,15,80.7,17.7,97.6,0,stable
205,16,82.1,17.5,97.5,0,stable
205,17,81.9,17.5,97.5,0,stable
205,18,81.4,17.4,97.6,0,stable
205,19,81.3,17.2,97.7,0,stable
205,20,80.7,17.1,97.8,0,stable
205,21,80.0,16.8,98.0,0,stable
205,22,80.1,16.7,97.8,0,stable
205,23,78.8,16.8,97.6,0,stable
205,24,78.7,16.6,97.6,0,stable
206,1,74.9,16.2,97.3,0,stable
206,2,73.2,16.2,97.4,0,stable
206,3,72.6,15.6,97.1,0,stable
206,4,72.3,15.4,97.1,0,stable
206,5,72.1,15.5,97.0,0,stable
206,6,71.1,15.7,96.9,0,stable
206,7,71.9,15.9,96.9,0,stable
206,8,71.8,15.2,96.9,0,stable
206,9,72.3,15.5,96.7,0,stable
206,10,72.6,15.6,96.6,0,stable
206,11,72.8,15.9,96.6,0,stable
206,12,72.9,15.9,96.7,0,stable
206,13,73.4,16.4,96.9,0,stable
206,14,71.4,16.3,96.8,0,stable
206,15,70.3,16.1,96.7,0,stable
206,16,70.9,15.8,96.7,0,stable
206,17,70.8,15.9,96.9,0,stable
206,18,71.0,15.7,96.9,0,stable
206,19,71.3,15.7,96.8,0,stable
206,20,69.4,15.5,96.8,0,stable
206,21,69.6,15.7,96.8,0,stable
206,22,70.8,15.9,96.9,0,stable
206,23,69.6,16.1,96.8,0,stable
206,24,70.3,16.4,96.6,0,stable
207,1,74.2,12.4,98.6,0,stable
207,2,73.8,12.6,98.3,0,stable
207,3,75.8,12.6,98.0,0,stable
207,4,76.3,13.0,98.2,0,stable
207,5,75.0,13.1,98.0,0,stable
207,6,76.0,13.6,98.0,0,stable
207,7,77.1,13.3,98.1,0,stable
207,8,76.7,13.5,98.2,0,stable
207,9,75.1,13.3,98.3,0,stable
207,10,74.7,13.0,98.0,0,stable
207,11,75.3,12.8,97.9,0,stable
207,12,75.8,12.9,98.0,0,stable
207,13,75.2,12.9,97.9,0,stable
207,14,75.2,13.3,97.9,0,stable
207,15,76.3,13.4,97.9,0,stable
207,16,74.9,13.1,97.9,0,stable
207,17,75.3,13.3,97.9,0,stable
207,18,75.9,13.5,97.9,0,stable
207,19,75.9,13.3,97.8,0,stable
207,20,76.3,12.9,97.8,0,stable
207,21,77.3,12.9,97.7,0,stable
207,22,75.8,13.0,97.9,0,stable
207,23,75.3,13.2,98.1,0,stable
207,24,75.6,13.2,98.0,0,stable
208,1,76.2,14.7,97.0,0,stable
208,2,74.0,15.1,97.0,0,stable
208,3,74.5,15.5,97.0,0,stable
208,4,73.8,15.7,97.0,0,stable
208,5,75.3,15.4,96.9,0,stable
208,6,75.5,15.8,96.9,0,stable
208,7,74.6,15.9,97.0,0,stable
208,8,74.5,15.7,97.2,0,stable
208,9,74.3,15.3,97.2,0,stable
208,10,74.5,15.3,97.0,0,stable
208,11,74.5,15.3,97.4,0,stable
208,12,72.9,15.5,97.2,0,stable
208,13,73.7,15.8,97.3,0,stable
208,14,73.9,16.0,97.3,0,stable
208,15,74.6,16.2,97.3,0,stable
208,16,74.9,15.9,97.2,0,stable
208,17,73.2,16.1,97.1,0,stable
208,18,75.6,16.0,97.2,0,stable
208,19,74.6,15.7,97.2,0,stable
208,20,74.9,16.0,97.2,0,stable
208,21,74.7,16.4,97.2,0,stable
208,22,73.3,16.1,97.2,0,stable
208,23,73.8,15.9,97.2,0,stable
208,24,74.4,15.7,97.2,0,stable
209,1,76.0,15.7,96.9,0,stable
209,2,75.2,15.6,96.8,0,stable
209,3,74.3,15.5,97.0,0,stable
209,4,72.5,15.7,97.3,0,stable
209,5,71.7,15.2,97.2,0,stable
209,6,72.7,15.3,97.5,0,stable
209,7,71.7,15.9,97.4,0,stable
209,8,72.1,15.9,97.6,0,stable
209,9,72.5,15.6,97.6,0,stable
209,10,71.4,15.9,97.5,0,stable
209,11,71.0,15.3,97.3,0,stable
209,12,72.2,15.4,97.2,0,stable
209,13,72.1,15.4,97.2,0,stable
209,14,71.7,15.2,97.3,0,stable
209,15,71.1,14.9,97.5,0,stable
209,16,72.8,15.1,97.4,0,stable
209,17,73.2,15.0,97.6,0,stable
209,18,73.7,15.3,97.7,0,stable
209,19,73.8,15.3,97.6,0,stable
209,20,73.6,15.4,97.5,0,stable
209,21,74.0,15.3,97.4,0,stable
209,22,74.7,15.3,97.5,0,stable
209,23,74.4,15.4,97.5,0,stable
209,24,74.9,15.1,97.5,0,stable
210,1,82.9,15.2,98.1,0,stable
210,2,83.9,15.2,98.3,0,stable
210,3,82.8,15.4,98.1,0,stable
210,4,81.9,15.6,98.2,0,stable
210,5,80.9,15.8,98.3,0,stable
210,6,80.8,15.8,98.2,0,stable
210,7,80.1,15.2,98.3,0,stable
210,8,79.8,15.7,98.3,0,stable
210,9,80.7,16.1,98.0,0,stable
210,10,80.4,15.9,98.1,0,stable
210,11,80.2,15.7,97.9,0,stable
210,12,82.2,15.8,98.2,0,stable
210,13,81.8,15.7,98.2,0,stable
210,14,82.1,15.7,98.0,0,stable
210,15,80.4,15.3,98.1,0,stable
210,16,81.4,15.6,98.1,0,stable
210,17,80.9,16.2,98.0,0,stable
210,18,80.3,16.3,98.1,0,stable
210,19,80.0,16.2,97.9,0,stable
210,20,80.2,15.9,98.1,0,stable
210,21,80.2,15.7,98.2,0,stable
210,22,81.5,15.7,98.2,0,stable
210,23,80.3,15.5,98.2,0,stable
210,24,79.1,16.0,98.0,0,stable
211,1,71.9,16.6,97.9,0,stable
211,2,71.9,15.9,97.8,0,stable
211,3,71.8,15.9,97.5,0,stable
211,4,72.0,16.5,97.5,0,stable
211,5,72.1,16.6,97.5,0,stable
211,6,72.1,16.7,97.4,0,stable
211,7,72.4,16.7,97.5,0,stable
211,8,72.3,16.6,97.4,0,stable
211,9,73.1,16.1,97.7,0,stable
211,10,73.1,16.2,97.6,0,stable
211,11,73.2,16.3,97.5,0,stable
211,12,73.2,16.5,97.4,0,stable
211,13,72.9,16.8,97.5,0,stable
211,14,73.6,16.3,97.4,0,stable
211,15,74.5,16.4,97.5,0,stable
211,16,75.6,16.7,97.5,0,stable
211,17,76.4,16.8,97.3,0,stable
211,18,75.4,16.8,97.4,0,stable
211,19,74.4,16.4,97.5,0,stable
211,20,74.8,16.3,97.3,0,stable
211,21,74.4,16.3,97.5,0,stable
211,22,74.4,16.7,97.5,0,stable
211,23,74.5,16.6,97.5,0,stable
211,24,74.5,16.6,97.2,0,stable
212,1,79.0,14.9,96.3,0,stable
212,2,78.5,14.8,96.4,0,stable
212,3,77.7,14.6,96.4,0,stable
212,4,78.4,14.5,96.3,0,stable
212,5,78.7,14.6,96.5,0,stable
212,6,78.7,14.8,96.6,0,stable
212,7,79.0,15.0,96.5,0,stable
212,8,78.4,14.2,96.5,0,stable
212,9,79.0,14.3,96.7,0,stable
212,10,78.2,14.3,96.7,0,stable
212,11,79.3,14.1,96.8,0,stable
212,12,78.8,14.4,96.6,0,stable
212,13,78.8,14.3,96.6,0,stable
212,14,79.2,14.0,96.6,0,stable
212,15,78.6,13.9,96.6,0,stable
212,16,78.0,13.8,96.4,0,stable
212,17,78.5,13.9,96.5,0,stable
212,18,78.1,14.1,96.5,0,stable
212,19,77.6,14.2,96.7,0,stable
212,20,77.3,14.6,96.5,0,stable
212,21,77.8,14.5,96.5,0,stable
212,22,77.8,14.3,96.5,0,stable
212,23,77.5,13.9,96.4,0,stable
212,24,77.4,14.0,96.3,0,stable
213,1,81.8,17.7,97.4,0,stable
213,2,82.2,18.0,97.2,0,stable
213,3,81.4,17.7,97.2,0,stable
213,4,81.8,18.1,97.2,0,stable
213,5,82.2,18.5,97.0,0,stable
213,6,82.4,18.8,96.9,0,stable
213,7,82.0,18.7,96.9,0,stable
213,8,82.1,18.8,96.8,0,stable
213,9,83.3,18.7,97.0,0,stable
213,10,82.0,18.9,96.8,0,stable
213,11,82.4,18.8,97.0,0,stable
213,12,81.6,18.3,96.9,0,stable
213,13,82.2,18.6,96.7,0,stable
213,14,82.2,18.5,96.9,0,stable
213,15,82.6,18.6,96.8,0,stable
213,16,82.6,18.6,96.8,0,stable
213,17,81.4,18.6,96.6,0,stable
213,18,82.0,18.7,96.7,0,stable
213,19,82.2,18.4,96.8,0,stable
213,20,80.7,18.5,96.8,0,stable
213,21,80.8,18.5,96.8,0,stable
213,22,81.3,18.6,96.7,0,stable
213,23,81.2,18.3,96.6,0,stable
213,24,80.8,18.4,96.9,0,stable
214,1,77.2,17.1,98.1,0,stable
214,2,78.3,16.8,98.2,0,stable
214,3,76.6,16.6,98.3,0,stable
214,4,77.6,16.7,98.3,0,stable
214,5,79.0,16.7,98.5,0,stable
214,6,78.5,16.7,98.3,0,stable
214,7,78.2,16.8,98.3,0,stable
214,8,79.3,16.7,98.2,0,stable
214,9,78.2,16.8,98.3,0,stable
214,10,78.3,17.1,98.2,0,stable
214,11,76.5,17.3,98.3,0,stable
214,12,76.0,17.1,98.2,0,stable
214,13,76.5,16.9,98.2,0,stable
214,14,76.4,16.7,98.2,0,stable
214,15,76.3,17.0,97.9,0,stable
214,16,76.9,16.8,97.9,0,stable
214,17,77.1,16.3,98.0,0,stable
214,18,76.2,16.5,98.0,0,stable
214,19,78.4,16.7,97.8,0,stable
214,20,78.8,16.6,97.9,0,stable
214,21,77.9,16.6,97.8,0,stable
214,22,77.8,16.5,98.0,0,stable
214,23,76.3,16.8,98.2,0,stable
214,24,76.6,16.7,98.3,0,stable
215,1,79.5,14.2,97.7,0,stable
215,2,79.3,13.9,97.7,0,stable
215,3,78.3,13.8,97.8,0,stable
215,4,78.5,14.0,97.7,0,stable
215,5,79.6,14.1,97.8,0,stable
215,6,77.7,14.2,97.7,0,stable
215,7,77.8,14.1,97.9,0,stable
215,8,77.7,13.9,97.7,0,stable
215,9,77.2,14.0,97.8,0,stable
215,10,77.7,14.1,97.8,0,stable
215,11,77.2,14.3,97.7,0,stable
215,12,76.0,14.1,97.6,0,stable
215,13,76.5,14.0,97.9,0,stable
215,14,76.9,14.0,97.9,0,stable
215,15,77.3,13.9,97.9,0,stable
215,16,77.0,13.8,97.8,0,stable
215,17,76.6,14.1,98.1,0,stable
215,18,78.3,14.1,98.0,0,stable
215,19,78.5,14.0,98.0,0,stable
215,20,78.0,14.2,97.9,0,stable
215,21,77.9,13.8,98.1,0,stable
215,22,78.8,13.6,98.0,0,stable
215,23,79.6,13.4,97.9,0,stable
215,24,77.8,13.8,97.8,0,stable
216,1,77.8,17.4,97.7,0,stable
216,2,79.1,17.2,97.6,0,stable
216,3,78.9,17.0,97.4,0,stable
216,4,79.7,17.5,97.3,0,stable
216,5,79.4,17.4,97.4,0,stable
216,6,79.7,17.5,97.2,0,stable
216,7,79.1,17.4,97.4,0,stable
216,8,79.3,17.6,97.1,0,stable
216,9,79.4,17.5,97.3,0,stable
216,10,78.7,17.1,97.2,0,stable
216,11,78.7,17.2,97.2,0,stable
216,12,78.9,17.3,97.3,0,stable
216,13,79.4,17.1,97.2,0,stable
216,14,79.5,17.6,97.1,0,stable
216,15,77.8,17.1,97.1,0,stable
216,16,78.7,17.3,97.5,0,stable
216,17,78.5,17.3,97.4,0,stable
216,18,78.8,17.5,97.4,0,stable
216,19,79.3,17.5,97.4,0,stable
216,20,80.4,17.2,97.4,0,stable
216,21,80.1,17.2,97.5,0,stable
216,22,79.6,17.3,97.1,0,stable
216,23,78.7,17.9,97.2,0,stable
216,24,78.5,17.6,97.4,0,stable
217,1,77.1,16.1,97.6,0,stable
217,2,76.7,16.1,98.0,0,stable
217,3,77.0,16.2,98.1,0,stable
217,4,77.2,16.5,98.1,0,stable
217,5,77.4,17.1,98.3,0,stable
217,6,76.5,17.1,98.2,0,stable
217,7,77.1,17.3,98.2,0,stable
217,8,76.2,17.4,98.4,0,stable
217,9,76.5,17.5,98.5,0,stable
217,10,76.1,16.9,98.5,0,stable
217,11,77.0,16.7,98.4,0,stable
217,12,76.6,16.6,98.5,0,stable
217,13,76.6,16.5,98.5,0,stable
217,14,76.0,16.7,98.2,0,stable
217,15,74.9,17.2,98.4,0,stable
217,16,76.1,16.9,98.2,0,stable
217,17,76.3,16.9,98.1,0,stable
217,18,78.1,16.6,98.0,0,stable
217,19,77.6,16.4,98.2,0,stable
217,20,77.0,16.5,98.0,0,stable
217,21,77.5,16.3,97.9,0,stable
217,22,77.6,16.4,98.1,0,stable
217,23,78.2,16.2,98.0,0,stable
217,24,78.0,16.5,98.2,0,stable
218,1,82.2,16.4,98.8,0,stable
218,2,81.3,16.4,98.9,0,stable
218,3,80.8,16.7,99.0,0,stable
218,4,80.8,17.0,99.2,0,stable
218,5,80.5,17.4,99.1,0,stable
218,6,80.2,17.6,99.1,0,stable
218,7,82.1,16.9,99.0,0,stable
218,8,79.8,17.2,98.8,0,stable
218,9,80.0,17.6,98.8,0,stable
218,10,78.4,17.6,98.7,0,stable
218,11,80.5,17.2,98.6,0,stable
218,12,81.1,17.2,98.8,0,stable
218,13,80.6,16.8,98.9,0,stable
218,14,79.6,16.9,98.6,0,stable
218,15,78.9,17.0,98.6,0,stable
218,16,80.4,17.2,98.7,0,stable
218,17,80.2,17.4,98.7,0,stable
218,18,80.4,16.7,98.6,0,stable
218,19,80.5,16.7,98.6,0,stable
218,20,80.9,16.6,98.5,0,stable
218,21,80.6,16.4,98.6,0,stable
218,22,80.6,16.6,98.8,0,stable
218,23,80.3,16.7,98.8,0,stable
218,24,79.9,16.9,98.9,0,stable
219,1,73.8,18.3,96.3,0,stable
219,2,73.3,18.3,96.3,0,stable
219,3,73.8,18.0,96.1,0,stable
219,4,72.9,18.0,96.0,0,stable
219,5,73.0,17.8,96.1,0,stable
219,6,74.6,17.6,95.9,0,stable
219,7,74.1,17.4,95.9,0,stable
219,8,72.8,17.6,96.0,0,stable
219,9,73.6,17.5,96.1,0,stable
219,10,73.2,17.4,96.2,0,stable
219,11,73.0,17.7,96.1,0,stable
219,12,72.6,17.6,96.1,0,stable
219,13,72.9,17.8,96.1,0,stable
219,14,72.9,17.8,96.1,0,stable
219,15,72.3,17.8,96.1,0,stable
219,16,73.1,18.0,96.2,0,stable
219,17,74.7,17.7,96.2,0,stable
219,18,75.3,17.2,96.3,0,stable
219,19,75.0,17.2,96.4,0,stable
219,20,76.1,17.4,96.7,0,stable
219,21,75.3,17.6,96.5,0,stable
219,22,75.2,17.4,96.4,0,stable
219,23,74.8,17.7,96.3,0,stable
219,24,74.2,17.3,96.4,0,stable
220,1,72.4,15.4,96.4,0,stable
220,2,73.5,15.6,96.7,0,stable
220,3,73.5,16.4,96.7,0,stable
220,4,72.9,16.1,96.9,0,stable
220,5,72.9,16.2,96.5,0,stable
220,6,72.8,16.1,96.6,0,stable
220,7,72.0,16.3,96.6,0,stable
220,8,72.2,16.3,96.4,0,stable
220,9,72.5,15.9,96.3,0,stable
220,10,72.9,16.2,96.3,0,stable
220,11,74.2,15.8,96.5,0,stable
220,12,73.9,15.9,96.6,0,stable
220,13,73.6,16.1,96.5,0,stable
220,14,72.9,16.1,96.4,0,stable
220,15,74.0,15.5,96.6,0,stable
220,16,73.8,16.1,96.5,0,stable
220,17,72.2,16.0,96.4,0,stable
220,18,73.6,16.2,96.5,0,stable
220,19,73.1,16.2,96.5,0,stable
220,20,72.9,15.8,96.5,0,stable
220,21,74.3,16.2,96.3,0,stable
220,22,72.7,16.0,96.6,0,stable
220,23,73.9,16.3,96.7,0,stable
220,24,74.3,16.1,96.6,0,stable
221,1,86.6,17.2,97.4,0,stable
221,2,85.9,16.7,97.5,0,stable
221,3,86.3,17.0,97.5,0,stable
221,4,85.6,17.0,97.2,0,stable
221,5,84.9,16.5,97.2,0,stable
221,6,84.9,16.7,97.3,0,stable
221,7,85.6,16.8,97.1,0,stable
221,8,86.4,16.9,96.9,0,stable
221,9,85.4,16.9,97.1,0,stable
221,10,85.7,17.2,96.9,0,stable
221,11,86.3,16.6,97.0,0,stable
221,12,85.5,16.5,97.1,0,stable
221,13,86.2,16.6,97.2,0,stable
221,14,86.5,16.6,97.3,0,stable
221,15,85.7,16.6,96.8,0,stable
221,16,85.7,16.7,96.8,0,stable
221,17,86.0,17.0,96.7,0,stable
221,18,85.2,17.2,96.8,0,stable
221,19,84.4,17.2,97.0,0,stable
221,20,84.9,17.1,97.1,0,stable
221,21,84.4,17.1,97.1,0,stable
221,22,84.6,16.9,96.8,0,stable
221,23,85.4,17.0,96.9,0,stable
221,24,85.4,17.0,96.9,0,stable
222,1,89.2,13.9,97.5,0,stable
222,2,88.0,14.7,97.6,0,stable
222,3,87.9,14.9,97.4,0,stable
222,4,88.5,15.6,97.5,0,stable
222,5,87.7,15.4,97.5,0,stable
222,6,86.9,15.9,97.4,0,stable
222,7,89.5,15.6,97.5,0,stable
222,8,89.7,15.8,97.3,0,stable
222,9,88.5,16.0,97.1,0,stable
222,10,89.7,16.0,97.2,0,stable
222,11,89.1,15.8,97.2,0,stable
222,12,88.7,15.5,97.2,0,stable
222,13,88.7,15.6,97.2,0,stable
222,14,88.5,15.5,97.4,0,stable
222,15,87.8,15.9,97.4,0,stable
222,16,86.0,16.1,97.5,0,stable
222,17,86.5,15.5,97.3,0,stable
222,18,86.8,15.7,97.6,0,stable
222,19,87.1,16.0,97.6,0,stable
222,20,86.4,16.3,97.4,0,stable
222,21,87.2,15.8,97.5,0,stable
222,22,88.1,15.6,97.3,0,stable
222,23,89.0,15.9,97.4,0,stable
222,24,88.9,15.7,97.5,0,stable
223,1,73.9,17.1,97.2,0,stable
223,2,74.8,16.5,97.3,0,stable
223,3,73.7,16.3,97.3,0,stable
223,4,74.5,15.8,97.2,0,stable
223,5,75.3,15.7,97.2,0,stable
223,6,74.7,15.5,97.2,0,stable
223,7,74.9,15.3,97.2,0,stable
223,8,75.1,15.7,97.0,0,stable
223,9,74.3,15.3,97.0,0,stable
223,10,74.1,15.5,97.0,0,stable
223,11,74.2,15.2,97.0,0,stable
223,12,74.8,15.5,97.1,0,stable
223,13,74.4,16.0,97.1,0,stable
223,14,73.8,16.0,97.1,0,stable
223,15,75.3,16.2,97.3,0,stable
223,16,75.4,15.7,97.1,0,stable
223,17,75.8,15.9,97.3,0,stable
223,18,75.4,15.5,97.0,0,stable
223,19,74.9,15.7,96.9,0,stable
223,20,75.7,15.6,97.0,0,stable
223,21,75.7,15.2,97.1,0,stable
223,22,76.3,15.4,97.1,0,stable
223,23,75.4,15.9,96.9,0,stable
223,24,73.2,15.9,97.0,0,stable
224,1,69.5,16.0,97.3,0,stable
224,2,69.4,16.4,97.3,0,stable
224,3,70.7,16.1,97.2,0,stable
224,4,69.8,16.7,97.1,0,stable
224,5,69.8,16.7,97.0,0,stable
224,6,71.2,16.5,97.1,0,stable
224,7,71.7,16.7,97.1,0,stable
224,8,69.3,16.5,96.9,0,stable
224,9,69.1,16.6,96.9,0,stable
224,10,69.2,16.6,96.9,0,stable
224,11,68.5,16.4,96.7,0,stable
224,12,66.7,16.0,96.8,0,stable
224,13,66.7,15.8,96.9,0,stable
224,14,68.6,16.2,97.1,0,stable
224,15,69.5,15.9,96.9,0,stable
224,16,68.3,16.0,96.9,0,stable
224,17,67.9,16.5,96.8,0,stable
224,18,67.5,16.4,97.0,0,stable
224,19,67.5,16.3,96.8,0,stable
224,20,67.2,16.1,97.1,0,stable
224,21,68.6,16.5,97.0,0,stable
224,22,68.4,16.3,97.1,0,stable
224,23,68.5,16.1,96.9,0,stable
224,24,68.7,16.1,96.8,0,stable
225,1,75.8,16.0,97.6,0,stable
225,2,76.6,16.1,97.6,0,stable
225,3,77.7,16.2,97.6,0,stable
225,4,77.8,15.8,97.5,0,stable
225,5,78.3,15.8,97.6,0,stable
225,6,78.4,15.9,97.5,0,stable
225,7,77.6,16.4,97.6,0,stable
225,8,77.1,16.3,97.4,0,stable
225,9,77.7,15.6,97.3,0,stable
225,10,78.2,15.5,97.4,0,stable
225,11,78.7,15.7,97.5,0,stable
225,12,78.2,16.3,97.5,0,stable
225,13,78.1,16.4,97.4,0,stable
225,14,78.5,15.6,97.5,0,stable
225,15,77.8,16.3,97.4,0,stable
225,16,78.9,16.1,97.4,0,stable
225,17,78.8,16.3,97.4,0,stable
225,18,79.5,16.4,97.5,0,stable
225,19,79.1,16.0,97.5,0,stable
225,20,79.0,15.8,97.5,0,stable
225,21,79.6,15.9,97.4,0,stable
225,22,80.2,15.9,97.2,0,stable
225,23,80.9,15.7,97.3,0,stable
225,24,81.4,15.9,97.3,0,stable
226,1,76.5,17.8,98.2,0,stable
226,2,76.1,18.3,98.3,0,stable
226,3,76.9,18.7,98.3,0,stable
226,4,76.1,18.4,97.9,0,stable
226,5,75.6,18.3,97.9,0,stable
226,6,74.8,18.4,98.0,0,stable
226,7,75.1,18.6,97.9,0,stable
226,8,74.4,18.9,98.0,0,stable
226,9,75.0,19.2,98.3,0,stable
226,10,73.6,19.2,98.3,0,stable
226,11,73.7,18.9,98.2,0,stable
226,12,73.6,19.4,98.2,0,stable
226,13,74.1,18.9,98.1,0,stable
226,14,73.9,18.7,98.0,0,stable
226,15,74.8,18.8,98.1,0,stable
226,16,73.8,19.0,98.1,0,stable
226,17,74.2,18.5,98.1,0,stable
226,18,74.5,18.8,98.4,0,stable
226,19,74.6,18.8,98.2,0,stable
226,20,75.0,18.6,98.1,0,stable
226,21,75.0,18.5,98.1,0,stable
226,22,75.7,18.3,97.8,0,stable
226,23,76.0,18.7,97.8,0,stable
226,24,75.9,18.7,97.7,0,stable
227,1,83.8,17.1,98.3,0,stable
227,2,83.0,17.6,97.9,0,stable
227,3,83.6,17.7,97.7,0,stable
227,4,83.0,17.5,97.5,0,stable
227,5,83.7,17.8,97.3,0,stable
227,6,83.0,17.9,97.4,0,stable
227,7,83.2,17.8,97.3,0,stable
227,8,81.8,17.6,97.1,0,stable
227,9,82.3,18.0,97.2,0,stable
227,10,81.6,18.2,97.2,0,stable
227,11,82.6,18.3,97.1,0,stable
227,12,81.1,18.1,97.2,0,stable
227,13,81.5,17.9,97.3,0,stable
227,14,81.1,17.4,97.3,0,stable
227,15,81.8,17.4,97.4,0,stable
227,16,83.4,17.7,97.5,0,stable
227,17,83.1,17.8,97.4,0,stable
227,18,82.0,17.7,97.4,0,stable
227,19,82.1,18.0,97.3,0,stable
227,20,81.5,18.0,97.3,0,stable
227,21,81.0,17.6,97.4,0,stable
227,22,81.5,17.7,97.5,0,stable
227,23,83.2,17.9,97.5,0,stable
227,24,82.9,17.7,97.8,0,stable
228,1,75.5,21.5,97.9,0,stable
228,2,77.8,21.1,97.8,0,stable
228,3,77.8,20.5,97.6,0,stable
228,4,77.9,20.3,97.6,0,stable
228,5,77.9,20.6,97.5,0,stable
228,6,77.5,20.3,97.7,0,stable
228,7,77.8,19.9,97.8,0,stable
228,8,77.3,20.2,97.7,0,stable
228,9,76.8,19.9,97.6,0,stable
228,10,76.9,20.0,97.4,0,stable
228,11,79.5,20.1,97.6,0,stable
228,12,79.7,20.1,97.6,0,stable
228,13,79.4,20.0,97.7,0,stable
228,14,79.5,19.8,97.6,0,stable
228,15,79.0,19.7,97.7,0,stable
228,16,78.0,20.2,97.8,0,stable
228,17,77.0,20.4,97.6,0,stable
228,18,77.5,20.2,97.5,0,stable
228,19,79.5,19.7,97.3,0,stable
228,20,79.7,20.1,97.3,0,stable
228,21,80.3,20.0,97.4,0,stable
228,22,79.5,20.6,97.3,0,stable
228,23,80.3,20.6,97.3,0,stable
228,24,79.2,20.0,97.3,0,stable
229,1,74.5,16.3,98.7,0,stable
229,2,76.4,16.0,98.3,0,stable
229,3,75.6,15.7,98.3,0,stable
229,4,76.0,15.9,98.3,0,stable
229,5,77.0,15.5,98.2,0,stable
229,6,75.3,15.5,98.2,0,stable
229,7,75.2,15.3,98.1,0,stable
229,8,74.6,15.7,98.0,0,stable
229,9,75.9,16.2,98.0,0,stable
229,10,75.9,16.1,98.0,0,stable
229,11,75.4,16.1,98.2,0,stable
229,12,75.2,16.0,97.9,0,stable
229,13,77.0,15.8,98.0,0,stable
229,14,75.9,15.8,98.1,0,stable
229,15,74.8,15.7,98.1,0,stable
229,16,76.3,15.9,98.0,0,stable
229,17,76.3,15.7,97.9,0,stable
229,18,76.0,15.5,97.9,0,stable
229,19,75.4,15.8,97.9,0,stable
229,20,76.7,15.3,98.1,0,stable
229,21,77.3,15.4,98.2,0,stable
229,22,76.0,15.6,98.4,0,stable
229,23,75.7,15.5,98.4,0,stable
229,24,75.9,15.9,98.2,0,stable
230,1,84.2,17.1,97.4,0,stable
230,2,83.7,17.0,97.3,0,stable
230,3,82.9,17.3,97.4,0,stable
230,4,82.7,17.7,97.4,0,stable
230,5,82.7,17.6,97.3,0,stable
230,6,82.4,17.7,97.5,0,stable
230,7,82.2,17.3,97.5,0,stable
230,8,82.5,17.7,97.6,0,stable
230,9,81.8,17.6,97.5,0,stable
230,10,82.2,18.1,97.6,0,stable
230,11,82.5,17.6,97.6,0,stable
230,12,83.0,17.3,97.7,0,stable
230,13,82.1,17.7,97.5,0,stable
230,14,82.5,17.4,97.3,0,stable
230,15,82.4,17.5,97.4,0,stable
230,16,82.3,17.8,97.5,0,stable
230,17,81.0,17.6,97.5,0,stable
230,18,81.5,17.7,97.3,0,stable
230,19,83.5,17.8,97.4,0,stable
230,20,82.4,18.0,97.2,0,stable
230,21,81.4,17.9,97.3,0,stable
230,22,81.7,17.8,97.2,0,stable
230,23,81.1,17.9,97.1,0,stable
230,24,82.0,18.1,97.1,0,stable
231,1,79.6,19.6,97.7,0,stable
231,2,78.8,19.0,97.5,0,stable
231,3,78.6,18.8,97.3,0,stable
231,4,79.3,19.7,97.3,0,stable
231,5,78.6,19.6,97.4,0,stable
231,6,77.9,19.5,97.3,0,stable
231,7,77.2,19.2,97.3,0,stable
231,8,77.2,18.9,97.3,0,stable
231,9,77.0,18.5,97.3,0,stable
231,10,77.9,18.8,97.1,0,stable
231,11,78.6,18.9,97.2,0,stable
231,12,78.3,18.8,97.1,0,stable
231,13,77.8,18.7,97.1,0,stable
231,14,77.6,18.6,97.0,0,stable
231,15,77.3,18.6,97.1,0,stable
231,16,76.6,18.8,97.0,0,stable
231,17,77.6,18.5,96.9,0,stable
231,18,76.9,18.7,97.1,0,stable
231,19,76.8,18.1,97.0,0,stable
231,20,76.9,18.2,96.9,0,stable
231,21,78.2,18.1,96.9,0,stable
231,22,77.7,18.2,97.1,0,stable
231,23,76.4,18.3,96.9,0,stable
231,24,77.0,18.4,97.1,0,stable
232,1,86.4,15.2,97.6,0,stable
232,2,85.8,15.7,97.5,0,stable
232,3,83.6,16.2,97.4,0,stable
232,4,83.4,16.5,97.5,0,stable
232,5,82.8,16.3,97.5,0,stable
232,6,81.9,16.3,97.6,0,stable
232,7,81.6,16.2,97.7,0,stable
232,8,81.0,16.1,97.4,0,stable
232,9,81.8,16.1,97.4,0,stable
232,10,80.7,16.6,97.6,0,stable
232,11,80.9,16.0,97.5,0,stable
232,12,81.4,16.3,97.6,0,stable
232,13,82.5,16.6,97.4,0,stable
232,14,82.0,16.5,97.5,0,stable
232,15,81.5,16.6,97.4,0,stable
232,16,83.1,16.9,97.2,0,stable
232,17,83.1,16.8,97.3,0,stable
232,18,84.0,16.7,97.3,0,stable
232,19,83.1,16.6,97.3,0,stable
232,20,82.2,16.5,97.6,0,stable
232,21,83.9,16.3,97.5,0,stable
232,22,83.2,16.3,97.7,0,stable
232,23,82.3,15.9,97.6,0,stable
232,24,82.0,16.4,97.5,0,stable
233,1,76.5,18.0,98.1,0,stable
233,2,75.0,18.0,97.8,0,stable
233,3,74.7,18.0,97.8,0,stable
233,4,73.1,17.6,97.8,0,stable
233,5,72.6,18.1,97.6,0,stable
233,6,73.6,17.5,97.8,0,stable
233,7,74.3,17.3,97.8,0,stable
233,8,74.1,17.4,97.8,0,stable
233,9,72.9,17.6,97.8,0,stable
233,10,75.2,17.7,97.8,0,stable
233,11,73.5,17.8,97.6,0,stable
233,12,73.8,17.8,97.6,0,stable
233,13,73.3,18.1,97.7,0,stable
233,14,73.5,17.6,97.9,0,stable
233,15,72.3,17.6,97.8,0,stable
233,16,72.6,17.8,97.9,0,stable
233,17,71.9,17.7,97.7,0,stable
233,18,74.3,17.7,97.7,0,stable
233,19,71.8,18.1,97.8,0,stable
233,20,72.2,18.0,97.9,0,stable
233,21,72.3,17.9,98.1,0,stable
233,22,71.3,18.2,98.1,0,stable
233,23,71.2,18.5,98.3,0,stable
233,24,71.7,18.2,98.1,0,stable
234,1,79.7,16.4,96.9,0,stable
234,2,79.9,16.6,96.8,0,stable
234,3,80.8,16.3,96.6,0,stable
234,4,80.8,16.1,96.5,0,stable
234,5,80.4,15.7,96.8,0,stable
234,6,80.7,15.8,96.8,0,stable
234,7,78.8,15.8,96.8,0,stable
234,8,79.6,15.7,96.7,0,stable
234,9,79.5,15.6,96.8,0,stable
234,10,79.6,15.8,96.6,0,stable
234,11,78.7,16.0,96.7,0,stable
234,12,80.8,15.7,96.6,0,stable
234,13,81.2,15.8,96.7,0,stable
234,14,81.2,15.7,96.7,0,stable
234,15,81.1,15.7,96.5,0,stable
234,16,81.5,16.0,96.6,0,stable
234,17,80.4,15.7,96.6,0,stable
234,18,79.6,15.7,96.7,0,stable
234,19,79.6,15.7,96.6,0,stable
234,20,78.3,15.6,96.8,0,stable
234,21,78.8,15.7,96.7,0,stable
234,22,79.9,15.5,96.8,0,stable
234,23,80.0,15.4,96.9,0,stable
234,24,79.2,15.0,97.0,0,stable
235,1,82.9,14.1,97.9,0,stable
235,2,82.2,14.1,98.0,0,stable
235,3,82.7,14.1,97.9,0,stable
235,4,83.0,14.3,98.0,0,stable
235,5,81.7,14.3,98.1,0,stable
235,6,81.3,14.1,98.1,0,stable
235,7,82.0,14.3,98.1,0,stable
235,8,82.9,14.4,98.5,0,stable
235,9,82.6,14.7,98.3,0,stable
235,10,83.0,14.5,98.5,0,stable
235,11,81.5,14.3,98.6,0,stable
235,12,81.8,14.4,98.6,0,stable
235,13,82.8,14.2,98.6,0,stable
235,14,82.4,14.5,98.5,0,stable
235,15,83.9,14.6,98.6,0,stable
235,16,83.5,14.4,98.5,0,stable
235,17,83.4,14.2,98.3,0,stable
235,18,83.9,14.3,98.3,0,stable
235,19,85.2,14.3,98.1,0,stable
235,20,84.5,14.4,98.1,0,stable
235,21,82.9,14.8,98.2,0,stable
235,22,82.8,14.2,98.2,0,stable
235,23,81.1,14.2,98.1,0,stable
235,24,83.1,14.3,98.4,0,stable
236,1,79.5,15.0,96.7,0,stable
236,2,79.4,14.9,96.8,0,stable
236,3,80.7,15.1,96.9,0,stable
236,4,80.7,15.9,96.6,0,stable
236,5,80.3,15.5,96.5,0,stable
236,6,79.6,14.7,96.7,0,stable
236,7,79.6,15.1,96.6,0,stable
236,8,79.8,15.0,96.6,0,stable
236,9,79.9,15.3,96.5,0,stable
236,10,81.1,15.5,96.6,0,stable
236,11,81.3,15.7,96.6,0,stable
236,12,79.6,15.2,96.6,0,stable
236,13,79.6,15.1,96.7,0,stable
236,14,79.9,14.8,96.8,0,stable
236,15,78.9,15.0,96.5,0,stable
236,16,78.8,15.1,96.5,0,stable
236,17,79.2,14.8,96.6,0,stable
236,18,80.1,15.0,96.8,0,stable
236,19,80.3,15.2,96.6,0,stable
236,20,79.8,15.0,96.4,0,stable
236,21,79.9,15.0,96.5,0,stable
236,22,80.8,15.2,96.7,0,stable
236,23,80.6,14.9,96.7,0,stable
236,24,80.3,14.6,96.8,0,stable
237,1,81.5,18.4,97.4,0,stable
237,2,80.7,18.9,97.3,0,stable
237,3,82.1,18.3,97.3,0,stable
237,4,82.3,18.1,97.2,0,stable
237,5,82.4,17.4,97.3,0,stable
237,6,81.8,17.9,97.4,0,stable
237,7,80.9,17.8,97.4,0,stable
237,8,80.7,17.4,97.5,0,stable
237,9,80.7,17.9,97.3,0,stable
237,10,82.2,17.8,97.3,0,stable
237,11,83.0,17.8,97.2,0,stable
237,12,81.9,17.7,97.3,0,stable
237,13,82.2,17.5,97.2,0,stable
237,14,81.7,17.6,97.3,0,stable
237,15,81.0,17.2,97.1,0,stable
237,16,81.5,17.8,97.1,0,stable
237,17,82.4,17.7,97.0,0,stable
237,18,81.9,17.6,97.3,0,stable
237,19,81.1,17.4,97.1,0,stable
237,20,79.3,17.2,97.1,0,stable
237,21,79.6,17.6,97.1,0,stable
237,22,81.4,17.4,97.3,0,stable
237,23,83.1,17.6,97.2,0,stable
237,24,81.5,17.5,97.2,0,stable
238,1,73.9,15.2,97.9,0,stable
238,2,73.3,14.9,98.0,0,stable
238,3,73.6,14.3,97.7,0,stable
238,4,74.1,14.4,97.7,0,stable
238,5,73.7,14.2,97.8,0,stable
238,6,74.0,14.4,97.8,0,stable
238,7,74.4,14.4,98.0,0,stable
238,8,74.8,14.6,98.1,0,stable
238,9,74.8,14.8,97.9,0,stable
238,10,73.7,14.6,97.9,0,stable
238,11,73.2,14.4,97.8,0,stable
238,12,73.8,14.3,97.6,0,stable
238,13,73.4,14.2,97.7,0,stable
238,14,74.6,14.7,97.8,0,stable
238,15,74.8,14.8,97.8,0,stable
238,16,75.0,14.7,97.9,0,stable
238,17,73.5,14.4,98.1,0,stable
238,18,73.2,14.6,97.9,0,stable
238,19,73.4,14.5,97.9,0,stable
238,20,74.5,14.8,97.5,0,stable
238,21,74.9,14.5,97.6,0,stable
238,22,74.3,14.6,97.8,0,stable
238,23,73.9,14.3,97.7,0,stable
238,24,73.7,14.5,97.8,0,stable
239,1,83.1,14.1,97.5,0,stable
239,2,82.7,14.5,97.5,0,stable
239,3,82.5,14.6,97.3,0,stable
239,4,81.8,15.0,97.3,0,stable
239,5,82.4,14.9,97.2,0,stable
239,6,81.9,15.1,97.1,0,stable
239,7,81.7,15.3,97.1,0,stable
239,8,82.0,15.6,97.0,0,stable
239,9,82.0,15.3,97.0,0,stable
239,10,82.0,15.4,97.1,0,stable
239,11,82.4,14.9,97.3,0,stable
239,12,82.7,14.4,97.4,0,stable
239,13,82.2,14.4,97.6,0,stable
239,14,81.8,14.7,97.7,0,stable
239,15,83.0,14.8,97.6,0,stable
239,16,81.6,14.5,97.6,0,stable
239,17,80.7,15.1,97.6,0,stable
239,18,80.5,15.1,97.5,0,stable
239,19,83.0,15.0,97.4,0,stable
239,20,81.6,15.0,97.5,0,stable
239,21,82.6,14.8,97.6,0,stable
239,22,83.0,14.5,97.7,0,stable
239,23,82.9,15.1,97.6,0,stable
239,24,82.7,15.1,97.6,0,stable
240,1,80.2,15.3,97.5,0,stable
240,2,80.8,15.0,97.6,0,stable
240,3,82.4,14.9,97.9,0,stable
240,4,81.9,15.1,97.8,0,stable
240,5,80.1,14.4,97.9,0,stable
240,6,80.3,14.7,97.7,0,stable
240,7,78.9,14.9,97.8,0,stable
240,8,80.3,15.1,97.8,0,stable
240,9,81.2,15.4,97.6,0,stable
240,10,81.0,15.7,97.6,0,stable
240,11,81.0,15.7,97.7,0,stable
240,12,79.9,16.0,97.5,0,stable
240,13,78.9,15.4,97.8,0,stable
240,14,79.3,15.5,97.8,0,stable
240,15,80.2,15.9,98.0,0,stable
240,16,80.9,15.5,97.7,0,stable
240,17,81.4,15.3,97.8,0,stable
240,18,81.3,15.7,97.7,0,stable
240,19,80.9,15.5,97.6,0,stable
240,20,82.4,15.3,97.6,0,stable
240,21,81.8,15.2,97.6,0,stable
240,22,81.2,15.6,97.3,0,stable
240,23,81.6,15.5,97.3,0,stable
240,24,83.2,15.2,97.5,0,stable
241,1,79.4,13.7,98.0,0,stable
241,2,78.3,13.9,98.1,0,stable
241,3,77.3,14.0,98.0,0,stable
241,4,77.4,14.2,98.0,0,stable
241,5,79.0,14.5,98.0,0,stable
241,6,78.1,14.9,98.1,0,stable
241,7,78.9,15.0,98.0,0,stable
241,8,78.7,14.5,98.1,0,stable
241,9,77.8,14.5,98.0,0,stable
241,10,78.3,14.1,98.0,0,stable
241,11,78.5,13.7,98.1,0,stable
241,12,78.8,14.2,98.2,0,stable
241,13,78.8,14.7,98.0,0,stable
241,14,77.5,14.5,97.8,0,stable
241,15,78.8,14.5,97.8,0,stable
241,16,77.9,14.8,98.1,0,stable
241,17,77.9,14.6,98.2,0,stable
241,18,79.7,14.3,98.1,0,stable
241,19,79.5,14.2,98.1,0,stable
241,20,79.3,14.3,98.1,0,stable
241,21,79.8,14.1,98.2,0,stable
241,22,80.6,14.2,98.3,0,stable
241,23,80.0,14.2,98.3,0,stable
241,24,79.5,14.5,98.0,0,stable
242,1,80.8,15.2,98.4,0,stable
242,2,79.2,15.8,98.1,0,stable
242,3,78.9,15.9,98.0,0,stable
242,4,78.3,16.1,98.0,0,stable
242,5,78.8,16.6,98.0,0,stable
242,6,79.6,16.1,98.1,0,stable
242,7,77.4,16.1,97.9,0,stable
242,8,77.7,16.1,98.2,0,stable
242,9,77.9,16.2,98.3,0,stable
242,10,77.7,16.3,98.1,0,stable
242,11,78.2,15.9,98.1,0,stable
242,12,78.5,16.0,98.1,0,stable
242,13,78.8,15.9,98.2,0,stable
242,14,77.5,16.0,98.2,0,stable
242,15,77.0,15.9,98.2,0,stable
242,16,77.5,15.9,98.2,0,stable
242,17,77.2,16.1,98.2,0,stable
242,18,78.6,16.1,98.2,0,stable
242,19,80.3,16.2,98.3,0,stable
242,20,79.0,16.2,98.2,0,stable
242,21,79.2,15.8,98.2,0,stable
242,22,79.3,15.2,98.0,0,stable
242,23,77.5,15.2,97.9,0,stable
242,24,76.9,15.5,97.9,0,stable
243,1,76.1,12.6,95.1,0,stable
243,2,73.7,13.1,95.2,0,stable
243,3,73.7,13.8,94.9,0,stable
243,4,72.8,13.9,95.0,0,stable
243,5,71.7,14.1,95.1,0,stable
243,6,72.3,14.2,95.0,0,stable
243,7,72.9,13.9,94.9,0,stable
243,8,72.5,14.2,95.1,0,stable
243,9,72.6,14.4,94.9,0,stable
243,10,72.4,14.4,95.0,0,stable
243,11,72.5,14.4,94.8,0,stable
243,12,72.1,14.3,95.0,0,stable
243,13,71.8,14.1,94.9,0,stable
243,14,72.3,14.0,94.8,0,stable
243,15,72.6,14.0,94.9,0,stable
243,16,72.9,14.4,94.9,0,stable
243,17,71.9,14.1,95.1,0,stable
243,18,72.5,14.6,95.1,0,stable
243,19,73.0,14.1,94.8,0,stable
243,20,72.9,13.9,94.9,0,stable
243,21,71.1,14.0,95.1,0,stable
243,22,70.3,14.1,95.0,0,stable
243,23,71.4,13.8,94.9,0,stable
243,24,70.7,13.8,95.0,0,stable
244,1,85.0,16.6,96.4,0,stable
244,2,86.5,16.4,96.3,0,stable
244,3,87.3,15.9,96.1,0,stable
244,4,86.0,16.2,96.3,0,stable
244,5,87.1,16.1,96.1,0,stable
244,6,85.5,16.0,96.4,0,stable
244,7,85.8,16.0,96.5,0,stable
244,8,85.9,16.0,96.3,0,stable
244,9,85.8,15.9,96.3,0,stable
244,10,85.3,15.8,96.5,0,stable
244,11,86.3,16.0,96.3,0,stable
244,12,86.2,16.5,96.6,0,stable
244,13,87.1,16.4,96.4,0,stable
244,14,85.6,16.6,96.6,0,stable
244,15,85.4,16.2,96.7,0,stable
244,16,85.1,16.5,96.6,0,stable
244,17,86.2,16.4,96.5,0,stable
244,18,86.8,16.4,96.5,0,stable
244,19,86.0,16.1,96.3,0,stable
244,20,87.2,16.2,96.4,0,stable
244,21,86.3,16.2,96.6,0,stable
244,22,86.4,16.1,96.6,0,stable
244,23,86.0,15.9,96.5,0,stable
244,24,86.8,16.0,96.4,0,stable
245,1,79.1,14.4,98.3,0,stable
245,2,78.5,14.8,98.4,0,stable
245,3,77.3,15.2,98.2,0,stable
245,4,76.3,15.6,98.3,0,stable
245,5,75.9,15.7,98.3,0,stable
245,6,75.3,15.3,98.4,0,stable
245,7,74.5,15.7,98.4,0,stable
245,8,74.5,15.2,98.5,0,stable
245,9,73.6,14.6,98.4,0,stable
245,10,73.8,14.8,98.3,0,stable
245,11,72.7,14.9,98.4,0,stable
245,12,73.5,15.0,98.4,0,stable
245,13,74.3,14.8,98.3,0,stable
245,14,74.5,14.7,98.1,0,stable
245,15,73.0,15.0,98.0,0,stable
245,16,73.4,15.2,98.1,0,stable
245,17,74.6,15.0,98.1,0,stable
245,18,74.4,14.8,98.2,0,stable
245,19,74.7,14.7,98.4,0,stable
245,20,76.1,15.3,98.3,0,stable
245,21,75.7,15.2,98.3,0,stable
245,22,75.4,14.5,98.5,0,stable
245,23,76.8,14.9,98.4,0,stable
245,24,77.3,14.8,98.4,0,stable
246,1,87.2,17.9,97.7,0,stable
246,2,87.1,17.2,97.4,0,stable
246,3,88.1,17.5,97.0,0,stable
246,4,87.2,17.3,97.1,0,stable
246,5,85.8,17.4,97.0,0,stable
246,6,85.8,17.1,97.0,0,stable
246,7,86.8,16.7,97.1,0,stable
246,8,86.6,16.7,97.1,0,stable
246,9,87.0,16.2,97.1,0,stable
246,10,86.8,16.6,97.2,0,stable
246,11,86.7,16.4,97.1,0,stable
246,12,87.7,16.5,97.1,0,stable
246,13,87.7,16.8,97.2,0,stable
246,14,85.4,17.0,97.3,0,stable
246,15,85.5,17.0,97.3,0,stable
246,16,86.2,16.8,97.4,0,stable
246,17,84.3,16.9,97.1,0,stable
246,18,86.2,17.0,97.0,0,stable
246,19,85.3,17.0,97.0,0,stable
246,20,85.3,16.7,97.0,0,stable
246,21,84.8,17.0,97.0,0,stable
246,22,85.3,16.5,96.9,0,stable
246,23,86.6,16.7,97.1,0,stable
246,24,88.0,16.7,97.2,0,stable
247,1,75.5,16.2,97.3,0,stable
247,2,75.6,16.3,97.2,0,stable
247,3,75.6,16.0,97.1,0,stable
247,4,75.7,16.2,97.2,0,stable
247,5,76.4,16.2,97.1,0,stable
247,6,76.1,16.1,97.2,0,stable
247,7,75.1,16.6,97.1,0,stable
247,8,75.6,16.8,97.0,0,stable
247,9,76.2,17.0,96.9,0,stable
247,10,76.3,17.0,96.9,0,stable
247,11,77.8,16.8,97.1,0,stable
247,12,78.1,16.7,97.0,0,stable
247,13,77.7,16.6,97.1,0,stable
247,14,76.5,16.6,97.0,0,stable
247,15,76.5,16.0,97.0,0,stable
247,16,76.7,15.9,97.1,0,stable
247,17,76.7,15.8,96.8,0,stable
247,18,76.4,15.9,97.1,0,stable
247,19,76.3,16.2,96.9,0,stable
247,20,76.6,16.3,97.2,0,stable
247,21,76.8,16.4,97.2,0,stable
247,22,77.0,16.2,97.1,0,stable
247,23,75.7,16.5,97.1,0,stable
247,24,75.3,16.1,97.1,0,stable
248,1,86.2,15.6,97.5,0,stable
248,2,87.6,16.0,97.6,0,stable
248,3,89.4,16.2,97.5,0,stable
248,4,88.7,16.2,97.6,0,stable
248,5,89.7,16.6,97.5,0,stable
248,6,90.8,16.4,97.6,0,stable
248,7,91.2,16.2,97.3,0,stable
248,8,90.9,15.9,97.2,0,stable
248,9,92.2,15.7,97.1,0,stable
248,10,93.0,15.8,97.1,0,stable
248,11,93.2,15.6,97.2,0,stable
248,12,93.1,15.3,97.3,0,stable
248,13,92.3,15.6,97.2,0,stable
248,14,93.1,16.1,97.3,0,stable
248,15,91.5,15.9,97.4,0,stable
248,16,91.4,16.1,97.6,0,stable
248,17,91.2,16.2,97.2,0,stable
248,18,91.6,16.2,97.2,0,stable
248,19,92.3,16.3,97.1,0,stable
248,20,92.5,15.9,97.4,0,stable
248,21,91.0,16.3,97.3,0,stable
248,22,90.8,16.0,97.3,0,stable
248,23,90.6,15.9,97.2,0,stable
248,24,90.9,15.5,97.1,0,stable
249,1,78.8,16.5,97.9,0,stable
249,2,78.7,16.6,97.9,0,stable
249,3,79.7,16.7,97.9,0,stable
249,4,79.2,16.7,97.6,0,stable
249,5,78.4,17.0,98.0,0,stable
249,6,79.0,17.0,97.7,0,stable
249,7,78.6,17.3,97.6,0,stable
249,8,79.5,16.9,97.7,0,stable
249,9,79.2,16.9,97.9,0,stable
249,10,80.0,16.7,98.1,0,stable
249,11,79.0,16.7,98.1,0,stable
249,12,78.9,16.6,97.9,0,stable
249,13,77.0,16.8,97.8,0,stable
249,14,77.3,17.0,98.0,0,stable
249,15,77.4,17.1,98.0,0,stable
249,16,78.2,17.0,98.0,0,stable
249,17,78.0,16.8,97.8,0,stable
249,18,77.7,17.2,97.7,0,stable
249,19,76.9,16.8,97.7,0,stable
249,20,77.6,17.2,97.8,0,stable
249,21,78.8,17.3,97.7,0,stable
249,22,78.1,17.6,97.7,0,stable
249,23,78.8,17.5,97.8,0,stable
249,24,78.3,17.6,97.8,0,stable
250,1,75.7,16.2,96.5,0,stable
250,2,75.2,15.9,96.5,0,stable
250,3,75.4,15.9,96.3,0,stable
250,4,76.4,15.9,96.1,0,stable
250,5,75.9,15.8,96.3,0,stable
250,6,74.9,15.8,96.3,0,stable
250,7,74.9,15.7,96.3,0,stable
250,8,74.1,16.0,96.1,0,stable
250,9,74.6,15.9,96.2,0,stable
250,10,75.2,15.7,96.3,0,stable
250,11,75.1,15.6,96.4,0,stable
250,12,74.5,15.5,96.4,0,stable
250,13,74.7,15.4,96.4,0,stable
250,14,76.0,15.4,96.3,0,stable
250,15,75.8,15.7,96.3,0,stable
250,16,76.4,15.7,96.5,0,stable
250,17,77.2,16.3,96.4,0,stable
250,18,75.7,15.9,96.5,0,stable
250,19,74.0,16.2,96.7,0,stable
250,20,74.1,15.9,96.7,0,stable
250,21,74.5,15.9,96.5,0,stable
250,22,75.8,16.1,96.4,0,stable
250,23,75.6,15.9,96.5,0,stable
250,24,75.6,15.6,96.6,0,stable
251,1,75.9,15.0,97.1,0,stable
251,2,75.0,15.4,97.3,0,stable
251,3,74.6,15.4,97.6,0,stable
251,4,75.4,15.3,97.5,0,stable
251,5,75.2,15.0,97.5,0,stable
251,6,75.1,15.4,97.3,0,stable
251,7,76.1,15.6,97.2,0,stable
251,8,76.1,15.6,97.3,0,stable
251,9,75.9,15.7,97.7,0,stable
251,10,75.2,15.3,97.7,0,stable
251,11,75.0,15.8,97.8,0,stable
251,12,76.5,15.8,97.7,0,stable
251,13,76.7,15.4,97.7,0,stable
251,14,75.8,15.8,97.5,0,stable
251,15,75.8,15.9,97.6,0,stable
251,16,75.5,15.8,97.6,0,stable
251,17,73.9,15.4,97.5,0,stable
251,18,75.4,15.3,97.4,0,stable
251,19,75.2,15.2,97.5,0,stable
251,20,75.9,15.3,97.3,0,stable
251,21,75.3,14.8,97.4,0,stable
251,22,75.6,15.2,97.4,0,stable
251,23,75.3,15.3,97.3,0,stable
251,24,76.5,15.3,97.4,0,stable
252,1,80.5,17.1,97.1,0,stable
252,2,78.9,16.9,97.0,0,stable
252,3,79.3,16.8,97.0,0,stable
252,4,79.1,17.3,97.1,0,stable
252,5,79.5,17.4,97.3,0,stable
252,6,80.3,17.3,97.2,0,stable
252,7,80.3,17.4,97.0,0,stable
252,8,79.8,17.4,97.0,0,stable
252,9,79.8,17.2,97.0,0,stable
252,10,79.3,17.5,97.2,0,stable
252,11,78.6,16.6,97.1,0,stable
252,12,76.8,16.8,97.1,0,stable
252,13,77.9,17.1,97.4,0,stable
252,14,79.3,17.1,97.3,0,stable
252,15,79.0,17.0,97.2,0,stable
252,16,78.6,17.4,97.1,0,stable
252,17,77.6,17.0,97.2,0,stable
252,18,78.7,17.0,97.1,0,stable
252,19,78.9,17.0,97.2,0,stable
252,20,78.8,16.8,97.3,0,stable
252,21,78.5,16.9,97.4,0,stable
252,22,79.0,17.2,97.3,0,stable
252,23,79.4,17.2,97.1,0,stable
252,24,78.0,17.2,97.1,0,stable
253,1,69.0,14.5,98.2,0,stable
253,2,68.4,14.4,98.1,0,stable
253,3,69.2,14.7,98.2,0,stable
253,4,68.7,14.6,98.1,0,stable
253,5,70.2,14.3,98.1,0,stable
253,6,69.7,14.4,98.2,0,stable
253,7,68.5,14.2,98.1,0,stable
253,8,67.9,14.0,97.9,0,stable
253,9,67.8,14.0,98.0,0,stable
253,10,67.5,14.2,97.8,0,stable
253,11,67.3,14.0,97.8,0,stable
253,12,66.8,14.0,98.0,0,stable
253,13,67.1,14.2,98.0,0,stable
253,14,68.3,13.9,97.8,0,stable
253,15,68.2,14.4,98.0,0,stable
253,16,70.5,14.4,98.1,0,stable
253,17,71.2,14.9,98.2,0,stable
253,18,70.0,14.5,98.1,0,stable
253,19,69.4,14.5,98.0,0,stable
253,20,70.5,14.8,98.0,0,stable
253,21,70.6,14.1,97.8,0,stable
253,22,68.4,13.9,97.9,0,stable
253,23,67.9,14.2,97.5,0,stable
253,24,69.9,14.3,97.5,0,stable
254,1,84.5,14.7,98.1,0,stable
254,2,82.6,14.2,98.0,0,stable
254,3,82.0,14.1,98.0,0,stable
254,4,82.5,14.2,98.0,0,stable
254,5,81.7,13.6,98.0,0,stable
254,6,81.7,13.7,97.8,0,stable
254,7,80.1,13.5,97.7,0,stable
254,8,81.0,14.1,97.7,0,stable
254,9,81.4,13.9,97.8,0,stable
254,10,81.0,13.6,97.6,0,stable
254,11,82.1,13.9,97.5,0,stable
254,12,81.1,13.6,97.5,0,stable
254,13,81.4,13.5,97.3,0,stable
254,14,81.2,13.7,97.2,0,stable
254,15,81.9,13.5,97.2,0,stable
254,16,81.1,13.2,97.2,0,stable
254,17,79.5,13.2,97.3,0,stable
254,18,80.3,13.7,97.3,0,stable
254,19,80.6,13.5,97.4,0,stable
254,20,79.9,13.6,97.4,0,stable
254,21,80.4,14.0,97.3,0,stable
254,22,79.6,13.8,97.5,0,stable
254,23,80.6,13.7,97.5,0,stable
254,24,81.3,13.5,97.5,0,stable
255,1,81.6,15.4,97.9,0,stable
255,2,80.3,15.8,97.8,0,stable
255,3,79.5,16.0,97.9,0,stable
255,4,78.6,15.9,98.1,0,stable
255,5,78.2,16.2,98.0,0,stable
255,6,79.4,16.5,98.3,0,stable
255,7,80.3,16.5,98.4,0,stable
255,8,79.9,16.2,98.5,0,stable
255,9,79.2,16.7,98.5,0,stable
255,10,79.3,16.5,98.2,0,stable
255,11,79.9,16.5,98.2,0,stable
255,12,79.1,16.7,98.1,0,stable
255,13,77.8,16.4,98.2,0,stable
255,14,77.0,16.4,98.3,0,stable
255,15,77.3,16.6,98.2,0,stable
255,16,79.3,16.5,98.1,0,stable
255,17,80.5,16.3,98.3,0,stable
255,18,79.0,16.3,98.3,0,stable
255,19,79.5,16.7,98.2,0,stable
255,20,80.9,16.7,98.2,0,stable
255,21,79.8,16.5,98.0,0,stable
255,22,79.2,16.5,98.2,0,stable
255,23,77.9,16.5,98.1,0,stable
255,24,77.7,16.6,98.4,0,stable
256,1,74.4,17.0,97.9,0,stable
256,2,74.2,16.6,97.8,0,stable
256,3,73.9,16.3,98.1,0,stable
256,4,75.1,16.5,98.2,0,stable
256,5,73.1,16.1,98.2,0,stable
256,6,73.4,15.8,98.2,0,stable
256,7,72.3,15.5,98.2,0,stable
256,8,72.1,15.8,98.4,0,stable
256,9,72.5,16.3,98.5,0,stable
256,10,72.0,16.2,98.6,0,stable
256,11,72.4,16.2,98.4,0,stable
256,12,72.8,16.1,98.2,0,stable
256,13,73.6,16.0,98.3,0,stable
256,14,73.7,16.0,98.3,0,stable
256,15,73.7,16.0,98.2,0,stable
256,16,74.5,16.3,98.2,0,stable
256,17,73.7,16.0,98.2,0,stable
256,18,74.2,15.8,98.2,0,stable
256,19,73.3,16.6,98.5,0,stable
256,20,74.0,16.5,98.2,0,stable
256,21,75.7,16.1,98.5,0,stable
256,22,75.2,15.9,98.3,0,stable
256,23,74.4,16.0,98.3,0,stable
256,24,75.3,16.4,98.4,0,stable
257,1,80.6,16.1,98.8,0,stable
257,2,81.9,16.5,98.7,0,stable
257,3,81.3,16.5,98.6,0,stable
257,4,80.6,16.7,98.6,0,stable
257,5,81.5,16.4,98.3,0,stable
257,6,81.4,16.0,98.1,0,stable
257,7,82.7,16.1,98.1,0,stable
257,8,81.5,16.7,98.2,0,stable
257,9,81.6,16.8,98.3,0,stable
257,10,80.9,16.6,98.2,0,stable
257,11,80.1,16.8,98.1,0,stable
257,12,81.8,16.7,98.2,0,stable
257,13,80.5,16.5,98.3,0,stable
257,14,80.5,16.5,98.3,0,stable
257,15,80.6,16.6,98.0,0,stable
257,16,80.8,16.7,98.1,0,stable
257,17,80.4,16.6,98.1,0,stable
257,18,81.1,16.5,97.9,0,stable
257,19,79.7,16.2,98.1,0,stable
257,20,81.0,16.4,98.2,0,stable
257,21,82.9,16.8,98.1,0,stable
257,22,82.0,16.8,98.1,0,stable
257,23,82.7,16.5,97.9,0,stable
257,24,81.9,16.5,97.9,0,stable
258,1,78.6,14.6,97.4,0,stable
258,2,78.0,14.7,97.3,0,stable
258,3,77.4,14.5,97.0,0,stable
258,4,77.4,14.3,97.0,0,stable
258,5,76.9,14.2,96.8,0,stable
258,6,76.3,14.1,96.9,0,stable
258,7,76.2,14.0,96.9,0,stable
258,8,74.7,14.0,96.8,0,stable
258,9,76.4,14.2,96.8,0,stable
258,10,75.1,14.4,96.8,0,stable
258,11,75.6,14.1,96.8,0,stable
258,12,76.1,14.4,96.9,0,stable
258,13,76.5,14.2,97.1,0,stable
258,14,78.1,13.9,97.1,0,stable
258,15,78.4,13.5,97.1,0,stable
258,16,77.6,13.6,97.0,0,stable
258,17,77.0,13.4,97.0,0,stable
258,18,76.1,13.5,96.8,0,stable
258,19,76.5,13.3,96.9,0,stable
258,20,77.5,13.4,96.9,0,stable
258,21,79.2,13.6,96.9,0,stable
258,22,79.6,14.5,96.9,0,stable
258,23,78.9,14.7,96.9,0,stable
258,24,77.9,14.2,96.8,0,stable
259,1,73.9,19.8,97.6,0,stable
259,2,74.2,19.6,97.4,0,stable
259,3,75.0,19.9,97.2,0,stable
259,4,75.5,19.7,97.3,0,stable
259,5,75.6,19.9,97.3,0,stable
259,6,74.9,20.0,97.3,0,stable
259,7,74.6,19.9,97.4,0,stable
259,8,74.9,19.7,97.2,0,stable
259,9,74.8,19.5,97.5,0,stable
259,10,75.2,19.8,97.6,0,stable
259,11,75.7,19.8,97.5,0,stable
259,12,74.9,20.0,97.5,0,stable
259,13,73.8,20.1,97.6,0,stable
259,14,74.0,19.8,97.4,0,stable
259,15,76.1,20.0,97.4,0,stable
259,16,75.2,19.7,97.5,0,stable
259,17,74.0,19.9,97.6,0,stable
259,18,74.8,19.7,97.6,0,stable
259,19,74.6,19.5,97.7,0,stable
259,20,74.6,19.8,97.8,0,stable
259,21,74.6,20.3,97.9,0,stable
259,22,75.5,19.8,97.9,0,stable
259,23,74.6,19.8,97.7,0,stable
259,24,73.8,20.0,97.5,0,stable
260,1,88.2,15.3,96.5,0,stable
260,2,87.6,15.4,96.7,0,stable
260,3,87.8,15.2,96.9,0,stable
260,4,86.4,15.0,96.8,0,stable
260,5,85.6,15.0,96.8,0,stable
260,6,86.8,15.2,96.8,0,stable
260,7,87.1,15.4,96.7,0,stable
260,8,86.7,15.3,96.9,0,stable
260,9,84.9,15.3,96.8,0,stable
260,10,83.8,15.3,96.8,0,stable
260,11,84.8,15.1,96.8,0,stable
260,12,85.7,15.2,97.1,0,stable
260,13,86.1,15.1,97.0,0,stable
260,14,86.3,15.0,97.0,0,stable
260,15,85.8,15.0,97.2,0,stable
260,16,85.3,14.6,97.1,0,stable
260,17,86.7,15.3,97.3,0,stable
260,18,84.5,15.2,97.3,0,stable
260,19,84.5,15.1,97.3,0,stable
260,20,84.6,15.3,97.2,0,stable
260,21,86.2,15.1,97.2,0,stable
260,22,85.4,14.9,97.0,0,stable
260,23,86.6,14.8,97.1,0,stable
260,24,86.5,15.1,96.9,0,stable
261,1,79.4,18.1,96.2,0,stable
261,2,77.9,17.9,96.1,0,stable
261,3,78.5,18.1,96.3,0,stable
261,4,77.8,17.6,96.5,0,stable
261,5,76.9,17.5,96.5,0,stable
261,6,76.3,17.1,96.5,0,stable
261,7,76.6,17.3,96.6,0,stable
261,8,78.1,17.4,96.7,0,stable
261,9,77.7,17.2,96.5,0,stable
261,10,76.7,17.5,96.4,0,stable
261,11,76.6,17.3,96.2,0,stable
261,12,75.5,17.1,96.2,0,stable
261,13,76.5,17.5,96.5,0,stable
261,14,76.8,17.9,96.4,0,stable
261,15,77.9,17.6,96.5,0,stable
261,16,78.7,17.2,96.6,0,stable
261,17,77.8,17.0,96.5,0,stable
261,18,77.0,16.8,96.5,0,stable
261,19,78.0,16.4,96.6,0,stable
261,20,76.2,16.7,96.5,0,stable
261,21,76.8,16.7,96.3,0,stable
261,22,77.2,16.8,96.2,0,stable
261,23,77.1,16.7,96.3,0,stable
261,24,77.1,17.1,96.2,0,stable
262,1,77.2,16.7,96.6,0,stable
262,2,78.3,16.6,96.9,0,stable
262,3,76.1,16.6,96.9,0,stable
262,4,75.5,16.8,96.8,0,stable
262,5,75.8,16.9,96.9,0,stable
262,6,77.1,16.6,97.2,0,stable
262,7,78.5,16.8,97.4,0,stable
262,8,78.1,16.6,97.1,0,stable
262,9,76.3,16.5,97.2,0,stable
262,10,75.3,16.7,97.1,0,stable
262,11,76.5,16.6,97.1,0,stable
262,12,76.9,16.4,97.2,0,stable
262,13,76.0,16.5,97.1,0,stable
262,14,76.1,16.0,97.2,0,stable
262,15,77.5,16.6,97.2,0,stable
262,16,78.3,16.4,97.4,0,stable
262,17,76.6,16.7,97.3,0,stable
262,18,75.8,17.0,97.2,0,stable
262,19,76.7,16.9,97.5,0,stable
262,20,75.9,16.7,97.2,0,stable
262,21,76.4,16.5,97.3,0,stable
262,22,76.6,16.6,97.3,0,stable
262,23,76.4,16.6,97.2,0,stable
262,24,76.7,16.6,97.4,0,stable
263,1,69.9,13.4,97.7,0,stable
263,2,69.9,13.9,97.9,0,stable
263,3,70.1,13.7,98.0,0,stable
263,4,69.5,13.9,97.8,0,stable
263,5,69.0,13.8,97.9,0,stable
263,6,70.1,14.4,97.9,0,stable
263,7,69.5,14.5,97.8,0,stable
263,8,70.2,14.3,97.8,0,stable
263,9,71.6,14.4,97.8,0,stable
263,10,72.6,14.1,97.8,0,stable
263,11,71.5,14.6,97.8,0,stable
263,12,71.7,14.5,97.9,0,stable
263,13,73.8,14.6,97.9,0,stable
263,14,72.5,14.7,97.9,0,stable
263,15,71.1,14.6,97.9,0,stable
263,16,72.8,14.3,98.1,0,stable
263,17,72.1,14.4,98.2,0,stable
263,18,71.6,14.6,98.1,0,stable
263,19,72.0,15.0,98.1,0,stable
263,20,71.9,14.9,98.2,0,stable
263,21,71.4,14.8,98.0,0,stable
263,22,70.8,14.3,98.1,0,stable
263,23,71.9,14.2,98.1,0,stable
263,24,72.0,14.5,97.9,0,stable
264,1,75.7,17.1,97.3,0,stable
264,2,77.7,17.2,97.2,0,stable
264,3,75.9,17.2,97.0,0,stable
264,4,75.6,17.1,96.7,0,stable
264,5,76.9,16.7,96.7,0,stable
264,6,77.7,16.7,96.6,0,stable
264,7,78.5,16.7,96.6,0,stable
264,8,77.4,16.8,96.7,0,stable
264,9,78.1,16.6,96.8,0,stable
264,10,77.7,16.5,97.0,0,stable
264,11,76.8,16.6,97.1,0,stable
264,12,76.9,16.8,97.0,0,stable
264,13,77.7,17.0,97.1,0,stable
264,14,78.3,17.1,97.1,0,stable
264,15,78.1,16.9,97.0,0,stable
264,16,78.0,16.6,96.9,0,stable
264,17,75.9,16.5,97.0,0,stable
264,18,76.6,16.2,96.8,0,stable
264,19,77.4,16.1,96.8,0,stable
264,20,76.4,16.3,96.9,0,stable
264,21,75.6,16.3,96.8,0,stable
264,22,75.8,16.4,96.8,0,stable
264,23,76.1,16.1,97.0,0,stable
264,24,76.3,16.6,96.9,0,stable
265,1,74.9,17.3,96.5,0,stable
265,2,74.7,17.4,96.6,0,stable
265,3,75.5,17.0,96.7,0,stable
265,4,74.6,17.5,96.7,0,stable
265,5,74.1,17.4,96.7,0,stable
265,6,75.6,17.1,96.8,0,stable
265,7,74.9,16.9,96.7,0,stable
265,8,76.0,17.1,96.7,0,stable
265,9,76.0,17.6,96.6,0,stable
265,10,76.0,17.7,96.7,0,stable
265,11,75.4,17.2,96.6,0,stable
265,12,75.5,17.5,96.5,0,stable
265,13,75.4,17.2,96.7,0,stable
265,14,76.6,17.5,96.6,0,stable
265,15,75.0,17.7,96.7,0,stable
265,16,75.0,17.5,96.7,0,stable
265,17,75.3,17.1,96.6,0,stable
265,18,75.3,17.7,96.8,0,stable
265,19,74.4,17.3,96.8,0,stable
265,20,74.8,18.0,96.8,0,stable
265,21,74.0,17.5,96.7,0,stable
265,22,75.3,17.5,96.7,0,stable
265,23,75.3,17.7,96.6,0,stable
265,24,75.5,17.1,96.6,0,stable
266,1,84.8,15.4,96.6,0,stable
266,2,83.1,15.8,96.5,0,stable
266,3,82.2,15.4,96.5,0,stable
266,4,82.3,15.7,96.4,0,stable
266,5,82.9,15.4,96.5,0,stable
266,6,81.6,15.6,96.3,0,stable
266,7,81.4,15.3,96.3,0,stable
266,8,80.9,15.2,96.4,0,stable
266,9,79.8,14.9,96.4,0,stable
266,10,80.9,15.2,96.5,0,stable
266,11,80.0,15.5,96.4,0,stable
266,12,80.7,15.2,96.3,0,stable
266,13,79.8,15.2,96.1,0,stable
266,14,80.2,15.8,96.1,0,stable
266,15,80.3,15.7,96.0,0,stable
266,16,80.5,15.7,96.1,0,stable
266,17,80.3,15.7,96.3,0,stable
266,18,81.2,15.5,96.3,0,stable
266,19,81.9,15.3,96.4,0,stable
266,20,81.3,15.6,96.5,0,stable
266,21,80.7,15.2,96.3,0,stable
266,22,80.1,15.2,96.3,0,stable
266,23,81.1,15.0,96.5,0,stable
266,24,80.8,15.0,96.5,0,stable
267,1,72.0,16.5,98.4,0,stable
267,2,72.3,16.9,98.1,0,stable
267,3,72.0,16.4,97.9,0,stable
267,4,71.8,16.7,97.8,0,stable
267,5,73.7,16.4,98.0,0,stable
267,6,74.1,16.4,98.0,0,stable
267,7,73.9,16.2,98.1,0,stable
267,8,74.5,16.7,98.4,0,stable
267,9,74.3,16.7,98.2,0,stable
267,10,75.3,16.9,98.2,0,stable
267,11,75.7,16.9,98.2,0,stable
267,12,74.5,17.0,98.1,0,stable
267,13,73.5,16.7,98.1,0,stable
267,14,73.2,16.5,97.9,0,stable
267,15,74.0,16.2,98.0,0,stable
267,16,73.3,16.7,97.8,0,stable
267,17,74.1,16.5,97.9,0,stable
267,18,73.2,17.0,98.1,0,stable
267,19,73.2,16.9,98.4,0,stable
267,20,73.3,17.0,98.3,0,stable
267,21,73.9,16.7,98.3,0,stable
267,22,73.5,16.2,98.4,0,stable
267,23,73.8,16.3,98.4,0,stable
267,24,72.7,17.1,98.2,0,stable
268,1,80.8,13.6,97.7,0,stable
268,2,81.4,13.3,97.9,0,stable
268,3,81.5,13.5,97.8,0,stable
268,4,80.4,13.7,98.2,0,stable
268,5,80.1,13.5,98.1,0,stable
268,6,81.1,14.0,97.9,0,stable
268,7,80.9,13.8,97.9,0,stable
268,8,82.1,14.0,98.1,0,stable
268,9,82.0,14.1,98.0,0,stable
268,10,82.9,13.8,98.1,0,stable
268,11,82.0,14.1,98.0,0,stable
268,12,82.9,14.6,98.0,0,stable
268,13,83.4,14.6,98.0,0,stable
268,14,82.5,14.1,98.0,0,stable
268,15,82.9,14.2,97.9,0,stable
268,16,83.1,14.4,98.0,0,stable
268,17,82.5,14.0,98.0,0,stable
268,18,82.8,13.8,97.9,0,stable
268,19,83.0,13.5,97.9,0,stable
268,20,83.0,13.4,98.2,0,stable
268,21,82.6,13.3,98.4,0,stable
268,22,83.3,13.8,98.3,0,stable
268,23,81.4,14.3,98.1,0,stable
268,24,82.6,14.2,97.9,0,stable
269,1,78.4,16.7,97.7,0,stable
269,2,79.0,16.8,97.8,0,stable
269,3,79.8,16.8,97.8,0,stable
269,4,78.6,16.9,97.8,0,stable
269,5,77.1,16.7,97.9,0,stable
269,6,77.8,16.5,98.0,0,stable
269,7,78.2,16.1,98.1,0,stable
269,8,77.8,16.0,98.3,0,stable
269,9,78.6,16.1,98.4,0,stable
269,10,77.2,16.1,98.4,0,stable
269,11,76.9,16.5,98.6,0,stable
269,12,76.5,16.4,98.4,0,stable
269,13,76.8,16.2,98.3,0,stable
269,14,78.2,16.4,98.2,0,stable
269,15,79.7,16.4,98.1,0,stable
269,16,80.1,16.6,98.1,0,stable
269,17,80.9,16.4,98.2,0,stable
269,18,80.1,16.9,98.2,0,stable
269,19,78.8,16.8,98.2,0,stable
269,20,77.5,16.6,98.3,0,stable
269,21,77.2,16.7,98.2,0,stable
269,22,78.9,16.8,98.0,0,stable
269,23,79.2,17.2,98.2,0,stable
269,24,78.6,17.2,97.9,0,stable
270,1,78.4,16.0,96.3,0,stable
270,2,78.2,15.8,96.5,0,stable
270,3,77.6,15.5,96.3,0,stable
270,4,77.1,15.1,96.4,0,stable
270,5,76.6,15.2,96.3,0,stable
270,6,75.2,15.3,96.6,0,stable
270,7,75.3,15.3,96.6,0,stable
270,8,76.2,15.0,96.7,0,stable
270,9,75.1,15.5,96.8,0,stable
270,10,76.5,14.9,96.5,0,stable
270,11,76.9,14.9,96.4,0,stable
270,12,76.3,15.1,96.7,0,stable
270,13,76.2,14.4,96.6,0,stable
270,14,77.0,14.6,96.7,0,stable
270,15,76.5,15.2,96.7,0,stable
270,16,76.4,14.9,96.9,0,stable
270,17,76.2,15.1,97.0,0,stable
270,18,77.2,15.3,97.0,0,stable
270,19,76.5,15.6,97.0,0,stable
270,20,76.3,15.5,97.0,0,stable
270,21,75.4,15.4,96.8,0,stable
270,22,76.1,15.5,96.6,0,stable
270,23,75.7,15.7,96.5,0,stable
270,24,76.6,15.6,96.5,0,stable
271,1,75.1,14.2,97.7,0,stable
271,2,73.9,14.1,97.6,0,stable
271,3,71.9,14.7,97.7,0,stable
271,4,72.2,14.5,97.6,0,stable
271,5,71.8,14.2,97.7,0,stable
271,6,72.6,14.3,97.7,0,stable
271,7,71.3,14.2,97.7,0,stable
271,8,71.3,14.2,97.5,0,stable
271,9,71.9,14.3,97.6,0,stable
271,10,70.9,14.5,97.5,0,stable
271,11,70.0,14.3,97.4,0,stable
271,12,69.7,14.6,97.7,0,stable
271,13,71.1,14.5,97.5,0,stable
271,14,69.1,14.0,97.4,0,stable
271,15,68.1,13.8,97.5,0,stable
271,16,67.6,14.1,97.6,0,stable
271,17,68.1,13.9,97.4,0,stable
271,18,68.1,14.0,97.4,0,stable
271,19,68.0,13.3,97.4,0,stable
271,20,69.3,13.6,97.3,0,stable
271,21,70.3,13.9,97.2,0,stable
271,22,70.4,13.7,97.5,0,stable
271,23,71.0,13.8,97.7,0,stable
271,24,71.5,13.7,97.7,0,stable
272,1,77.8,13.9,96.4,0,stable
272,2,77.7,14.2,96.2,0,stable
272,3,77.8,13.9,96.2,0,stable
272,4,77.8,13.2,96.1,0,stable
272,5,78.4,13.4,96.0,0,stable
272,6,78.8,13.5,96.0,0,stable
272,7,80.1,13.7,96.1,0,stable
272,8,79.5,14.0,96.3,0,stable
272,9,78.1,14.2,96.3,0,stable
272,10,79.5,13.9,96.1,0,stable
272,11,79.8,13.4,95.9,0,stable
272,12,79.1,13.5,95.8,0,stable
272,13,78.5,13.7,96.0,0,stable
272,14,77.4,13.8,96.2,0,stable
272,15,78.1,14.0,96.2,0,stable
272,16,77.9,13.9,96.2,0,stable
272,17,78.6,13.6,96.0,0,stable
272,18,78.1,14.3,96.1,0,stable
272,19,77.8,14.2,96.0,0,stable
272,20,77.9,13.9,96.0,0,stable
272,21,78.8,13.7,96.0,0,stable
272,22,78.6,13.6,95.9,0,stable
272,23,79.2,13.6,95.9,0,stable
272,24,77.4,13.5,95.7,0,stable
273,1,73.8,17.5,97.7,0,stable
273,2,74.1,16.9,97.9,0,stable
273,3,73.1,16.7,98.0,0,stable
273,4,73.8,16.6,98.1,0,stable
273,5,74.2,17.1,98.3,0,stable
273,6,75.5,17.5,98.3,0,stable
273,7,75.6,17.6,98.4,0,stable
273,8,76.1,17.3,98.3,0,stable
273,9,75.2,17.0,98.2,0,stable
273,10,74.3,17.1,98.3,0,stable
273,11,74.2,17.1,98.1,0,stable
273,12,73.4,17.6,98.2,0,stable
273,13,73.4,17.5,98.2,0,stable
273,14,73.0,17.4,98.1,0,stable
273,15,73.9,17.5,97.9,0,stable
273,16,74.6,17.5,98.0,0,stable
273,17,73.2,17.7,98.2,0,stable
273,18,72.8,16.9,98.2,0,stable
273,19,73.0,16.7,98.1,0,stable
273,20,73.3,16.8,98.2,0,stable
273,21,73.5,16.9,98.2,0,stable
273,22,74.2,17.0,98.1,0,stable
273,23,73.8,17.3,98.1,0,stable
273,24,74.1,17.4,98.1,0,stable
274,1,85.5,15.0,97.4,0,stable
274,2,85.3,14.8,97.2,0,stable
274,3,84.0,14.5,97.3,0,stable
274,4,85.2,14.1,97.2,0,stable
274,5,85.6,13.8,97.0,0,stable
274,6,84.8,13.8,97.1,0,stable
274,7,86.0,14.1,97.3,0,stable
274,8,84.8,14.0,97.3,0,stable
274,9,83.9,14.1,97.5,0,stable
274,10,85.1,14.1,97.4,0,stable
274,11,86.3,14.0,97.5,0,stable
274,12,84.9,14.1,97.4,0,stable
274,13,85.8,14.2,97.6,0,stable
274,14,83.9,14.2,97.6,0,stable
274,15,84.3,13.9,97.5,0,stable
274,16,83.4,13.5,97.6,0,stable
274,17,83.2,13.6,97.6,0,stable
274,18,83.4,14.2,97.7,0,stable
274,19,83.7,13.8,97.7,0,stable
274,20,83.8,13.8,97.5,0,stable
274,21,82.0,14.2,97.5,0,stable
274,22,82.5,14.1,97.4,0,stable
274,23,84.7,14.1,97.4,0,stable
274,24,84.4,14.3,97.2,0,stable
275,1,79.9,19.1,97.5,0,stable
275,2,79.9,18.7,97.6,0,stable
275,3,81.1,18.6,97.6,0,stable
275,4,81.4,18.7,97.5,0,stable
275,5,81.6,18.8,97.8,0,stable
275,6,82.7,18.8,97.9,0,stable
275,7,83.1,19.1,97.8,0,stable
275,8,82.6,19.2,97.5,0,stable
275,9,82.4,19.3,97.5,0,stable
275,10,82.4,19.2,97.5,0,stable
275,11,82.6,19.2,97.8,0,stable
275,12,82.9,18.8,97.8,0,stable
275,13,82.0,18.6,97.7,0,stable
275,14,81.9,18.4,97.7,0,stable
275,15,81.2,18.5,97.5,0,stable
275,16,81.9,18.6,97.7,0,stable
275,17,80.6,19.1,97.8,0,stable
275,18,82.2,18.4,97.7,0,stable
275,19,81.4,18.3,97.7,0,stable
275,20,82.3,18.5,97.7,0,stable
275,21,82.2,18.5,97.8,0,stable
275,22,83.6,18.5,97.6,0,stable
275,23,82.9,18.6,97.7,0,stable
275,24,84.4,18.5,97.7,0,stable
276,1,70.0,17.9,96.9,0,stable
276,2,72.6,17.9,96.9,0,stable
276,3,74.2,18.0,97.0,0,stable
276,4,74.4,18.3,97.0,0,stable
276,5,75.0,18.4,96.9,0,stable
276,6,75.6,18.5,97.1,0,stable
276,7,75.1,18.4,97.2,0,stable
276,8,76.1,18.1,97.1,0,stable
276,9,75.6,17.8,97.1,0,stable
276,10,77.2,17.7,97.0,0,stable
276,11,75.6,17.5,97.3,0,stable
276,12,76.1,17.6,97.3,0,stable
276,13,75.4,17.3,97.0,0,stable
276,14,75.6,17.5,96.8,0,stable
276,15,75.0,17.7,96.7,0,stable
276,16,74.5,17.6,96.9,0,stable
276,17,75.3,17.9,96.9,0,stable
276,18,76.5,17.5,96.9,0,stable
276,19,78.0,17.3,97.3,0,stable
276,20,78.4,17.4,97.2,0,stable
276,21,78.0,17.4,97.0,0,stable
276,22,78.7,17.7,97.3,0,stable
276,23,77.7,17.8,97.2,0,stable
276,24,78.5,17.6,97.1,0,stable
277,1,81.0,13.5,96.0,0,stable
277,2,81.4,13.2,96.2,0,stable
277,3,81.3,13.4,96.4,0,stable
277,4,80.8,13.0,96.3,0,stable
277,5,80.6,13.3,96.4,0,stable
277,6,79.5,13.2,96.3,0,stable
277,7,78.8,13.6,96.0,0,stable
277,8,79.1,13.2,96.0,0,stable
277,9,79.6,12.9,96.0,0,stable
277,10,78.1,13.3,96.0,0,stable
277,11,78.3,13.7,95.8,0,stable
277,12,78.3,13.7,95.9,0,stable
277,13,78.3,13.5,96.1,0,stable
277,14,77.7,13.2,95.9,0,stable
277,15,78.6,13.1,96.3,0,stable
277,16,78.2,12.6,96.3,0,stable
277,17,79.2,12.7,96.2,0,stable
277,18,77.3,13.0,96.2,0,stable
277,19,78.6,13.3,96.2,0,stable
277,20,78.6,13.4,96.3,0,stable
277,21,78.0,13.3,96.3,0,stable
277,22,77.7,13.5,96.2,0,stable
277,23,77.7,13.5,96.0,0,stable
277,24,79.5,13.2,96.0,0,stable
278,1,91.1,17.7,96.3,0,stable
278,2,90.1,18.0,96.3,0,stable
278,3,89.5,18.0,96.3,0,stable
278,4,88.9,18.1,96.4,0,stable
278,5,89.4,18.0,96.6,0,stable
278,6,90.4,17.9,96.4,0,stable
278,7,89.9,18.0,96.4,0,stable
278,8,88.9,18.5,96.5,0,stable
278,9,89.1,18.1,96.5,0,stable
278,10,88.8,18.3,96.5,0,stable
278,11,89.6,18.0,96.5,0,stable
278,12,86.9,18.3,96.6,0,stable
278,13,87.5,17.8,96.4,0,stable
278,14,85.4,17.2,96.5,0,stable
278,15,87.2,17.5,96.5,0,stable
278,16,86.7,17.7,96.6,0,stable
278,17,88.2,17.8,96.5,0,stable
278,18,88.4,17.6,96.4,0,stable
278,19,87.5,18.1,96.6,0,stable
278,20,88.2,18.2,96.3,0,stable
278,21,89.1,18.1,96.3,0,stable
278,22,88.1,18.1,96.4,0,stable
278,23,88.9,17.7,96.5,0,stable
278,24,88.6,17.4,96.6,0,stable
279,1,76.4,14.4,97.6,0,stable
279,2,76.4,14.3,97.5,0,stable
279,3,76.6,14.3,97.6,0,stable
279,4,76.5,14.4,97.4,0,stable
279,5,77.1,14.5,97.7,0,stable
279,6,76.2,14.7,97.4,0,stable
279,7,76.5,14.8,97.4,0,stable
279,8,75.9,14.6,97.4,0,stable
279,9,75.6,14.6,97.3,0,stable
279,10,76.8,14.3,97.3,0,stable
279,11,76.5,14.0,97.5,0,stable
279,12,76.0,14.4,97.4,0,stable
279,13,76.9,14.4,97.5,0,stable
279,14,76.0,14.7,97.4,0,stable
279,15,77.2,14.5,97.3,0,stable
279,16,75.3,14.3,97.3,0,stable
279,17,76.4,14.2,97.4,0,stable
279,18,77.0,14.3,97.5,0,stable
279,19,77.1,14.2,97.1,0,stable
279,20,76.8,14.0,97.3,0,stable
279,21,76.4,14.0,97.4,0,stable
279,22,77.1,13.8,97.4,0,stable
279,23,77.4,14.4,97.3,0,stable
279,24,76.9,14.3,97.4,0,stable
280,1,82.0,17.6,98.3,0,stable
280,2,81.7,17.5,98.4,0,stable
280,3,78.6,17.5,98.3,0,stable
280,4,78.7,17.5,97.7,0,stable
280,5,78.6,17.4,97.6,0,stable
280,6,79.3,17.5,97.3,0,stable
280,7,79.7,16.9,97.4,0,stable
280,8,80.7,17.3,97.5,0,stable
280,9,80.0,16.9,97.5,0,stable
280,10,80.5,17.4,97.6,0,stable
280,11,80.9,17.6,97.7,0,stable
280,12,81.4,17.6,97.7,0,stable
280,13,79.6,17.8,97.9,0,stable
280,14,79.2,17.5,97.8,0,stable
280,15,79.2,17.5,97.7,0,stable
280,16,78.3,17.1,97.9,0,stable
280,17,79.4,17.3,97.9,0,stable
280,18,79.1,17.3,98.0,0,stable
280,19,78.8,17.6,97.8,0,stable
280,20,79.7,17.5,97.9,0,stable
280,21,79.5,17.5,97.8,0,stable
280,22,80.1,17.7,97.8,0,stable
280,23,79.8,17.5,97.6,0,stable
280,24,80.1,17.2,98.0,0,stable
281,1,73.9,16.7,96.8,0,stable
281,2,73.8,16.0,97.0,0,stable
281,3,73.9,16.0,96.9,0,stable
281,4,75.7,16.3,96.9,0,stable
281,5,75.0,16.2,96.9,0,stable
281,6,75.7,16.2,96.9,0,stable
281,7,78.0,16.4,96.8,0,stable
281,8,77.0,16.4,97.0,0,stable
281,9,77.4,16.3,96.8,0,stable
281,10,76.8,16.6,96.8,0,stable
281,11,77.2,16.7,96.8,0,stable
281,12,76.3,16.2,96.7,0,stable
281,13,77.1,16.4,96.7,0,stable
281,14,76.1,16.6,96.6,0,stable
281,15,76.0,16.8,96.5,0,stable
281,16,75.0,16.8,96.5,0,stable
281,17,74.7,16.5,96.5,0,stable
281,18,75.0,16.6,96.7,0,stable
281,19,75.3,16.6,96.9,0,stable
281,20,75.6,16.6,96.8,0,stable
281,21,76.7,16.5,96.8,0,stable
281,22,76.5,16.9,96.6,0,stable
281,23,77.3,16.6,96.9,0,stable
281,24,77.6,17.0,96.6,0,stable
282,1,70.5,16.3,96.8,0,stable
282,2,73.3,16.2,96.8,0,stable
282,3,74.4,16.4,96.6,0,stable
282,4,73.3,16.6,96.6,0,stable
282,5,75.0,16.7,96.4,0,stable
282,6,76.1,16.6,96.7,0,stable
282,7,77.3,16.3,96.7,0,stable
282,8,76.4,16.4,96.8,0,stable
282,9,75.8,16.4,97.0,0,stable
282,10,74.5,16.0,97.1,0,stable
282,11,74.1,16.0,97.1,0,stable
282,12,75.3,15.7,96.9,0,stable
282,13,75.6,16.1,96.7,0,stable
282,14,74.5,16.5,96.6,0,stable
282,15,74.4,16.4,96.6,0,stable
282,16,75.6,16.4,96.7,0,stable
282,17,75.0,16.0,96.7,0,stable
282,18,74.2,15.5,96.7,0,stable
282,19,73.8,15.8,96.7,0,stable
282,20,74.1,16.1,96.6,0,stable
282,21,74.4,16.2,96.5,0,stable
282,22,75.0,15.9,96.4,0,stable
282,23,74.9,15.9,96.7,0,stable
282,24,74.0,16.0,96.7,0,stable
283,1,80.5,18.1,97.4,0,stable
283,2,79.4,18.4,97.7,0,stable
283,3,78.7,18.5,97.5,0,stable
283,4,79.1,18.4,97.6,0,stable
283,5,78.5,18.3,97.5,0,stable
283,6,77.9,18.1,97.4,0,stable
283,7,79.3,18.3,97.4,0,stable
283,8,79.9,18.0,97.7,0,stable
283,9,81.1,18.2,97.5,0,stable
283,10,80.6,18.4,97.8,0,stable
283,11,80.8,18.4,97.6,0,stable
283,12,79.7,18.3,97.6,0,stable
283,13,79.3,18.2,97.6,0,stable
283,14,80.0,18.2,97.5,0,stable
283,15,81.3,18.2,97.7,0,stable
283,16,80.3,18.0,97.4,0,stable
283,17,80.6,18.0,97.5,0,stable
283,18,81.5,17.7,97.4,0,stable
283,19,80.9,17.7,97.6,0,stable
283,20,81.6,17.7,97.5,0,stable
283,21,82.0,17.9,97.5,0,stable
283,22,81.1,18.2,97.6,0,stable
283,23,80.6,18.0,97.3,0,stable
283,24,80.4,17.5,97.2,0,stable
284,1,81.4,16.1,98.2,0,stable
284,2,80.9,16.0,98.0,0,stable
284,3,80.7,15.7,98.0,0,stable
284,4,78.7,16.0,98.0,0,stable
284,5,78.0,15.7,97.9,0,stable
284,6,78.0,15.3,97.8,0,stable
284,7,78.3,15.5,98.1,0,stable
284,8,78.2,15.5,97.9,0,stable
284,9,79.2,15.6,98.2,0,stable
284,10,77.7,15.6,98.1,0,stable
284,11,77.3,15.7,98.1,0,stable
284,12,78.1,15.7,98.2,0,stable
284,13,78.3,15.6,98.0,0,stable
284,14,78.6,15.9,97.9,0,stable
284,15,77.7,15.8,97.8,0,stable
284,16,79.0,16.0,97.7,0,stable
284,17,79.8,16.1,97.7,0,stable
284,18,78.9,15.8,97.6,0,stable
284,19,79.5,16.1,97.5,0,stable
284,20,78.6,15.9,97.7,0,stable
284,21,77.8,15.7,97.6,0,stable
284,22,77.2,16.0,97.6,0,stable
284,23,77.5,15.9,97.5,0,stable
284,24,77.7,16.1,97.7,0,stable
285,1,71.0,13.3,98.0,0,stable
285,2,73.3,13.5,98.2,0,stable
285,3,73.5,13.6,98.2,0,stable
285,4,74.4,13.4,98.4,0,stable
285,5,73.7,13.4,98.3,0,stable
285,6,72.1,13.5,98.3,0,stable
285,7,72.5,13.6,98.4,0,stable
285,8,73.1,14.2,98.3,0,stable
285,9,74.0,14.3,98.2,0,stable
285,10,72.9,14.1,98.2,0,stable
285,11,71.7,14.4,98.3,0,stable
285,12,72.2,14.1,98.3,0,stable
285,13,73.2,13.9,98.3,0,stable
285,14,73.4,13.8,98.4,0,stable
285,15,73.4,14.0,98.1,0,stable
285,16,72.7,14.1,98.2,0,stable
285,17,73.2,14.4,98.1,0,stable
285,18,73.1,14.6,98.3,0,stable
285,19,72.8,14.2,98.1,0,stable
285,20,73.6,14.1,98.0,0,stable
285,21,74.5,13.9,98.2,0,stable
285,22,74.1,13.9,98.2,0,stable
285,23,73.8,14.5,98.0,0,stable
285,24,74.2,14.7,98.2,0,stable
286,1,75.0,18.0,97.3,0,stable
286,2,75.6,17.3,97.5,0,stable
286,3,73.8,16.9,97.6,0,stable
286,4,72.8,16.8,97.8,0,stable
286,5,73.7,17.1,98.1,0,stable
286,6,74.5,17.2,97.9,0,stable
286,7,75.3,17.4,97.9,0,stable
286,8,74.7,17.2,98.1,0,stable
286,9,74.3,17.1,98.1,0,stable
286,10,75.6,17.3,97.9,0,stable
286,11,74.1,17.5,98.0,0,stable
286,12,72.9,17.4,97.8,0,stable
286,13,73.1,17.5,97.8,0,stable
286,14,72.6,17.5,98.0,0,stable
286,15,73.5,17.3,98.0,0,stable
286,16,74.8,17.0,97.9,0,stable
286,17,73.1,17.1,97.8,0,stable
286,18,72.6,17.2,97.7,0,stable
286,19,73.1,17.0,97.8,0,stable
286,20,72.9,17.2,97.8,0,stable
286,21,72.8,17.3,98.1,0,stable
286,22,72.0,16.9,98.2,0,stable
286,23,73.9,17.0,98.1,0,stable
286,24,75.2,16.7,98.1,0,stable
287,1,71.0,13.9,97.4,0,stable
287,2,72.6,13.9,97.8,0,stable
287,3,73.8,14.3,97.7,0,stable
287,4,74.1,14.4,97.9,0,stable
287,5,73.5,14.2,97.8,0,stable
287,6,74.4,14.3,97.7,0,stable
287,7,74.9,14.5,97.8,0,stable
287,8,75.5,14.4,98.0,0,stable
287,9,76.0,14.9,98.2,0,stable
287,10,75.4,14.9,97.9,0,stable
287,11,75.9,14.6,97.9,0,stable
287,12,75.8,14.9,98.0,0,stable
287,13,75.0,15.2,98.2,0,stable
287,14,74.9,15.2,98.3,0,stable
287,15,74.8,15.0,98.2,0,stable
287,16,75.5,14.7,98.0,0,stable
287,17,76.6,14.6,97.9,0,stable
287,18,76.8,14.9,97.9,0,stable
287,19,75.6,14.7,98.0,0,stable
287,20,76.1,14.6,97.9,0,stable
287,21,76.1,14.9,98.0,0,stable
287,22,75.5,15.0,98.0,0,stable
287,23,75.1,14.8,97.7,0,stable
287,24,75.6,14.7,98.0,0,stable
288,1,83.0,15.1,97.1,0,stable
288,2,81.6,15.1,97.3,0,stable
288,3,81.0,15.3,97.4,0,stable
288,4,80.1,16.0,97.3,0,stable
288,5,79.9,15.8,97.3,0,stable
288,6,81.9,16.3,97.2,0,stable
288,7,81.3,16.4,97.2,0,stable
288,8,80.1,16.3,97.1,0,stable
288,9,82.3,16.0,97.3,0,stable
288,10,82.6,16.0,97.5,0,stable
288,11,82.9,16.4,97.4,0,stable
288,12,81.9,16.8,97.2,0,stable
288,13,80.8,16.1,97.2,0,stable
288,14,80.1,16.1,97.5,0,stable
288,15,80.7,16.1,97.5,0,stable
288,16,81.5,16.2,97.6,0,stable
288,17,79.8,15.8,97.5,0,stable
288,18,81.1,15.7,97.5,0,stable
288,19,81.0,16.2,97.3,0,stable
288,20,81.3,15.9,97.2,0,stable
288,21,81.1,16.0,97.5,0,stable
288,22,81.9,16.0,97.1,0,stable
288,23,82.4,15.7,97.2,0,stable
288,24,82.6,15.5,97.0,0,stable
289,1,78.2,17.0,97.3,0,stable
289,2,76.3,16.7,97.2,0,stable
289,3,77.1,15.9,97.2,0,stable
289,4,78.2,16.0,97.5,0,stable
289,5,77.6,16.0,97.2,0,stable
289,6,77.3,16.3,97.3,0,stable
289,7,76.9,15.7,97.5,0,stable
289,8,79.3,16.2,97.5,0,stable
289,9,79.2,16.0,97.4,0,stable
289,10,79.5,15.5,97.5,0,stable
289,11,80.3,15.6,97.2,0,stable
289,12,79.6,15.3,97.1,0,stable
289,13,78.6,15.6,97.3,0,stable
289,14,79.7,16.0,97.6,0,stable
289,15,79.7,15.5,97.5,0,stable
289,16,81.0,15.0,97.3,0,stable
289,17,80.6,15.2,97.5,0,stable
289,18,80.2,14.9,97.3,0,stable
289,19,80.9,15.3,97.2,0,stable
289,20,79.7,15.4,97.2,0,stable
289,21,79.4,15.8,97.2,0,stable
289,22,79.9,15.8,97.1,0,stable
289,23,81.2,15.5,97.0,0,stable
289,24,80.4,15.7,97.1,0,stable
290,1,73.9,15.9,96.5,0,stable
290,2,75.1,15.7,96.3,0,stable
290,3,75.4,15.6,96.2,0,stable
290,4,75.4,15.4,96.2,0,stable
290,5,75.8,15.2,95.9,0,stable
290,6,77.2,15.2,95.9,0,stable
290,7,76.7,14.8,96.1,0,stable
290,8,77.5,14.7,96.0,0,stable
290,9,77.0,15.4,96.0,0,stable
290,10,77.0,15.2,96.1,0,stable
290,11,76.0,15.6,95.9,0,stable
290,12,77.8,15.4,95.8,0,stable
290,13,77.8,15.5,95.8,0,stable
290,14,76.4,15.4,95.7,0,stable
290,15,77.0,15.5,95.6,0,stable
290,16,76.8,15.2,95.7,0,stable
290,17,76.4,15.3,95.9,0,stable
290,18,76.1,15.3,96.0,0,stable
290,19,78.0,15.0,96.1,0,stable
290,20,78.1,15.0,95.8,0,stable
290,21,77.9,15.4,95.9,0,stable
290,22,77.3,15.1,95.9,0,stable
290,23,77.5,15.0,95.9,0,stable
290,24,76.6,14.8,96.0,0,stable
291,1,68.2,17.1,97.7,0,stable
291,2,69.4,16.5,97.7,0,stable
291,3,70.7,16.5,97.5,0,stable
291,4,70.3,16.8,97.5,0,stable
291,5,70.1,16.7,97.6,0,stable
291,6,69.9,16.5,97.6,0,stable
291,7,68.5,16.6,97.7,0,stable
291,8,69.0,16.5,97.8,0,stable
291,9,68.3,16.3,97.6,0,stable
291,10,70.4,16.6,97.5,0,stable
291,11,72.2,16.5,97.7,0,stable
291,12,71.0,16.8,97.7,0,stable
291,13,71.0,16.9,97.6,0,stable
291,14,70.1,17.1,97.4,0,stable
291,15,69.7,16.6,97.6,0,stable
291,16,69.2,16.4,97.6,0,stable
291,17,69.3,16.3,97.4,0,stable
291,18,68.8,16.6,97.4,0,stable
291,19,69.0,16.6,97.7,0,stable
291,20,69.5,16.3,97.7,0,stable
291,21,70.4,16.2,97.8,0,stable
291,22,69.9,16.3,97.7,0,stable
291,23,70.2,16.4,97.5,0,stable
291,24,70.5,16.6,97.4,0,stable
292,1,83.3,15.9,96.3,0,stable
292,2,83.9,15.4,96.7,0,stable
292,3,84.1,15.3,96.9,0,stable
292,4,84.1,15.1,97.0,0,stable
292,5,85.8,14.9,96.9,0,stable
292,6,86.9,15.6,97.2,0,stable
292,7,85.5,15.8,97.1,0,stable
292,8,85.4,15.4,97.1,0,stable
292,9,85.1,15.8,97.0,0,stable
292,10,86.0,15.6,97.3,0,stable
292,11,85.6,15.8,97.1,0,stable
292,12,84.8,15.3,97.0,0,stable
292,13,85.8,15.0,97.1,0,stable
292,14,86.0,15.2,97.2,0,stable
292,15,86.0,15.4,97.2,0,stable
292,16,86.2,15.4,97.4,0,stable
292,17,85.7,15.9,97.4,0,stable
292,18,86.8,15.6,97.4,0,stable
292,19,86.9,16.1,97.4,0,stable
292,20,87.0,16.1,97.4,0,stable
292,21,86.8,16.0,97.5,0,stable
292,22,87.6,15.6,97.4,0,stable
292,23,86.6,16.1,97.5,0,stable
292,24,86.3,15.9,97.3,0,stable
293,1,74.4,14.6,98.1,0,stable
293,2,75.7,14.9,98.3,0,stable
293,3,74.6,14.9,98.3,0,stable
293,4,73.8,14.7,98.2,0,stable
293,5,73.1,14.8,98.1,0,stable
293,6,73.2,15.4,98.2,0,stable
293,7,72.6,15.6,98.3,0,stable
293,8,73.3,15.6,98.4,0,stable
293,9,72.0,15.4,98.3,0,stable
293,10,72.5,15.5,98.3,0,stable
293,11,73.3,15.8,97.9,0,stable
293,12,72.7,15.7,98.0,0,stable
293,13,73.1,15.3,98.1,0,stable
293,14,72.4,15.3,98.0,0,stable
293,15,73.6,15.1,98.0,0,stable
293,16,73.1,15.3,98.0,0,stable
293,17,73.3,15.0,98.2,0,stable
293,18,73.0,15.0,98.4,0,stable
293,19,72.8,15.0,98.7,0,stable
293,20,72.2,15.2,98.7,0,stable
293,21,71.5,15.2,98.5,0,stable
293,22,72.5,15.3,98.4,0,stable
293,23,72.4,15.5,98.4,0,stable
293,24,72.0,15.2,98.4,0,stable
294,1,77.3,13.2,98.4,0,stable
294,2,77.5,13.4,98.5,0,stable
294,3,78.3,14.0,98.6,0,stable
294,4,79.5,14.5,98.4,0,stable
294,5,79.8,14.2,98.4,0,stable
294,6,79.5,14.2,98.5,0,stable
294,7,79.3,14.5,98.4,0,stable
294,8,79.1,14.2,98.5,0,stable
294,9,79.3,14.2,98.5,0,stable
294,10,81.6,14.2,98.6,0,stable
294,11,82.4,14.0,98.5,0,stable
294,12,82.7,14.2,98.5,0,stable
294,13,81.6,14.3,98.6,0,stable
294,14,80.4,14.4,98.6,0,stable
294,15,80.5,14.4,98.8,0,stable
294,16,80.8,14.2,99.0,0,stable
294,17,80.4,14.6,98.9,0,stable
294,18,80.6,14.0,98.7,0,stable
294,19,80.1,14.1,98.5,0,stable
294,20,79.0,13.8,98.7,0,stable
294,21,78.9,14.7,98.8,0,stable
294,22,77.8,14.6,98.5,0,stable
294,23,77.3,14.0,98.7,0,stable
294,24,78.2,13.9,98.9,0,stable
295,1,69.9,15.7,97.4,0,stable
295,2,70.8,16.2,97.1,0,stable
295,3,72.4,16.3,97.0,0,stable
295,4,73.3,16.6,97.1,0,stable
295,5,73.6,16.6,97.1,0,stable
295,6,73.0,16.5,97.4,0,stable
295,7,72.7,16.6,97.1,0,stable
295,8,72.2,16.7,97.1,0,stable
295,9,72.6,16.9,97.0,0,stable
295,10,73.1,16.6,97.0,0,stable
295,11,73.1,15.9,97.1,0,stable
295,12,73.1,16.3,97.1,0,stable
295,13,73.0,16.2,97.0,0,stable
295,14,73.1,16.1,96.9,0,stable
295,15,73.6,16.4,96.9,0,stable
295,16,72.9,16.5,96.8,0,stable
295,17,72.5,16.1,96.8,0,stable
295,18,74.5,16.4,97.0,0,stable
295,19,73.8,16.5,97.3,0,stable
295,20,72.8,16.5,97.2,0,stable
295,21,74.3,16.7,97.0,0,stable
295,22,72.2,16.6,97.1,0,stable
295,23,72.5,16.5,97.1,0,stable
295,24,71.6,16.4,97.0,0,stable
296,1,77.5,14.0,96.9,0,stable
296,2,76.7,14.0,97.1,0,stable
296,3,76.1,13.8,97.0,0,stable
296,4,75.8,14.3,97.0,0,stable
296,5,74.8,14.6,97.1,0,stable
296,6,75.2,14.3,97.3,0,stable
296,7,74.4,14.3,97.3,0,stable
296,8,75.4,14.2,97.1,0,stable
296,9,73.8,13.9,97.2,0,stable
296,10,72.1,14.2,97.2,0,stable
296,11,72.6,14.7,97.2,0,stable
296,12,72.1,14.7,97.0,0,stable
296,13,73.5,14.3,97.2,0,stable
296,14,73.3,15.0,97.2,0,stable
296,15,73.0,14.5,97.1,0,stable
296,16,74.3,14.1,97.0,0,stable
296,17,73.0,14.6,97.2,0,stable
296,18,73.0,14.6,97.1,0,stable
296,19,71.7,14.5,96.9,0,stable
296,20,72.2,14.5,96.9,0,stable
296,21,72.2,14.4,97.1,0,stable
296,22,72.5,14.3,97.2,0,stable
296,23,72.2,14.6,97.1,0,stable
296,24,72.4,14.6,97.1,0,stable
297,1,86.1,17.6,97.4,0,stable
297,2,85.8,17.2,97.6,0,stable
297,3,83.6,17.0,97.7,0,stable
297,4,85.0,17.1,97.8,0,stable
297,5,84.3,16.8,97.7,0,stable
297,6,84.4,16.8,97.7,0,stable
297,7,84.3,16.8,97.7,0,stable
297,8,83.3,16.8,97.8,0,stable
297,9,83.1,16.7,97.5,0,stable
297,10,83.3,16.8,97.4,0,stable
297,11,84.4,16.7,97.7,0,stable
297,12,82.2,16.8,97.8,0,stable
297,13,81.9,16.9,97.9,0,stable
297,14,83.7,16.8,97.7,0,stable
297,15,85.4,16.7,97.8,0,stable
297,16,85.0,16.7,97.6,0,stable
297,17,85.8,16.7,97.6,0,stable
297,18,84.8,17.1,97.7,0,stable
297,19,84.9,17.5,97.7,0,stable
297,20,83.9,17.2,97.7,0,stable
297,21,83.1,17.0,97.6,0,stable
297,22,82.9,17.0,97.7,0,stable
297,23,84.3,17.2,97.6,0,stable
297,24,83.9,17.0,97.6,0,stable
298,1,78.3,18.4,95.5,0,stable
298,2,78.6,18.0,95.2,0,stable
298,3,78.7,17.2,95.3,0,stable
298,4,77.3,17.4,95.2,0,stable
298,5,77.4,17.1,95.4,0,stable
298,6,77.4,17.1,95.3,0,stable
298,7,77.5,17.1,95.4,0,stable
298,8,77.2,17.0,95.5,0,stable
298,9,77.9,17.1,95.7,0,stable
298,10,77.6,17.2,95.5,0,stable
298,11,77.1,17.5,95.4,0,stable
298,12,76.3,17.5,95.4,0,stable
298,13,75.6,17.1,95.3,0,stable
298,14,76.7,17.0,95.3,0,stable
298,15,76.7,17.1,95.5,0,stable
298,16,76.6,17.1,95.5,0,stable
298,17,76.9,16.8,95.5,0,stable
298,18,76.9,16.9,95.6,0,stable
298,19,76.8,16.8,95.4,0,stable
298,20,78.2,16.6,95.4,0,stable
298,21,79.0,16.8,95.3,0,stable
298,22,79.1,16.6,95.5,0,stable
298,23,79.0,17.2,95.5,0,stable
298,24,78.3,17.2,95.3,0,stable
299,1,83.0,14.7,97.9,0,stable
299,2,82.4,14.8,97.5,0,stable
299,3,79.5,14.8,97.5,0,stable
299,4,79.2,15.0,97.5,0,stable
299,5,77.3,15.6,97.5,0,stable
299,6,76.9,15.4,97.3,0,stable
299,7,75.0,15.8,97.2,0,stable
299,8,74.3,15.6,97.2,0,stable
299,9,75.1,15.4,97.5,0,stable
299,10,75.2,15.5,97.7,0,stable
299,11,76.0,15.6,97.6,0,stable
299,12,76.7,15.6,97.3,0,stable
299,13,77.3,16.0,97.3,0,stable
299,14,77.2,15.9,97.4,0,stable
299,15,76.6,15.9,97.4,0,stable
299,16,77.7,15.4,97.4,0,stable
299,17,77.6,15.0,97.2,0,stable
299,18,77.9,15.0,97.3,0,stable
299,19,77.3,14.9,97.3,0,stable
299,20,76.1,15.1,97.1,0,stable
299,21,77.3,15.0,97.3,0,stable
299,22,77.8,15.3,97.6,0,stable
299,23,77.1,15.4,97.7,0,stable
299,24,76.6,15.3,97.7,0,stable
300,1,74.4,13.2,97.1,0,stable
300,2,75.4,13.1,97.3,0,stable
300,3,75.2,13.0,97.4,0,stable
300,4,74.8,12.7,97.1,0,stable
300,5,74.9,12.8,96.9,0,stable
300,6,74.1,12.9,96.9,0,stable
300,7,73.1,12.8,96.9,0,stable
300,8,74.9,12.5,97.1,0,stable
300,9,75.2,12.8,97.1,0,stable
300,10,76.6,12.6,97.2,0,stable
300,11,75.3,12.4,97.0,0,stable
300,12,76.9,12.4,97.1,0,stable
300,13,76.1,12.0,97.3,0,stable
300,14,76.2,11.8,97.2,0,stable
300,15,76.5,12.5,97.5,0,stable
300,16,75.5,12.4,97.4,0,stable
300,17,75.1,12.6,97.3,0,stable
300,18,76.2,12.4,97.3,0,stable
300,19,76.7,12.2,97.2,0,stable
300,20,78.0,12.8,97.3,0,stable
300,21,77.8,12.2,97.4,0,stable
300,22,77.8,12.2,97.3,0,stable
300,23,78.6,12.6,97.4,0,stable
300,24,78.3,12.6,97.3,0,stable
301,1,78.2,15.0,97.1,0,stable
301,2,78.2,15.6,97.4,0,stable
301,3,76.6,16.2,97.4,0,stable
301,4,76.5,16.5,97.7,0,stable
301,5,77.9,17.0,97.8,0,stable
301,6,75.9,17.0,97.8,0,stable
301,7,76.2,17.0,97.9,0,stable
301,8,74.8,16.7,97.9,0,stable
301,9,75.6,16.9,97.8,0,stable
301,10,77.1,16.7,97.7,0,stable
301,11,76.8,16.4,97.5,0,stable
301,12,76.9,16.5,97.5,0,stable
301,13,75.3,16.1,97.4,0,stable
301,14,75.4,16.2,97.6,0,stable
301,15,76.6,15.9,97.8,0,stable
301,16,76.1,15.8,97.8,0,stable
301,17,76.3,16.2,97.8,0,stable
301,18,76.3,16.2,97.7,0,stable
301,19,76.4,16.7,97.7,0,stable
301,20,75.8,16.6,97.7,0,stable
301,21,75.5,16.4,97.8,0,stable
301,22,76.4,16.1,97.5,0,stable
301,23,75.8,16.5,97.5,0,stable
301,24,76.9,16.4,97.7,0,stable
302,1,80.0,14.8,97.3,0,stable
302,2,79.5,14.7,97.2,0,stable
302,3,79.5,15.1,97.2,0,stable
302,4,79.6,14.6,97.2,0,stable
302,5,79.0,15.0,97.3,0,stable
302,6,77.8,14.9,97.3,0,stable
302,7,77.2,15.2,97.3,0,stable
302,8,78.1,15.1,97.2,0,stable
302,9,78.6,15.0,97.3,0,stable
302,10,80.1,14.9,97.4,0,stable
302,11,81.2,14.9,97.5,0,stable
302,12,80.8,14.7,97.4,0,stable
302,13,80.3,15.5,97.4,0,stable
302,14,80.1,15.5,97.3,0,stable
302,15,81.3,15.5,97.2,0,stable
302,16,79.8,15.2,97.1,0,stable
302,17,80.9,15.3,97.2,0,stable
302,18,80.7,15.4,97.2,0,stable
302,19,79.9,15.5,97.4,0,stable
302,20,79.3,15.2,97.3,0,stable
302,21,80.5,14.9,97.3,0,stable
302,22,79.2,15.1,97.3,0,stable
302,23,79.9,15.6,97.2,0,stable
302,24,79.5,15.1,97.4,0,stable
303,1,74.0,18.7,96.9,0,stable
303,2,77.0,18.8,97.1,0,stable
303,3,79.3,18.8,96.9,0,stable
303,4,78.2,19.0,96.9,0,stable
303,5,79.2,18.7,96.8,0,stable
303,6,79.0,18.8,97.0,0,stable
303,7,78.4,18.9,97.1,0,stable
303,8,78.7,18.8,97.1,0,stable
303,9,79.2,19.4,97.3,0,stable
303,10,78.5,19.5,97.1,0,stable
303,11,79.2,18.8,97.2,0,stable
303,12,80.2,18.5,97.4,0,stable
303,13,80.2,18.4,97.2,0,stable
303,14,79.4,18.8,97.3,0,stable
303,15,78.2,18.7,97.0,0,stable
303,16,77.8,19.0,96.8,0,stable
303,17,78.3,19.1,96.8,0,stable
303,18,79.1,19.0,96.9,0,stable
303,19,77.3,19.2,96.8,0,stable
303,20,78.4,19.1,96.7,0,stable
303,21,78.9,18.9,96.7,0,stable
303,22,77.5,18.9,96.8,0,stable
303,23,77.4,18.6,96.9,0,stable
303,24,78.1,18.8,96.9,0,stable
304,1,75.9,17.4,97.8,0,stable
304,2,74.9,17.4,98.0,0,stable
304,3,74.5,17.9,97.8,0,stable
304,4,74.0,17.5,97.8,0,stable
304,5,73.9,17.8,98.0,0,stable
304,6,74.0,17.8,98.0,0,stable
304,7,74.9,17.8,97.8,0,stable
304,8,74.4,17.8,98.0,0,stable
304,9,75.0,18.0,97.9,0,stable
304,10,75.0,17.9,98.0,0,stable
304,11,74.0,17.7,97.8,0,stable
304,12,75.5,17.8,97.9,0,stable
304,13,75.3,17.9,98.0,0,stable
304,14,74.6,17.7,97.9,0,stable
304,15,74.8,17.7,97.8,0,stable
304,16,75.2,18.0,97.8,0,stable
304,17,75.5,18.0,97.8,0,stable
304,18,74.4,18.5,97.7,0,stable
304,19,75.4,18.4,97.7,0,stable
304,20,75.0,17.9,97.9,0,stable
304,21,73.6,17.9,98.0,0,stable
304,22,74.6,17.6,97.9,0,stable
304,23,74.9,17.6,97.8,0,stable
304,24,75.1,17.5,97.9,0,stable
305,1,79.1,16.4,98.4,0,stable
305,2,78.9,16.5,98.1,0,stable
305,3,78.1,16.5,98.0,0,stable
305,4,78.5,16.7,97.9,0,stable
305,5,79.3,16.8,98.0,0,stable
305,6,79.6,16.7,97.9,0,stable
305,7,79.6,16.6,97.8,0,stable
305,8,81.3,16.6,97.9,0,stable
305,9,79.7,17.3,98.0,0,stable
305,10,81.9,17.2,97.9,0,stable
305,11,81.1,16.5,97.6,0,stable
305,12,81.3,16.6,97.7,0,stable
305,13,80.3,17.0,97.7,0,stable
305,14,82.2,16.8,97.5,0,stable
305,15,82.4,16.4,97.6,0,stable
305,16,81.1,16.6,97.9,0,stable
305,17,81.0,16.8,97.9,0,stable
305,18,80.9,16.8,97.8,0,stable
305,19,80.4,16.7,97.8,0,stable
305,20,81.5,16.7,97.8,0,stable
305,21,82.0,16.9,97.9,0,stable
305,22,82.1,17.1,97.8,0,stable
305,23,82.9,17.8,97.8,0,stable
305,24,82.3,17.3,97.8,0,stable
306,1,76.5,15.0,95.8,0,stable
306,2,75.9,15.1,96.2,0,stable
306,3,75.7,15.3,96.4,0,stable
306,4,75.4,15.7,96.7,0,stable
306,5,74.1,15.5,96.8,0,stable
306,6,76.0,16.2,96.7,0,stable
306,7,75.5,15.9,96.7,0,stable
306,8,75.3,16.2,96.9,0,stable
306,9,75.3,16.1,96.8,0,stable
306,10,75.6,16.1,96.8,0,stable
306,11,74.0,16.2,96.7,0,stable
306,12,74.2,16.3,96.7,0,stable
306,13,74.6,16.0,96.6,0,stable
306,14,72.5,16.6,96.8,0,stable
306,15,72.4,16.4,96.9,0,stable
306,16,72.3,16.5,96.7,0,stable
306,17,73.5,16.2,96.8,0,stable
306,18,73.9,16.2,96.8,0,stable
306,19,74.0,16.3,96.8,0,stable
306,20,75.6,16.4,96.8,0,stable
306,21,76.1,15.6,96.8,0,stable
306,22,75.2,15.5,96.6,0,stable
306,23,74.3,15.2,96.5,0,stable
306,24,73.8,15.5,96.7,0,stable
307,1,81.2,15.5,97.5,0,stable
307,2,80.4,15.9,97.7,0,stable
307,3,81.7,15.5,97.6,0,stable
307,4,81.8,15.8,97.5,0,stable
307,5,81.0,15.7,97.2,0,stable
307,6,80.4,15.5,97.4,0,stable
307,7,81.5,15.3,97.4,0,stable
307,8,81.2,15.6,97.4,0,stable
307,9,81.3,15.5,97.3,0,stable
307,10,81.2,15.8,97.3,0,stable
307,11,80.4,15.2,97.4,0,stable
307,12,79.5,15.4,97.6,0,stable
307,13,79.0,15.5,97.6,0,stable
307,14,81.1,15.2,97.4,0,stable
307,15,80.6,14.9,97.4,0,stable
307,16,80.7,15.0,97.5,0,stable
307,17,79.3,15.5,97.5,0,stable
307,18,79.4,15.6,97.4,0,stable
307,19,79.1,15.1,97.3,0,stable
307,20,79.5,15.3,97.4,0,stable
307,21,78.7,15.7,97.4,0,stable
307,22,80.4,15.3,97.6,0,stable
307,23,80.9,15.6,97.4,0,stable
307,24,81.0,15.2,97.3,0,stable
308,1,78.1,14.7,97.5,0,stable
308,2,77.7,14.7,97.5,0,stable
308,3,76.2,15.1,97.7,0,stable
308,4,76.6,15.0,97.8,0,stable
308,5,76.3,15.2,98.1,0,stable
308,6,75.3,15.0,98.0,0,stable
308,7,76.4,14.9,98.2,0,stable
308,8,75.3,14.9,98.2,0,stable
308,9,75.7,14.8,98.1,0,stable
308,10,75.1,14.9,98.1,0,stable
308,11,74.8,15.1,98.0,0,stable
308,12,73.8,15.3,97.8,0,stable
308,13,75.2,15.6,97.8,0,stable
308,14,75.6,16.1,97.9,0,stable
308,15,76.0,15.5,97.7,0,stable
308,16,76.4,15.8,97.8,0,stable
308,17,76.8,15.6,97.9,0,stable
308,18,76.0,15.4,98.0,0,stable
308,19,75.5,15.0,98.0,0,stable
308,20,75.6,14.7,98.2,0,stable
308,21,75.7,15.2,98.0,0,stable
308,22,76.8,15.4,98.0,0,stable
308,23,78.2,15.2,98.1,0,stable
308,24,77.7,15.4,98.3,0,stable
309,1,73.7,16.4,98.4,0,stable
309,2,74.2,16.6,98.3,0,stable
309,3,74.5,16.3,98.3,0,stable
309,4,75.5,16.1,98.2,0,stable
309,5,76.8,15.7,98.1,0,stable
309,6,76.4,16.1,98.1,0,stable
309,7,74.7,16.3,98.3,0,stable
309,8,76.2,16.6,98.3,0,stable
309,9,75.7,16.6,98.3,0,stable
309,10,74.5,16.5,98.3,0,stable
309,11,74.9,16.0,98.3,0,stable
309,12,75.7,16.2,98.3,0,stable
309,13,76.1,16.1,98.5,0,stable
309,14,76.9,16.1,98.8,0,stable
309,15,77.2,16.8,98.6,0,stable
309,16,76.2,16.5,98.6,0,stable
309,17,75.1,16.7,98.5,0,stable
309,18,74.8,16.3,98.3,0,stable
309,19,75.5,16.1,98.4,0,stable
309,20,75.0,16.4,98.5,0,stable
309,21,75.8,16.4,98.2,0,stable
309,22,74.3,16.6,98.1,0,stable
309,23,75.4,16.3,98.2,0,stable
309,24,75.4,16.6,98.5,0,stable
310,1,63.6,15.9,97.5,0,stable
310,2,64.2,16.0,97.3,0,stable
310,3,64.0,15.9,97.3,0,stable
310,4,66.0,15.5,97.4,0,stable
310,5,65.7,15.4,97.6,0,stable
310,6,66.2,15.0,97.4,0,stable
310,7,65.1,15.2,97.5,0,stable
310,8,64.5,15.4,97.5,0,stable
310,9,64.7,15.6,97.6,0,stable
310,10,66.3,15.5,97.5,0,stable
310,11,66.8,15.5,97.5,0,stable
310,12,66.0,15.5,97.7,0,stable
310,13,66.2,15.7,97.5,0,stable
310,14,66.5,15.7,97.7,0,stable
310,15,67.6,15.7,97.8,0,stable
310,16,66.1,16.0,97.6,0,stable
310,17,66.3,16.1,97.6,0,stable
310,18,65.7,16.5,97.8,0,stable
310,19,66.5,16.4,98.0,0,stable
310,20,65.5,16.1,97.7,0,stable
310,21,65.6,16.2,97.7,0,stable
310,22,64.5,16.1,97.8,0,stable
310,23,66.8,15.9,97.9,0,stable
310,24,64.8,15.8,98.0,0,stable
311,1,81.9,16.7,95.2,0,stable
311,2,81.3,16.6,95.5,0,stable
311,3,80.5,16.6,95.5,0,stable
311,4,80.2,17.0,95.5,0,stable
311,5,80.9,16.9,95.4,0,stable
311,6,81.3,16.9,95.4,0,stable
311,7,82.0,16.9,95.6,0,stable
311,8,80.9,16.4,95.7,0,stable
311,9,81.4,16.9,95.8,0,stable
311,10,81.5,17.2,95.6,0,stable
311,11,81.2,17.4,95.5,0,stable
311,12,80.7,17.3,95.7,0,stable
311,13,79.4,17.5,95.7,0,stable
311,14,80.6,17.1,95.6,0,stable
311,15,80.6,17.4,95.5,0,stable
311,16,80.9,16.9,95.4,0,stable
311,17,81.6,16.7,95.3,0,stable
311,18,80.5,16.9,95.5,0,stable
311,19,80.5,16.6,95.6,0,stable
311,20,78.9,16.7,95.6,0,stable
311,21,78.5,16.8,95.6,0,stable
311,22,79.7,16.8,95.5,0,stable
311,23,79.4,16.7,95.4,0,stable
311,24,80.2,16.6,95.4,0,stable
312,1,83.2,15.8,97.0,0,stable
312,2,81.3,15.3,97.1,0,stable
312,3,81.3,15.4,97.2,0,stable
312,4,79.8,15.3,97.3,0,stable
312,5,80.8,15.7,97.3,0,stable
312,6,80.7,15.8,97.2,0,stable
312,7,79.8,15.7,97.3,0,stable
312,8,81.1,15.7,97.4,0,stable
312,9,82.1,15.5,97.4,0,stable
312,10,80.6,15.4,97.4,0,stable
312,11,80.8,15.3,97.4,0,stable
312,12,81.5,15.3,97.5,0,stable
312,13,80.7,15.8,97.5,0,stable
312,14,80.4,15.3,97.3,0,stable
312,15,81.4,15.3,97.2,0,stable
312,16,80.4,15.8,97.4,0,stable
312,17,80.6,15.9,97.6,0,stable
312,18,80.5,16.0,97.6,0,stable
312,19,79.8,15.7,97.5,0,stable
312,20,80.0,16.0,97.7,0,stable
312,21,79.0,15.6,97.5,0,stable
312,22,79.5,15.5,97.4,0,stable
312,23,80.1,15.4,97.2,0,stable
312,24,79.4,15.7,97.3,0,stable
313,1,73.5,16.3,98.4,0,stable
313,2,72.8,16.2,98.6,0,stable
313,3,72.2,16.0,98.4,0,stable
313,4,73.8,16.3,98.3,0,stable
313,5,74.5,16.5,98.3,0,stable
313,6,75.4,16.7,98.4,0,stable
313,7,73.4,16.7,98.6,0,stable
313,8,72.6,16.7,98.4,0,stable
313,9,73.6,16.8,98.4,0,stable
313,10,72.1,16.5,98.3,0,stable
313,11,72.5,16.8,98.2,0,stable
313,12,72.6,17.0,98.4,0,stable
313,13,74.5,17.1,98.5,0,stable
313,14,73.6,16.7,98.3,0,stable
313,15,75.2,16.6,98.3,0,stable
313,16,75.4,16.8,98.2,0,stable
313,17,73.9,16.8,98.2,0,stable
313,18,74.3,16.6,98.5,0,stable
313,19,74.9,16.7,98.7,0,stable
313,20,73.6,17.1,98.6,0,stable
313,21,74.5,16.7,98.4,0,stable
313,22,75.3,16.7,98.2,0,stable
313,23,76.2,16.4,98.3,0,stable
313,24,75.4,16.2,98.4,0,stable
314,1,75.3,16.8,97.7,0,stable
314,2,76.8,17.1,97.8,0,stable
314,3,77.6,17.2,97.7,0,stable
314,4,77.8,17.2,97.8,0,stable
314,5,78.2,17.1,97.8,0,stable
314,6,78.1,17.0,97.5,0,stable
314,7,79.1,16.9,97.7,0,stable
314,8,80.4,16.5,97.8,0,stable
314,9,79.7,16.7,97.9,0,stable
314,10,80.6,16.6,98.1,0,stable
314,11,80.7,16.7,98.0,0,stable
314,12,79.4,16.7,97.9,0,stable
314,13,80.3,16.7,97.8,0,stable
314,14,80.6,16.8,97.8,0,stable
314,15,80.9,17.2,97.9,0,stable
314,16,79.6,17.8,98.0,0,stable
314,17,79.5,17.4,97.8,0,stable
314,18,79.9,17.4,98.0,0,stable
314,19,79.7,17.4,98.0,0,stable
314,20,79.3,17.1,98.0,0,stable
314,21,79.4,16.9,97.8,0,stable
314,22,81.1,17.1,97.6,0,stable
314,23,81.7,16.9,97.7,0,stable
314,24,79.9,16.9,98.0,0,stable
315,1,77.3,17.7,96.5,0,stable
315,2,78.8,17.9,96.4,0,stable
315,3,78.7,18.1,96.1,0,stable
315,4,78.1,18.0,96.2,0,stable
315,5,78.5,18.2,96.1,0,stable
315,6,78.6,17.9,96.1,0,stable
315,7,78.2,18.2,96.2,0,stable
315,8,79.6,18.3,96.2,0,stable
315,9,78.6,17.8,96.3,0,stable
315,10,79.6,18.5,96.5,0,stable
315,11,78.7,18.4,96.4,0,stable
315,12,80.4,18.2,96.5,0,stable
315,13,79.9,18.2,96.5,0,stable
315,14,79.4,18.2,96.4,0,stable
315,15,79.4,17.8,96.4,0,stable
315,16,79.7,18.1,96.4,0,stable
315,17,79.0,18.1,96.6,0,stable
315,18,78.6,18.0,96.4,0,stable
315,19,79.0,18.0,96.5,0,stable
315,20,79.9,17.8,96.6,0,stable
315,21,80.4,18.0,96.6,0,stable
315,22,79.8,17.9,96.5,0,stable
315,23,79.7,18.0,96.4,0,stable
315,24,79.5,17.8,96.1,0,stable
316,1,72.3,15.9,96.8,0,stable
316,2,73.5,16.1,96.9,0,stable
316,3,74.7,16.3,97.1,0,stable
316,4,75.3,15.9,97.1,0,stable
316,5,75.4,16.1,97.0,0,stable
316,6,75.9,16.6,97.1,0,stable
316,7,75.8,16.7,97.0,0,stable
316,8,75.5,16.8,97.0,0,stable
316,9,74.2,16.5,97.2,0,stable
316,10,74.8,16.4,97.1,0,stable
316,11,75.1,16.9,97.3,0,stable
316,12,74.2,16.9,97.3,0,stable
316,13,74.7,16.5,97.3,0,stable
316,14,74.0,16.9,97.3,0,stable
316,15,75.3,16.8,97.3,0,stable
316,16,74.6,16.9,97.5,0,stable
316,17,74.4,17.0,97.2,0,stable
316,18,74.2,16.8,97.3,0,stable
316,19,73.4,16.8,97.1,0,stable
316,20,73.4,16.9,97.0,0,stable
316,21,75.3,16.5,97.2,0,stable
316,22,76.1,16.5,97.3,0,stable
316,23,75.9,16.8,97.1,0,stable
316,24,75.8,16.6,97.1,0,stable
317,1,77.6,16.9,97.3,0,stable
317,2,76.7,16.8,97.5,0,stable
317,3,75.2,16.8,97.6,0,stable
317,4,74.2,17.0,98.0,0,stable
317,5,73.9,16.8,97.8,0,stable
317,6,74.3,16.9,97.8,0,stable
317,7,73.7,16.7,97.9,0,stable
317,8,75.6,17.2,97.9,0,stable
317,9,75.2,17.2,98.0,0,stable
317,10,73.9,17.2,98.1,0,stable
317,11,72.5,17.7,98.1,0,stable
317,12,72.7,17.5,98.1,0,stable
317,13,72.5,17.3,98.1,0,stable
317,14,72.2,17.2,97.9,0,stable
317,15,71.9,17.0,97.8,0,stable
317,16,71.1,17.0,97.8,0,stable
317,17,72.3,16.8,97.9,0,stable
317,18,72.9,16.7,98.2,0,stable
317,19,72.8,17.3,98.0,0,stable
317,20,73.4,17.4,97.9,0,stable
317,21,73.6,17.7,97.8,0,stable
317,22,74.3,17.4,97.6,0,stable
317,23,72.6,17.0,97.5,0,stable
317,24,72.8,17.3,97.6,0,stable
318,1,79.1,14.8,98.8,0,stable
318,2,77.7,14.7,98.8,0,stable
318,3,76.3,14.1,98.7,0,stable
318,4,76.1,14.5,98.7,0,stable
318,5,76.9,14.4,98.7,0,stable
318,6,77.9,14.3,98.5,0,stable
318,7,78.8,14.4,98.3,0,stable
318,8,79.0,14.6,98.2,0,stable
318,9,77.9,14.6,98.3,0,stable
318,10,76.3,14.4,98.4,0,stable
318,11,78.9,14.5,98.3,0,stable
318,12,77.7,14.6,98.7,0,stable
318,13,78.5,15.0,98.6,0,stable
318,14,78.9,15.1,98.7,0,stable
318,15,78.9,14.9,98.8,0,stable
318,16,78.0,14.9,98.7,0,stable
318,17,78.5,14.8,98.7,0,stable
318,18,78.2,14.7,98.5,0,stable
318,19,77.4,14.4,98.5,0,stable
318,20,78.7,14.4,98.4,0,stable
318,21,80.5,14.4,98.4,0,stable
318,22,79.1,14.4,98.3,0,stable
318,23,79.0,14.2,98.4,0,stable
318,24,79.6,14.1,98.3,0,stable
319,1,78.2,19.4,97.3,0,stable
319,2,79.4,19.0,97.2,0,stable
319,3,80.0,18.7,97.3,0,stable
319,4,80.7,18.1,97.2,0,stable
319,5,80.1,18.3,97.1,0,stable
319,6,80.8,18.2,97.1,0,stable
319,7,80.4,18.4,97.3,0,stable
319,8,80.1,18.6,97.2,0,stable
319,9,80.4,18.1,97.2,0,stable
319,10,80.5,18.3,97.3,0,stable
319,11,79.2,18.1,97.2,0,stable
319,12,79.5,17.9,97.3,0,stable
319,13,80.5,17.8,97.2,0,stable
319,14,79.9,18.1,97.2,0,stable
319,15,79.5,18.4,97.0,0,stable
319,16,79.5,18.4,97.2,0,stable
319,17,78.6,18.0,97.3,0,stable
319,18,79.5,18.2,97.3,0,stable
319,19,79.2,18.1,97.4,0,stable
319,20,79.0,18.2,97.5,0,stable
319,21,79.7,18.4,97.2,0,stable
319,22,78.9,18.3,97.3,0,stable
319,23,79.5,18.2,97.0,0,stable
319,24,79.3,18.1,97.3,0,stable
320,1,90.5,15.9,98.2,0,stable
320,2,90.4,16.0,98.1,0,stable
320,3,88.4,15.9,98.1,0,stable
320,4,88.1,16.2,98.0,0,stable
320,5,89.0,16.3,98.0,0,stable
320,6,88.1,16.1,98.1,0,stable
320,7,87.6,16.1,97.8,0,stable
320,8,87.1,16.1,97.9,0,stable
320,9,86.6,16.0,97.8,0,stable
320,10,87.0,16.1,97.9,0,stable
320,11,87.8,16.2,97.8,0,stable
320,12,85.2,16.2,97.9,0,stable
320,13,86.0,16.3,98.0,0,stable
320,14,86.1,16.2,98.0,0,stable
320,15,86.2,16.0,98.1,0,stable
320,16,86.9,16.1,98.1,0,stable
320,17,85.9,15.7,98.1,0,stable
320,18,86.4,15.9,97.9,0,stable
320,19,86.6,15.9,98.1,0,stable
320,20,85.1,16.1,98.0,0,stable
320,21,85.0,16.1,97.9,0,stable
320,22,85.6,15.8,97.7,0,stable
320,23,87.1,15.8,98.0,0,stable
320,24,87.2,15.9,98.1,0,stable
321,1,80.2,16.4,97.8,0,stable
321,2,79.9,16.7,97.8,0,stable
321,3,80.1,16.8,97.7,0,stable
321,4,80.5,16.7,97.8,0,stable
321,5,80.4,17.1,97.8,0,stable
321,6,79.8,17.1,97.6,0,stable
321,7,78.3,17.1,97.6,0,stable
321,8,79.9,17.3,97.9,0,stable
321,9,80.9,17.3,97.9,0,stable
321,10,80.1,17.4,97.9,0,stable
321,11,80.0,17.9,97.8,0,stable
321,12,78.9,17.5,97.9,0,stable
321,13,81.3,17.3,97.8,0,stable
321,14,82.0,17.1,98.1,0,stable
321,15,81.4,17.5,98.0,0,stable
321,16,81.4,17.3,97.9,0,stable
321,17,81.5,17.3,97.7,0,stable
321,18,80.4,16.9,97.6,0,stable
321,19,80.7,16.7,97.8,0,stable
321,20,80.2,16.9,97.9,0,stable
321,21,81.0,16.9,97.8,0,stable
321,22,80.1,16.9,97.6,0,stable
321,23,79.3,16.8,97.4,0,stable
321,24,79.8,16.6,97.5,0,stable
322,1,80.3,15.0,98.9,0,stable
322,2,81.1,14.9,98.8,0,stable
322,3,82.1,14.3,98.8,0,stable
322,4,84.0,14.1,98.8,0,stable
322,5,85.4,14.6,99.0,0,stable
322,6,83.5,14.6,99.0,0,stable
322,7,84.6,14.2,99.0,0,stable
322,8,84.1,14.3,99.0,0,stable
322,9,83.0,13.9,99.2,0,stable
322,10,84.9,14.0,99.0,0,stable
322,11,84.6,14.2,99.2,0,stable
322,12,83.8,14.0,99.0,0,stable
322,13,83.5,13.8,98.8,0,stable
322,14,83.8,14.4,99.1,0,stable
322,15,84.2,14.9,99.0,0,stable
322,16,85.0,14.9,99.0,0,stable
322,17,84.3,15.0,99.1,0,stable
322,18,86.0,14.8,99.2,0,stable
322,19,86.4,15.0,99.1,0,stable
322,20,85.4,14.9,98.9,0,stable
322,21,84.4,14.4,99.0,0,stable
322,22,84.4,14.1,98.9,0,stable
322,23,85.5,13.9,98.9,0,stable
322,24,85.4,14.1,99.0,0,stable
323,1,79.3,13.3,97.1,0,stable
323,2,79.1,13.8,96.9,0,stable
323,3,80.8,14.0,97.0,0,stable
323,4,82.2,14.0,96.9,0,stable
323,5,82.2,14.0,97.0,0,stable
323,6,81.5,13.6,96.8,0,stable
323,7,80.7,14.2,96.9,0,stable
323,8,80.9,14.2,97.2,0,stable
323,9,80.0,14.3,97.2,0,stable
323,10,80.5,14.8,97.1,0,stable
323,11,80.9,14.4,97.2,0,stable
323,12,80.8,14.7,97.1,0,stable
323,13,81.6,14.7,97.2,0,stable
323,14,81.4,14.2,97.1,0,stable
323,15,80.0,14.6,97.1,0,stable
323,16,80.1,14.5,97.3,0,stable
323,17,79.5,14.9,97.4,0,stable
323,18,79.3,15.1,97.3,0,stable
323,19,79.9,14.9,97.2,0,stable
323,20,81.2,14.7,96.8,0,stable
323,21,81.1,14.7,97.0,0,stable
323,22,80.6,14.7,96.9,0,stable
323,23,81.3,14.5,97.0,0,stable
323,24,81.8,14.2,97.2,0,stable
324,1,70.9,16.6,97.6,0,stable
324,2,71.2,16.4,97.8,0,stable
324,3,71.1,16.4,97.8,0,stable
324,4,73.4,16.2,97.8,0,stable
324,5,73.8,16.3,97.6,0,stable
324,6,75.0,16.4,97.7,0,stable
324,7,74.1,16.5,97.7,0,stable
324,8,73.3,16.6,97.7,0,stable
324,9,71.7,16.1,97.6,0,stable
324,10,72.1,16.0,97.6,0,stable
324,11,72.0,15.8,97.6,0,stable
324,12,72.7,16.1,97.6,0,stable
324,13,71.0,15.8,97.6,0,stable
324,14,71.0,16.1,97.5,0,stable
324,15,71.4,16.6,97.8,0,stable
324,16,73.1,16.5,97.9,0,stable
324,17,73.9,16.6,98.0,0,stable
324,18,73.8,16.9,98.0,0,stable
324,19,73.8,17.0,97.9,0,stable
324,20,74.9,17.0,97.8,0,stable
324,21,75.0,16.6,97.7,0,stable
324,22,74.0,16.4,97.7,0,stable
324,23,73.8,16.1,97.7,0,stable
324,24,74.2,16.5,97.6,0,stable
325,1,93.4,16.2,97.4,0,stable
325,2,92.2,16.3,97.3,0,stable
325,3,90.2,16.4,97.1,0,stable
325,4,90.0,16.8,97.0,0,stable
325,5,90.2,16.7,97.1,0,stable
325,6,90.1,15.8,97.1,0,stable
325,7,90.7,15.7,96.8,0,stable
325,8,89.3,15.9,96.8,0,stable
325,9,89.3,16.0,96.8,0,stable
325,10,88.2,16.3,97.0,0,stable
325,11,88.9,16.0,97.0,0,stable
325,12,89.2,15.9,96.9,0,stable
325,13,89.5,16.1,97.1,0,stable
325,14,89.4,16.0,97.0,0,stable
325,15,89.4,16.0,97.1,0,stable
325,16,87.5,16.1,97.1,0,stable
325,17,87.6,16.1,97.1,0,stable
325,18,88.6,16.1,96.9,0,stable
325,19,87.3,16.0,97.0,0,stable
325,20,88.1,16.1,97.0,0,stable
325,21,88.6,16.2,96.9,0,stable
325,22,88.5,16.0,96.8,0,stable
325,23,87.7,16.2,96.8,0,stable
325,24,87.5,16.3,96.9,0,stable
326,1,74.2,13.4,98.8,0,stable
326,2,73.6,13.6,98.9,0,stable
326,3,74.8,13.9,98.6,0,stable
326,4,73.5,13.8,98.6,0,stable
326,5,74.6,13.9,98.6,0,stable
326,6,73.9,13.7,98.7,0,stable
326,7,73.3,13.5,98.6,0,stable
326,8,73.9,13.5,98.4,0,stable
326,9,72.4,13.2,98.7,0,stable
326,10,72.2,13.0,98.7,0,stable
326,11,73.0,13.7,98.5,0,stable
326,12,74.8,14.0,98.4,0,stable
326,13,73.6,14.2,98.4,0,stable
326,14,74.0,14.0,98.4,0,stable
326,15,72.4,14.5,98.2,0,stable
326,16,71.9,14.6,98.4,0,stable
326,17,71.9,14.4,98.4,0,stable
326,18,71.3,14.3,98.5,0,stable
326,19,72.0,14.4,98.4,0,stable
326,20,72.1,14.4,98.3,0,stable
326,21,70.6,14.7,98.4,0,stable
326,22,72.2,14.2,98.2,0,stable
326,23,72.7,13.7,98.1,0,stable
326,24,73.3,13.8,98.1,0,stable
327,1,75.5,15.4,99.1,0,stable
327,2,74.7,15.6,99.0,0,stable
327,3,74.4,16.0,98.8,0,stable
327,4,74.2,15.9,98.8,0,stable
327,5,74.3,15.8,98.6,0,stable
327,6,74.8,15.2,98.7,0,stable
327,7,75.4,15.2,98.8,0,stable
327,8,75.0,15.0,98.7,0,stable
327,9,74.2,14.8,98.7,0,stable
327,10,73.2,15.3,98.6,0,stable
327,11,73.4,15.1,98.6,0,stable
327,12,74.3,15.1,98.8,0,stable
327,13,73.2,15.3,98.5,0,stable
327,14,73.4,15.3,98.6,0,stable
327,15,74.0,15.0,98.6,0,stable
327,16,73.7,15.1,98.5,0,stable
327,17,73.8,15.0,98.7,0,stable
327,18,73.3,14.9,98.6,0,stable
327,19,73.8,14.9,98.6,0,stable
327,20,72.1,14.7,98.4,0,stable
327,21,72.7,14.9,98.5,0,stable
327,22,73.2,14.8,98.4,0,stable
327,23,73.4,15.0,98.5,0,stable
327,24,72.5,15.0,98.5,0,stable
328,1,81.3,15.7,96.6,0,stable
328,2,81.9,15.9,96.4,0,stable
328,3,83.0,15.9,96.6,0,stable
328,4,82.3,16.1,96.4,0,stable
328,5,83.4,15.9,96.7,0,stable
328,6,83.4,15.5,96.5,0,stable
328,7,83.4,15.7,96.6,0,stable
328,8,82.6,15.7,96.7,0,stable
328,9,81.4,15.8,96.6,0,stable
328,10,80.9,16.2,96.7,0,stable
328,11,81.6,16.0,96.7,0,stable
328,12,82.2,16.0,96.7,0,stable
328,13,82.1,15.6,96.7,0,stable
328,14,82.1,15.9,96.8,0,stable
328,15,81.9,15.9,96.8,0,stable
328,16,80.8,16.0,96.8,0,stable
328,17,82.4,16.0,96.9,0,stable
328,18,82.7,15.7,97.0,0,stable
328,19,82.6,15.4,96.8,0,stable
328,20,82.7,15.7,96.8,0,stable
328,21,83.2,16.0,96.8,0,stable
328,22,83.3,15.6,96.9,0,stable
328,23,83.1,15.5,96.8,0,stable
328,24,84.3,15.6,96.4,0,stable
329,1,79.7,18.2,97.7,0,stable
329,2,78.6,17.6,97.5,0,stable
329,3,79.1,17.4,97.2,0,stable
329,4,80.3,17.6,97.2,0,stable
329,5,79.8,17.7,97.2,0,stable
329,6,79.9,17.6,97.4,0,stable
329,7,80.3,17.6,97.4,0,stable
329,8,80.5,17.4,97.3,0,stable
329,9,80.0,17.1,97.4,0,stable
329,10,79.4,17.2,97.1,0,stable
329,11,79.9,17.5,97.0,0,stable
329,12,80.1,17.0,96.8,0,stable
329,13,79.5,16.8,96.8,0,stable
329,14,79.9,16.6,96.9,0,stable
329,15,82.1,17.2,97.0,0,stable
329,16,82.4,17.4,97.0,0,stable
329,17,82.0,17.7,96.8,0,stable
329,18,80.9,17.6,96.7,0,stable
329,19,79.6,17.6,96.9,0,stable
329,20,79.1,17.9,97.2,0,stable
329,21,79.9,17.5,97.2,0,stable
329,22,81.4,17.7,97.2,0,stable
329,23,80.5,17.4,97.0,0,stable
329,24,80.5,17.2,96.9,0,stable
330,1,84.6,17.2,97.8,0,stable
330,2,84.6,17.2,98.0,0,stable
330,3,84.5,17.5,98.1,0,stable
330,4,84.0,17.3,98.3,0,stable
330,5,83.0,17.4,98.5,0,stable
330,6,83.0,17.1,98.3,0,stable
330,7,82.2,16.9,98.3,0,stable
330,8,82.5,17.0,98.4,0,stable
330,9,81.6,17.5,98.4,0,stable
330,10,81.4,17.0,98.3,0,stable
330,11,82.2,17.3,98.3,0,stable
330,12,83.6,17.3,98.1,0,stable
330,13,82.4,17.2,98.1,0,stable
330,14,82.8,17.7,98.0,0,stable
330,15,83.1,17.4,98.1,0,stable
330,16,82.8,16.8,98.2,0,stable
330,17,83.2,16.8,98.1,0,stable
330,18,82.2,17.2,98.2,0,stable
330,19,81.9,17.0,98.2,0,stable
330,20,82.6,16.8,98.2,0,stable
330,21,83.2,17.0,98.3,0,stable
330,22,83.2,17.3,98.4,0,stable
330,23,82.1,17.3,98.2,0,stable
330,24,81.9,17.2,98.1,0,stable
331,1,80.0,16.8,97.3,0,stable
331,2,80.5,16.8,97.8,0,stable
331,3,81.3,17.2,98.0,0,stable
331,4,81.9,16.3,98.0,0,stable
331,5,81.6,16.5,98.1,0,stable
331,6,83.0,16.2,98.1,0,stable
331,7,83.8,15.9,98.2,0,stable
331,8,82.9,16.4,97.9,0,stable
331,9,83.4,16.3,98.2,0,stable
331,10,82.4,16.6,98.1,0,stable
331,11,82.6,17.0,98.2,0,stable
331,12,82.2,17.3,98.3,0,stable
331,13,81.8,17.3,97.9,0,stable
331,14,80.9,16.9,98.1,0,stable
331,15,80.5,16.9,98.0,0,stable
331,16,81.6,16.9,98.0,0,stable
331,17,82.9,16.9,98.1,0,stable
331,18,81.9,16.4,98.0,0,stable
331,19,81.7,16.1,98.0,0,stable
331,20,82.5,16.6,98.0,0,stable
331,21,83.6,16.6,98.0,0,stable
331,22,83.6,16.5,98.2,0,stable
331,23,82.2,16.7,98.0,0,stable
331,24,83.5,16.6,97.9,0,stable
332,1,75.7,17.2,97.1,0,stable
332,2,76.6,16.9,97.1,0,stable
332,3,76.6,16.5,97.2,0,stable
332,4,75.5,16.2,97.3,0,stable
332,5,74.8,16.3,97.4,0,stable
332,6,76.0,16.3,97.2,0,stable
332,7,76.6,15.9,97.3,0,stable
332,8,75.7,15.9,97.4,0,stable
332,9,76.3,16.0,97.2,0,stable
332,10,74.6,15.9,97.3,0,stable
332,11,74.1,15.8,97.3,0,stable
332,12,75.0,16.3,97.2,0,stable
332,13,74.4,16.4,97.5,0,stable
332,14,74.4,16.5,97.6,0,stable
332,15,75.7,16.1,97.4,0,stable
332,16,75.3,16.7,97.3,0,stable
332,17,75.9,16.7,97.4,0,stable
332,18,75.4,16.6,97.4,0,stable
332,19,74.4,16.4,97.4,0,stable
332,20,74.9,16.4,97.3,0,stable
332,21,74.3,16.6,97.5,0,stable
332,22,74.8,16.5,97.4,0,stable
332,23,73.7,16.2,97.3,0,stable
332,24,73.9,16.3,97.2,0,stable
333,1,71.7,16.9,98.1,0,stable
333,2,73.7,17.2,98.1,0,stable
333,3,73.6,17.3,98.1,0,stable
333,4,74.4,16.9,98.0,0,stable
333,5,76.3,17.1,98.3,0,stable
333,6,77.3,17.1,98.3,0,stable
333,7,76.5,17.6,98.1,0,stable
333,8,75.8,17.3,98.0,0,stable
333,9,76.2,17.5,97.8,0,stable
333,10,76.0,17.5,98.1,0,stable
333,11,75.4,17.6,98.3,0,stable
333,12,75.6,17.3,98.4,0,stable
333,13,75.3,17.3,98.5,0,stable
333,14,76.0,16.9,98.5,0,stable
333,15,76.4,17.4,98.4,0,stable
333,16,76.6,16.9,98.4,0,stable
333,17,78.3,16.8,98.5,0,stable
333,18,77.5,17.0,98.4,0,stable
333,19,76.9,17.7,98.3,0,stable
333,20,76.4,17.3,98.1,0,stable
333,21,76.1,17.2,98.0,0,stable
333,22,76.9,17.5,98.1,0,stable
333,23,76.5,16.9,98.1,0,stable
333,24,77.9,17.5,98.2,0,stable
334,1,81.1,15.6,97.8,0,stable
334,2,81.0,15.8,97.5,0,stable
334,3,80.7,15.9,97.3,0,stable
334,4,78.3,15.6,97.3,0,stable
334,5,78.2,16.0,97.6,0,stable
334,6,78.5,15.9,97.7,0,stable
334,7,77.8,16.2,97.6,0,stable
334,8,79.5,16.1,97.6,0,stable
334,9,78.0,16.3,97.5,0,stable
334,10,78.6,16.3,97.5,0,stable
334,11,79.2,16.6,97.4,0,stable
334,12,78.2,16.3,97.5,0,stable
334,13,78.5,16.5,97.6,0,stable
334,14,78.9,16.6,97.6,0,stable
334,15,77.3,16.5,97.8,0,stable
334,16,77.5,16.7,97.6,0,stable
334,17,77.8,16.7,97.4,0,stable
334,18,78.0,16.7,97.6,0,stable
334,19,78.0,16.3,97.4,0,stable
334,20,78.8,16.4,97.6,0,stable
334,21,78.8,15.9,97.5,0,stable
334,22,78.9,16.4,97.6,0,stable
334,23,78.2,15.9,97.4,0,stable
334,24,77.5,16.0,97.5,0,stable
335,1,71.4,16.2,97.9,0,stable
335,2,71.8,16.4,97.8,0,stable
335,3,71.2,16.7,97.8,0,stable
335,4,71.9,16.7,97.9,0,stable
335,5,72.9,16.6,97.8,0,stable
335,6,73.2,16.8,97.9,0,stable
335,7,72.8,16.9,97.9,0,stable
335,8,73.9,17.0,98.0,0,stable
335,9,74.8,17.3,98.0,0,stable
335,10,73.6,17.1,97.8,0,stable
335,11,74.3,17.0,97.8,0,stable
335,12,73.2,16.7,97.8,0,stable
335,13,73.4,16.9,97.6,0,stable
335,14,72.7,17.0,97.5,0,stable
335,15,74.2,16.8,97.7,0,stable
335,16,75.6,16.7,97.7,0,stable
335,17,75.6,16.7,97.6,0,stable
335,18,75.7,16.4,97.5,0,stable
335,19,75.9,16.5,97.6,0,stable
335,20,74.8,16.6,97.3,0,stable
335,21,75.1,16.4,97.3,0,stable
335,22,74.3,16.4,97.3,0,stable
335,23,74.8,16.5,97.7,0,stable
335,24,75.0,16.4,97.6,0,stable
336,1,78.6,18.3,98.0,0,stable
336,2,79.7,18.2,98.0,0,stable
336,3,78.3,17.8,97.8,0,stable
336,4,77.9,17.8,97.6,0,stable
336,5,77.9,17.9,97.6,0,stable
336,6,77.0,17.5,97.5,0,stable
336,7,77.1,17.5,97.6,0,stable
336,8,77.0,17.6,97.7,0,stable
336,9,76.8,17.7,97.4,0,stable
336,10,76.4,17.8,97.5,0,stable
336,11,77.6,17.7,97.5,0,stable
336,12,79.4,17.4,97.4,0,stable
336,13,78.6,17.6,97.5,0,stable
336,14,78.7,17.8,97.4,0,stable
336,15,79.1,17.2,97.8,0,stable
336,16,77.6,17.3,97.5,0,stable
336,17,76.7,16.9,97.6,0,stable
336,18,77.5,17.3,97.7,0,stable
336,19,78.1,17.9,97.5,0,stable
336,20,76.9,17.9,97.6,0,stable
336,21,78.0,18.0,97.5,0,stable
336,22,78.1,17.6,97.6,0,stable
336,23,78.2,17.8,97.7,0,stable
336,24,77.4,17.6,97.8,0,stable
337,1,78.3,14.1,97.4,0,stable
337,2,79.2,14.1,97.8,0,stable
337,3,79.5,14.3,97.6,0,stable
337,4,82.6,14.2,97.4,0,stable
337,5,83.0,14.3,97.2,0,stable
337,6,82.6,14.3,97.3,0,stable
337,7,82.2,14.5,97.3,0,stable
337,8,81.7,14.7,97.4,0,stable
337,9,81.2,14.6,97.4,0,stable
337,10,80.4,14.2,97.4,0,stable
337,11,80.0,14.8,97.6,0,stable
337,12,81.0,14.9,97.6,0,stable
337,13,80.3,14.3,97.6,0,stable
337,14,80.7,14.6,97.6,0,stable
337,15,82.1,14.5,97.6,0,stable
337,16,81.6,14.7,97.7,0,stable
337,17,81.2,14.5,97.7,0,stable
337,18,83.0,14.5,97.8,0,stable
337,19,82.7,14.4,97.8,0,stable
337,20,82.3,14.5,97.8,0,stable
337,21,82.2,14.4,97.7,0,stable
337,22,83.4,13.9,97.3,0,stable
337,23,82.2,14.2,97.2,0,stable
337,24,82.8,14.0,97.2,0,stable
338,1,77.9,16.0,96.3,0,stable
338,2,76.4,16.2,96.4,0,stable
338,3,74.7,16.1,96.2,0,stable
338,4,74.4,16.1,96.0,0,stable
338,5,74.0,15.7,96.3,0,stable
338,6,72.9,16.0,96.4,0,stable
338,7,73.8,16.1,96.3,0,stable
338,8,73.8,16.0,96.1,0,stable
338,9,74.7,15.9,96.2,0,stable
338,10,74.1,16.3,96.1,0,stable
338,11,73.2,16.1,96.3,0,stable
338,12,75.2,16.3,96.3,0,stable
338,13,75.3,16.2,96.1,0,stable
338,14,75.8,16.0,96.0,0,stable
338,15,76.1,16.5,96.1,0,stable
338,16,75.3,16.3,96.0,0,stable
338,17,75.7,15.8,96.1,0,stable
338,18,75.4,16.2,96.2,0,stable
338,19,75.4,16.4,96.2,0,stable
338,20,75.3,16.1,96.4,0,stable
338,21,74.7,16.2,96.3,0,stable
338,22,75.6,15.9,96.3,0,stable
338,23,76.2,16.2,96.5,0,stable
338,24,75.3,16.1,96.4,0,stable
339,1,74.6,13.8,97.1,0,stable
339,2,74.8,13.7,97.0,0,stable
339,3,73.7,13.9,96.7,0,stable
339,4,74.8,14.0,96.6,0,stable
339,5,75.7,13.7,96.5,0,stable
339,6,74.9,13.7,96.6,0,stable
339,7,74.2,13.9,96.7,0,stable
339,8,75.1,13.8,96.6,0,stable
339,9,77.0,13.9,96.5,0,stable
339,10,77.3,13.7,96.5,0,stable
339,11,76.2,13.6,96.4,0,stable
339,12,76.5,13.3,96.6,0,stable
339,13,76.4,12.9,96.5,0,stable
339,14,74.7,13.0,96.6,0,stable
339,15,75.7,13.5,96.5,0,stable
339,16,75.5,13.2,96.5,0,stable
339,17,74.9,13.7,96.6,0,stable
339,18,74.4,13.3,96.4,0,stable
339,19,74.8,13.6,96.5,0,stable
339,20,75.5,13.3,96.5,0,stable
339,21,75.8,13.4,96.6,0,stable
339,22,76.3,13.1,96.6,0,stable
339,23,75.3,13.4,96.5,0,stable
339,24,74.7,13.4,96.4,0,stable
340,1,79.1,16.7,97.9,0,stable
340,2,81.2,16.3,97.8,0,stable
340,3,82.2,16.2,97.9,0,stable
340,4,81.4,16.1,97.7,0,stable
340,5,81.3,16.0,97.9,0,stable
340,6,81.4,15.9,98.0,0,stable
340,7,82.8,16.1,97.8,0,stable
340,8,82.5,16.4,97.8,0,stable
340,9,82.5,16.1,97.7,0,stable
340,10,81.0,15.9,97.6,0,stable
340,11,81.6,15.5,97.6,0,stable
340,12,81.4,15.8,97.4,0,stable
340,13,79.9,15.4,97.4,0,stable
340,14,81.9,15.5,97.6,0,stable
340,15,80.5,15.4,97.6,0,stable
340,16,80.9,15.0,97.6,0,stable
340,17,81.5,15.2,97.7,0,stable
340,18,81.6,15.0,97.8,0,stable
340,19,81.5,15.1,97.8,0,stable
340,20,79.7,14.8,97.6,0,stable
340,21,79.6,15.1,97.8,0,stable
340,22,80.2,15.2,97.8,0,stable
340,23,80.1,15.5,97.6,0,stable
340,24,80.6,15.4,97.7,0,stable
341,1,74.9,16.2,97.5,0,stable
341,2,75.4,16.0,97.5,0,stable
341,3,77.0,16.1,97.5,0,stable
341,4,76.6,16.2,97.5,0,stable
341,5,76.5,16.1,97.5,0,stable
341,6,76.6,15.8,97.5,0,stable
341,7,79.0,15.7,97.2,0,stable
341,8,79.6,15.9,97.2,0,stable
341,9,79.8,15.8,97.2,0,stable
341,10,80.6,15.2,97.1,0,stable
341,11,80.6,15.7,97.4,0,stable
341,12,82.2,15.1,97.3,0,stable
341,13,80.9,15.5,97.4,0,stable
341,14,79.2,15.2,97.5,0,stable
341,15,79.1,15.0,97.4,0,stable
341,16,79.3,15.2,97.8,0,stable
341,17,80.8,15.2,97.6,0,stable
341,18,79.5,15.1,97.7,0,stable
341,19,79.3,15.5,97.6,0,stable
341,20,80.6,15.5,97.5,0,stable
341,21,79.3,15.6,97.5,0,stable
341,22,79.4,15.1,97.6,0,stable
341,23,79.4,15.3,97.5,0,stable
341,24,80.3,15.4,97.6,0,stable
342,1,77.4,16.8,98.6,0,stable
342,2,78.9,17.3,98.5,0,stable
342,3,80.1,17.8,98.3,0,stable
342,4,80.0,18.0,98.2,0,stable
342,5,79.3,17.4,98.1,0,stable
342,6,80.0,17.8,97.8,0,stable
342,7,78.9,17.7,97.9,0,stable
342,8,80.4,17.2,97.9,0,stable
342,9,80.1,17.1,98.0,0,stable
342,10,79.0,17.8,98.0,0,stable
342,11,79.7,17.5,98.1,0,stable
342,12,80.4,17.4,98.1,0,stable
342,13,81.5,17.7,98.0,0,stable
342,14,80.0,17.9,97.9,0,stable
342,15,80.9,18.0,97.9,0,stable
342,16,79.3,17.4,98.0,0,stable
342,17,78.8,17.1,98.2,0,stable
342,18,77.5,17.0,98.2,0,stable
342,19,78.2,17.1,98.2,0,stable
342,20,79.2,17.1,98.1,0,stable
342,21,78.2,17.6,98.1,0,stable
342,22,79.6,17.7,98.1,0,stable
342,23,79.0,17.5,98.0,0,stable
342,24,80.6,17.8,98.1,0,stable
343,1,83.8,20.0,97.6,0,stable
343,2,82.7,20.5,97.7,0,stable
343,3,83.7,20.4,97.8,0,stable
343,4,83.8,19.9,97.6,0,stable
343,5,84.4,19.6,97.6,0,stable
343,6,84.4,19.6,97.8,0,stable
343,7,83.5,19.8,97.9,0,stable
343,8,82.2,19.8,97.9,0,stable
343,9,83.7,19.8,97.8,0,stable
343,10,83.7,19.8,97.9,0,stable
343,11,83.3,19.5,97.9,0,stable
343,12,83.4,19.3,97.9,0,stable
343,13,82.9,19.2,97.7,0,stable
343,14,83.4,19.1,97.9,0,stable
343,15,82.4,19.4,97.9,0,stable
343,16,82.2,19.4,97.8,0,stable
343,17,82.4,19.5,97.9,0,stable
343,18,83.8,19.5,98.1,0,stable
343,19,82.5,19.5,97.9,0,stable
343,20,82.4,19.3,97.9,0,stable
343,21,83.2,19.7,97.9,0,stable
343,22,83.8,20.1,97.8,0,stable
343,23,84.0,20.1,97.9,0,stable
343,24,82.3,19.8,97.9,0,stable
344,1,92.1,13.2,97.9,0,stable
344,2,90.8,13.6,97.9,0,stable
344,3,88.5,13.8,97.9,0,stable
344,4,88.1,13.9,97.8,0,stable
344,5,86.6,14.0,97.8,0,stable
344,6,85.5,14.4,97.8,0,stable
344,7,86.0,14.4,97.8,0,stable
344,8,85.4,14.3,97.9,0,stable
344,9,86.1,14.5,97.8,0,stable
344,10,86.0,14.3,97.7,0,stable
344,11,85.7,14.5,97.7,0,stable
344,12,86.4,14.2,97.6,0,stable
344,13,85.6,14.6,97.9,0,stable
344,14,87.3,14.7,97.8,0,stable
344,15,87.0,14.7,97.9,0,stable
344,16,88.3,14.9,97.9,0,stable
344,17,87.0,14.7,98.0,0,stable
344,18,87.5,14.4,98.0,0,stable
344,19,86.5,14.3,97.7,0,stable
344,20,86.5,14.8,97.9,0,stable
344,21,86.8,14.9,97.7,0,stable
344,22,87.0,14.8,97.8,0,stable
344,23,88.3,14.8,98.0,0,stable
344,24,87.8,14.3,98.1,0,stable
345,1,72.5,14.7,96.5,0,stable
345,2,71.8,14.6,96.5,0,stable
345,3,71.0,14.3,96.6,0,stable
345,4,70.4,14.3,96.5,0,stable
345,5,70.7,14.2,96.6,0,stable
345,6,70.4,14.0,96.7,0,stable
345,7,69.2,14.3,96.5,0,stable
345,8,69.3,14.3,96.6,0,stable
345,9,68.6,14.0,96.5,0,stable
345,10,68.2,14.5,96.8,0,stable
345,11,68.8,14.6,97.0,0,stable
345,12,69.3,14.8,96.7,0,stable
345,13,70.2,14.7,96.9,0,stable
345,14,71.8,14.8,96.9,0,stable
345,15,69.7,14.3,96.7,0,stable
345,16,70.1,14.2,96.6,0,stable
345,17,70.0,14.5,96.9,0,stable
345,18,69.3,14.7,97.0,0,stable
345,19,68.3,15.1,97.0,0,stable
345,20,67.1,15.0,96.8,0,stable
345,21,68.6,14.8,96.7,0,stable
345,22,69.3,15.7,96.9,0,stable
345,23,68.6,15.2,96.9,0,stable
345,24,68.6,15.4,96.6,0,stable
346,1,67.9,17.2,98.3,0,stable
346,2,67.4,17.2,98.3,0,stable
346,3,66.9,16.9,98.1,0,stable
346,4,66.0,16.8,98.2,0,stable
346,5,67.4,16.7,98.2,0,stable
346,6,66.6,17.0,98.2,0,stable
346,7,66.1,17.3,98.4,0,stable
346,8,64.8,17.2,98.3,0,stable
346,9,65.2,17.3,98.4,0,stable
346,10,64.4,17.3,98.2,0,stable
346,11,63.2,17.2,98.1,0,stable
346,12,63.2,17.2,98.1,0,stable
346,13,63.7,16.8,98.1,0,stable
346,14,63.7,16.7,98.3,0,stable
346,15,65.6,16.7,98.3,0,stable
346,16,66.7,16.3,98.3,0,stable
346,17,65.4,16.1,98.4,0,stable
346,18,66.7,16.5,98.6,0,stable
346,19,66.8,16.6,98.6,0,stable
346,20,66.7,16.6,98.6,0,stable
346,21,65.8,16.3,98.6,0,stable
346,22,65.8,16.6,98.4,0,stable
346,23,67.5,16.2,98.3,0,stable
346,24,66.1,16.3,98.3,0,stable
347,1,83.3,17.0,97.0,0,stable
347,2,82.5,17.6,96.9,0,stable
347,3,82.2,17.5,96.9,0,stable
347,4,80.9,18.1,97.2,0,stable
347,5,80.2,18.1,97.1,0,stable
347,6,79.2,18.1,97.0,0,stable
347,7,79.2,18.4,97.2,0,stable
347,8,79.6,18.4,97.2,0,stable
347,9,80.5,18.1,97.1,0,stable
347,10,80.6,17.9,97.1,0,stable
347,11,79.5,17.6,97.2,0,stable
347,12,77.8,17.7,97.2,0,stable
347,13,78.8,17.7,97.2,0,stable
347,14,78.9,17.7,97.2,0,stable
347,15,79.0,17.8,97.3,0,stable
347,16,77.6,18.2,97.3,0,stable
347,17,77.1,17.9,97.3,0,stable
347,18,79.4,18.0,97.3,0,stable
347,19,79.7,18.0,97.1,0,stable
347,20,79.3,17.7,97.2,0,stable
347,21,79.2,17.8,97.2,0,stable
347,22,79.3,18.4,97.2,0,stable
347,23,80.2,18.1,97.2,0,stable
347,24,79.1,18.0,97.1,0,stable
348,1,83.4,15.7,97.1,0,stable
348,2,81.8,15.5,96.9,0,stable
348,3,80.2,15.9,97.0,0,stable
348,4,79.2,15.8,97.0,0,stable
348,5,77.5,15.9,96.8,0,stable
348,6,77.9,15.4,96.8,0,stable
348,7,78.4,15.1,96.7,0,stable
348,8,78.6,15.1,96.7,0,stable
348,9,78.7,14.8,97.0,0,stable
348,10,78.2,15.0,96.9,0,stable
348,11,77.9,15.4,96.7,0,stable
348,12,78.2,14.8,96.6,0,stable
348,13,79.5,14.8,96.7,0,stable
348,14,79.1,14.7,96.8,0,stable
348,15,78.8,15.1,96.9,0,stable
348,16,79.2,15.0,97.2,0,stable
348,17,79.6,15.0,97.1,0,stable
348,18,78.0,15.1,97.2,0,stable
348,19,77.5,14.7,97.1,0,stable
348,20,76.2,14.7,97.0,0,stable
348,21,76.2,14.5,97.0,0,stable
348,22,78.4,14.8,97.0,0,stable
348,23,79.4,15.2,97.0,0,stable
348,24,77.8,15.6,97.0,0,stable
349,1,71.5,16.4,97.3,0,stable
349,2,69.2,16.1,97.1,0,stable
349,3,67.8,15.7,96.9,0,stable
349,4,68.6,15.9,96.9,0,stable
349,5,68.4,15.9,96.7,0,stable
349,6,67.7,15.8,96.5,0,stable
349,7,68.7,16.0,96.7,0,stable
349,8,69.2,15.8,96.8,0,stable
349,9,69.8,15.5,96.7,0,stable
349,10,71.2,15.5,96.7,0,stable
349,11,71.1,15.5,96.5,0,stable
349,12,71.1,15.9,96.7,0,stable
349,13,71.3,16.1,96.7,0,stable
349,14,70.1,15.9,96.9,0,stable
349,15,68.9,15.6,96.9,0,stable
349,16,69.0,15.2,97.1,0,stable
349,17,68.3,15.6,96.8,0,stable
349,18,69.7,15.6,96.8,0,stable
349,19,69.1,15.3,96.8,0,stable
349,20,67.7,15.4,96.8,0,stable
349,21,66.3,15.7,96.9,0,stable
349,22,67.0,16.0,96.9,0,stable
349,23,68.2,15.9,96.9,0,stable
349,24,68.5,15.8,97.1,0,stable
350,1,80.1,15.5,98.1,0,stable
350,2,78.7,15.6,98.2,0,stable
350,3,78.0,16.3,98.3,0,stable
350,4,76.7,16.2,98.3,0,stable
350,5,76.7,16.2,98.3,0,stable
350,6,78.0,15.9,98.3,0,stable
350,7,76.8,16.4,98.3,0,stable
350,8,76.7,17.0,97.9,0,stable
350,9,77.0,16.4,97.7,0,stable
350,10,78.1,16.2,97.7,0,stable
350,11,77.0,16.1,97.9,0,stable
350,12,76.3,16.1,98.1,0,stable
350,13,76.6,16.1,98.1,0,stable
350,14,76.6,16.1,98.2,0,stable
350,15,77.4,16.4,98.1,0,stable
350,16,77.1,16.2,97.8,0,stable
350,17,75.3,16.2,97.9,0,stable
350,18,75.6,16.0,98.0,0,stable
350,19,77.2,16.0,98.0,0,stable
350,20,78.3,16.1,97.9,0,stable
350,21,77.0,16.2,97.9,0,stable
350,22,78.0,16.5,98.0,0,stable
350,23,76.4,16.9,98.2,0,stable
350,24,77.3,16.7,98.1,0,stable
351,1,79.4,16.1,96.4,0,stable
351,2,78.7,15.8,96.6,0,stable
351,3,78.4,15.9,96.5,0,stable
351,4,77.6,15.9,96.5,0,stable
351,5,78.0,16.1,96.6,0,stable
351,6,78.2,16.0,96.7,0,stable
351,7,79.0,15.8,96.7,0,stable
351,8,79.1,15.1,96.8,0,stable
351,9,79.8,15.2,96.5,0,stable
351,10,79.3,15.4,96.6,0,stable
351,11,78.5,15.4,96.7,0,stable
351,12,78.7,15.6,96.5,0,stable
351,13,79.6,15.3,96.4,0,stable
351,14,78.3,15.2,96.4,0,stable
351,15,77.3,15.5,96.4,0,stable
351,16,77.3,16.0,96.5,0,stable
351,17,79.0,16.4,96.5,0,stable
351,18,78.6,16.2,96.6,0,stable
351,19,78.6,15.9,96.5,0,stable
351,20,79.0,15.4,96.4,0,stable
351,21,78.2,15.2,96.5,0,stable
351,22,79.5,15.8,96.4,0,stable
351,23,79.6,15.7,96.4,0,stable
351,24,78.9,15.8,96.5,0,stable
352,1,70.4,16.7,98.4,0,stable
352,2,71.2,16.8,98.5,0,stable
352,3,70.6,17.2,98.2,0,stable
352,4,70.3,16.9,98.6,0,stable
352,5,71.4,16.6,98.4,0,stable
352,6,71.0,16.6,98.4,0,stable
352,7,73.6,16.9,98.5,0,stable
352,8,73.5,16.9,98.7,0,stable
352,9,72.8,16.7,98.7,0,stable
352,10,71.4,16.8,98.7,0,stable
352,11,71.8,17.2,98.7,0,stable
352,12,71.2,16.8,98.7,0,stable
352,13,72.1,16.7,98.7,0,stable
352,14,71.8,17.0,98.7,0,stable
352,15,72.0,16.8,98.7,0,stable
352,16,71.0,17.0,98.8,0,stable
352,17,71.3,16.9,98.7,0,stable
352,18,71.4,16.5,98.6,0,stable
352,19,71.9,16.4,98.9,0,stable
352,20,70.4,16.4,98.8,0,stable
352,21,70.1,16.3,98.7,0,stable
352,22,69.6,16.2,98.6,0,stable
352,23,68.7,16.4,98.6,0,stable
352,24,69.1,16.6,98.8,0,stable
353,1,79.2,14.9,97.8,0,stable
353,2,79.0,15.1,97.9,0,stable
353,3,79.7,15.2,98.0,0,stable
353,4,78.5,14.7,98.0,0,stable
353,5,78.8,14.8,97.9,0,stable
353,6,79.1,15.1,97.9,0,stable
353,7,77.9,15.0,98.0,0,stable
353,8,77.6,14.9,98.0,0,stable
353,9,77.2,15.2,97.9,0,stable
353,10,78.4,15.4,98.2,0,stable
353,11,78.4,15.4,98.2,0,stable
353,12,78.6,15.0,98.2,0,stable
353,13,80.0,15.3,98.0,0,stable
353,14,79.4,15.3,98.0,0,stable
353,15,79.2,15.1,98.0,0,stable
353,16,79.7,14.8,98.0,0,stable
353,17,77.9,14.9,98.0,0,stable
353,18,77.8,15.6,98.2,0,stable
353,19,77.9,15.4,98.2,0,stable
353,20,77.7,15.1,98.0,0,stable
353,21,77.9,15.0,97.9,0,stable
353,22,79.4,14.6,98.0,0,stable
353,23,79.0,14.5,98.1,0,stable
353,24,79.7,14.6,98.3,0,stable
354,1,84.0,17.2,97.8,0,stable
354,2,85.4,17.4,98.1,0,stable
354,3,85.4,16.9,98.0,0,stable
354,4,85.5,16.8,98.1,0,stable
354,5,85.4,17.0,98.0,0,stable
354,6,84.0,17.6,97.9,0,stable
354,7,84.4,17.5,98.0,0,stable
354,8,84.9,17.7,98.2,0,stable
354,9,84.8,17.1,98.1,0,stable
354,10,84.7,17.0,98.0,0,stable
354,11,85.4,17.4,98.0,0,stable
354,12,84.9,17.2,98.0,0,stable
354,13,85.2,17.5,98.1,0,stable
354,14,84.4,17.4,97.9,0,stable
354,15,84.0,16.9,97.9,0,stable
354,16,84.6,16.8,98.2,0,stable
354,17,84.0,17.0,98.1,0,stable
354,18,84.8,17.2,98.3,0,stable
354,19,84.0,17.0,98.3,0,stable
354,20,83.4,16.7,98.1,0,stable
354,21,83.6,16.9,98.1,0,stable
354,22,84.4,16.9,97.8,0,stable
354,23,83.2,16.8,98.0,0,stable
354,24,84.4,16.6,97.8,0,stable
355,1,78.2,17.3,98.4,0,stable
355,2,78.8,17.5,98.2,0,stable
355,3,77.3,17.5,98.2,0,stable
355,4,76.8,17.4,98.1,0,stable
355,5,77.2,17.4,98.1,0,stable
355,6,76.1,17.5,98.1,0,stable
355,7,78.7,16.9,97.8,0,stable
355,8,77.2,17.5,97.8,0,stable
355,9,76.0,17.5,97.8,0,stable
355,10,75.9,17.3,97.9,0,stable
355,11,75.9,17.0,98.1,0,stable
355,12,77.7,17.3,98.1,0,stable
355,13,77.2,17.7,98.2,0,stable
355,14,76.6,17.7,98.1,0,stable
355,15,77.7,17.8,98.4,0,stable
355,16,76.9,17.5,98.3,0,stable
355,17,76.4,17.7,98.1,0,stable
355,18,76.2,17.5,98.3,0,stable
355,19,76.6,17.3,98.2,0,stable
355,20,75.7,17.5,98.1,0,stable
355,21,77.1,17.5,98.3,0,stable
355,22,77.0,17.4,98.4,0,stable
355,23,76.4,17.2,98.5,0,stable
355,24,76.9,17.0,98.4,0,stable
356,1,82.3,16.7,97.3,0,stable
356,2,81.7,16.4,97.3,0,stable
356,3,81.1,17.0,97.3,0,stable
356,4,80.9,17.0,97.4,0,stable
356,5,80.1,17.3,97.4,0,stable
356,6,79.2,17.6,97.6,0,stable
356,7,81.1,17.7,97.7,0,stable
356,8,81.3,17.7,97.6,0,stable
356,9,81.4,17.2,97.6,0,stable
356,10,80.2,17.2,97.5,0,stable
356,11,79.9,17.1,97.3,0,stable
356,12,80.7,17.2,97.6,0,stable
356,13,82.1,17.4,97.7,0,stable
356,14,80.2,17.5,97.6,0,stable
356,15,79.9,17.8,97.5,0,stable
356,16,80.3,17.5,97.7,0,stable
356,17,78.9,17.0,97.6,0,stable
356,18,78.7,17.0,97.7,0,stable
356,19,80.0,17.4,97.5,0,stable
356,20,79.9,17.1,97.3,0,stable
356,21,78.9,17.1,97.5,0,stable
356,22,79.2,17.5,97.4,0,stable
356,23,79.5,17.4,97.5,0,stable
356,24,81.0,16.9,97.7,0,stable
357,1,89.2,14.8,96.3,0,stable
357,2,91.0,15.2,96.1,0,stable
357,3,90.3,15.6,96.1,0,stable
357,4,90.5,15.6,96.1,0,stable
357,5,89.6,15.4,96.2,0,stable
357,6,88.5,15.3,96.0,0,stable
357,7,89.6,15.2,95.8,0,stable
357,8,90.2,15.0,95.9,0,stable
357,9,88.7,15.3,95.9,0,stable
357,10,88.3,15.4,95.8,0,stable
357,11,88.3,15.8,96.1,0,stable
357,12,87.0,15.6,95.9,0,stable
357,13,87.1,15.7,96.0,0,stable
357,14,89.1,15.9,96.1,0,stable
357,15,88.8,15.0,96.0,0,stable
357,16,88.3,15.1,96.1,0,stable
357,17,86.9,15.1,96.1,0,stable
357,18,89.5,15.4,96.2,0,stable
357,19,89.0,15.3,96.2,0,stable
357,20,88.9,15.3,96.2,0,stable
357,21,88.2,14.8,96.1,0,stable
357,22,88.2,15.1,95.9,0,stable
357,23,88.7,14.7,96.0,0,stable
357,24,88.9,14.8,96.0,0,stable
358,1,86.9,14.2,96.3,0,stable
358,2,86.2,14.8,96.6,0,stable
358,3,86.9,15.1,96.8,0,stable
358,4,87.0,15.1,96.9,0,stable
358,5,86.6,15.0,97.1,0,stable
358,6,85.2,14.7,97.0,0,stable
358,7,84.8,15.1,97.0,0,stable
358,8,83.3,14.9,96.9,0,stable
358,9,83.5,15.0,96.8,0,stable
358,10,82.9,15.0,96.7,0,stable
358,11,83.3,15.3,96.8,0,stable
358,12,83.9,15.2,96.9,0,stable
358,13,83.4,15.3,96.9,0,stable
358,14,83.2,15.3,96.9,0,stable
358,15,83.3,15.0,97.0,0,stable
358,16,82.1,15.3,97.0,0,stable
358,17,82.8,14.8,97.0,0,stable
358,18,82.5,15.2,96.7,0,stable
358,19,83.4,14.9,96.7,0,stable
358,20,83.2,14.8,96.7,0,stable
358,21,82.5,14.7,96.7,0,stable
358,22,84.0,15.0,96.8,0,stable
358,23,84.7,14.9,96.8,0,stable
358,24,84.0,15.1,96.7,0,stable
359,1,85.7,14.1,97.1,0,stable
359,2,85.3,14.0,97.1,0,stable
359,3,84.9,14.4,97.0,0,stable
359,4,84.1,14.7,97.3,0,stable
359,5,82.9,14.8,97.4,0,stable
359,6,83.2,15.0,97.5,0,stable
359,7,83.6,15.0,97.7,0,stable
359,8,84.1,15.0,97.6,0,stable
359,9,84.1,15.1,97.6,0,stable
359,10,83.3,15.4,97.6,0,stable
359,11,84.3,15.6,97.7,0,stable
359,12,84.2,15.2,97.5,0,stable
359,13,83.2,14.9,97.4,0,stable
359,14,82.6,15.1,97.3,0,stable
359,15,82.6,14.9,97.3,0,stable
359,16,81.4,15.4,97.3,0,stable
359,17,80.6,15.6,97.3,0,stable
359,18,82.1,15.5,97.3,0,stable
359,19,82.2,15.7,97.4,0,stable
359,20,83.8,15.7,97.5,0,stable
359,21,84.5,15.4,97.5,0,stable
359,22,85.6,15.6,97.5,0,stable
359,23,84.7,15.2,97.3,0,stable
359,24,83.6,15.2,97.4,0,stable
360,1,75.3,18.4,97.6,0,stable
360,2,76.3,18.9,97.9,0,stable
360,3,76.6,18.7,97.7,0,stable
360,4,75.9,19.1,97.9,0,stable
360,5,75.8,19.0,97.7,0,stable
360,6,76.1,18.8,97.8,0,stable
360,7,76.9,18.6,97.9,0,stable
360,8,75.5,19.0,97.8,0,stable
360,9,76.1,19.2,97.7,0,stable
360,10,75.3,19.4,97.7,0,stable
360,11,75.6,19.6,97.7,0,stable
360,12,75.9,19.6,97.7,0,stable
360,13,75.7,19.7,97.8,0,stable
360,14,75.5,19.5,97.7,0,stable
360,15,77.8,19.8,98.0,0,stable
360,16,78.4,19.8,97.8,0,stable
360,17,77.8,19.6,97.9,0,stable
360,18,77.7,19.8,97.8,0,stable
360,19,75.1,19.9,97.9,0,stable
360,20,75.1,19.7,97.7,0,stable
360,21,74.9,19.4,97.7,0,stable
360,22,75.2,19.3,97.8,0,stable
360,23,76.2,19.1,97.9,0,stable
360,24,77.2,19.0,98.0,0,stable
361,1,82.3,16.7,97.4,0,stable
361,2,83.3,17.0,97.2,0,stable
361,3,82.3,17.1,97.3,0,stable
361,4,83.0,16.9,97.0,0,stable
361,5,83.5,16.7,96.8,0,stable
361,6,82.7,16.5,96.9,0,stable
361,7,82.4,16.5,96.6,0,stable
361,8,82.2,16.6,96.8,0,stable
361,9,82.1,16.3,96.8,0,stable
361,10,82.1,16.2,96.9,0,stable
361,11,82.0,16.1,96.9,0,stable
361,12,81.4,16.4,96.8,0,stable
361,13,82.2,16.3,97.0,0,stable
361,14,81.9,16.5,96.9,0,stable
361,15,81.3,16.4,96.5,0,stable
361,16,81.7,16.4,96.5,0,stable
361,17,81.5,16.4,96.6,0,stable
361,18,82.6,16.0,96.5,0,stable
361,19,82.6,16.0,96.5,0,stable
361,20,82.1,16.0,96.5,0,stable
361,21,82.4,16.4,96.5,0,stable
361,22,81.6,16.3,96.6,0,stable
361,23,82.6,16.2,96.7,0,stable
361,24,83.4,16.5,96.9,0,stable
362,1,83.4,15.0,97.8,0,stable
362,2,81.9,14.8,97.4,0,stable
362,3,81.8,14.6,97.3,0,stable
362,4,81.6,14.4,97.4,0,stable
362,5,81.7,14.2,97.2,0,stable
362,6,81.2,14.1,97.2,0,stable
362,7,80.5,13.4,97.3,0,stable
362,8,78.9,14.0,97.4,0,stable
362,9,79.1,13.8,97.1,0,stable
362,10,80.7,13.9,97.0,0,stable
362,11,81.5,14.0,96.8,0,stable
362,12,82.4,14.1,96.9,0,stable
362,13,81.0,14.1,96.9,0,stable
362,14,80.5,14.3,97.1,0,stable
362,15,81.7,14.0,96.9,0,stable
362,16,81.8,13.9,97.1,0,stable
362,17,80.7,14.0,97.3,0,stable
362,18,80.2,14.3,97.4,0,stable
362,19,79.6,13.7,97.2,0,stable
362,20,80.5,13.9,97.2,0,stable
362,21,80.3,14.3,97.2,0,stable
362,22,79.6,14.1,97.0,0,stable
362,23,79.5,13.9,96.9,0,stable
362,24,79.9,14.1,97.0,0,stable
363,1,79.6,16.9,97.2,0,stable
363,2,80.0,16.5,97.2,0,stable
363,3,79.9,16.1,97.3,0,stable
363,4,80.0,16.2,97.0,0,stable
363,5,81.7,15.7,97.2,0,stable
363,6,82.3,16.1,97.2,0,stable
363,7,82.3,16.3,97.1,0,stable
363,8,81.5,16.3,97.4,0,stable
363,9,81.6,15.8,97.6,0,stable
363,10,82.6,16.0,97.4,0,stable
363,11,82.9,16.3,97.3,0,stable
363,12,81.4,16.0,97.4,0,stable
363,13,82.4,16.1,97.3,0,stable
363,14,82.4,15.7,97.3,0,stable
363,15,82.9,15.8,97.4,0,stable
363,16,83.1,15.7,97.3,0,stable
363,17,81.5,16.1,97.3,0,stable
363,18,82.9,16.3,97.3,0,stable
363,19,82.5,15.7,97.0,0,stable
363,20,82.4,15.6,97.0,0,stable
363,21,80.5,15.8,97.0,0,stable
363,22,80.0,16.1,97.2,0,stable
363,23,80.4,15.8,97.2,0,stable
363,24,81.6,15.9,97.3,0,stable
364,1,81.6,12.6,97.5,0,stable
364,2,82.4,12.7,97.5,0,stable
364,3,82.1,13.0,97.5,0,stable
364,4,81.2,13.0,97.3,0,stable
364,5,80.9,12.7,97.5,0,stable
364,6,79.5,12.9,97.6,0,stable
364,7,80.4,12.7,97.8,0,stable
364,8,80.2,12.5,97.6,0,stable
364,9,80.4,13.2,97.6,0,stable
364,10,80.0,13.2,97.5,0,stable
364,11,79.2,12.6,97.5,0,stable
364,12,80.3,12.3,97.4,0,stable
364,13,79.7,12.2,97.4,0,stable
364,14,79.6,12.4,97.3,0,stable
364,15,79.8,12.6,97.1,0,stable
364,16,79.4,12.6,97.3,0,stable
364,17,78.6,12.8,97.3,0,stable
364,18,79.9,13.0,97.7,0,stable
364,19,81.3,13.3,97.6,0,stable
364,20,80.0,12.7,97.7,0,stable
364,21,80.5,12.9,97.7,0,stable
364,22,80.7,12.7,97.8,0,stable
364,23,80.1,13.1,97.8,0,stable
364,24,79.2,12.6,97.5,0,stable
365,1,73.5,17.4,95.7,0,stable
365,2,74.1,17.1,95.6,0,stable
365,3,75.6,16.2,95.4,0,stable
365,4,75.2,15.7,95.7,0,stable
365,5,75.9,15.8,95.6,0,stable
365,6,76.7,15.7,95.7,0,stable
365,7,76.0,15.9,95.7,0,stable
365,8,76.1,16.2,95.9,0,stable
365,9,75.4,16.3,95.8,0,stable
365,10,75.8,16.5,95.9,0,stable
365,11,76.0,16.5,95.8,0,stable
365,12,76.3,16.6,95.7,0,stable
365,13,75.9,16.5,95.8,0,stable
365,14,77.0,16.5,95.7,0,stable
365,15,76.6,16.1,95.8,0,stable
365,16,76.7,16.1,95.8,0,stable
365,17,76.5,16.4,95.6,0,stable
365,18,75.3,15.9,95.6,0,stable
365,19,77.0,15.6,95.5,0,stable
365,20,76.9,15.8,95.5,0,stable
365,21,76.9,15.9,95.7,0,stable
365,22,77.8,16.0,95.5,0,stable
365,23,77.6,16.1,95.5,0,stable
365,24,76.2,16.1,95.5,0,stable
366,1,79.6,17.9,97.2,0,stable
366,2,80.4,17.7,97.0,0,stable
366,3,80.4,17.1,97.1,0,stable
366,4,79.7,17.3,97.1,0,stable
366,5,79.5,17.2,97.2,0,stable
366,6,79.6,17.6,97.0,0,stable
366,7,79.3,17.8,96.7,0,stable
366,8,80.5,17.7,96.9,0,stable
366,9,80.0,17.3,97.1,0,stable
366,10,79.9,17.0,97.1,0,stable
366,11,80.4,16.9,97.2,0,stable
366,12,81.5,16.7,97.1,0,stable
366,13,80.8,16.9,97.0,0,stable
366,14,80.4,17.3,97.1,0,stable
366,15,80.8,17.3,96.9,0,stable
366,16,81.0,16.8,96.8,0,stable
366,17,81.0,16.9,97.0,0,stable
366,18,81.5,17.2,97.3,0,stable
366,19,81.3,17.5,97.2,0,stable
366,20,81.8,17.2,97.3,0,stable
366,21,81.2,17.1,97.2,0,stable
366,22,80.8,17.0,97.2,0,stable
366,23,80.5,17.0,97.2,0,stable
366,24,80.7,17.5,97.2,0,stable
367,1,82.2,15.0,98.3,0,stable
367,2,80.9,14.8,98.5,0,stable
367,3,82.3,14.6,98.4,0,stable
367,4,82.3,14.5,98.3,0,stable
367,5,82.9,15.1,98.4,0,stable
367,6,83.1,14.5,98.3,0,stable
367,7,83.1,14.3,98.4,0,stable
367,8,83.7,14.4,98.6,0,stable
367,9,82.5,14.0,98.7,0,stable
367,10,82.4,14.3,98.7,0,stable
367,11,80.8,15.3,98.5,0,stable
367,12,81.6,14.8,98.6,0,stable
367,13,81.2,15.3,98.4,0,stable
367,14,82.8,15.1,98.4,0,stable
367,15,83.0,15.3,98.4,0,stable
367,16,83.3,14.7,98.4,0,stable
367,17,82.2,14.4,98.4,0,stable
367,18,79.8,14.3,98.5,0,stable
367,19,80.7,14.0,98.6,0,stable
367,20,80.0,14.3,98.3,0,stable
367,21,80.8,14.6,98.4,0,stable
367,22,80.6,14.6,98.5,0,stable
367,23,80.7,14.5,98.4,0,stable
367,24,81.8,14.6,98.6,0,stable
368,1,77.7,17.2,99.0,0,stable
368,2,77.4,17.2,99.0,0,stable
368,3,76.5,17.6,98.8,0,stable
368,4,75.5,17.3,99.0,0,stable
368,5,77.3,17.1,99.0,0,stable
368,6,77.1,17.1,99.0,0,stable
368,7,75.3,17.1,98.9,0,stable
368,8,75.8,17.4,98.8,0,stable
368,9,75.8,17.4,98.8,0,stable
368,10,74.9,17.5,98.6,0,stable
368,11,76.3,17.3,98.5,0,stable
368,12,76.4,17.4,98.8,0,stable
368,13,76.0,17.3,98.8,0,stable
368,14,76.3,17.7,98.6,0,stable
368,15,75.0,17.8,98.9,0,stable
368,16,74.2,17.6,98.8,0,stable
368,17,75.1,17.7,98.7,0,stable
368,18,74.8,17.8,98.9,0,stable
368,19,74.1,18.0,98.9,0,stable
368,20,75.2,17.9,98.8,0,stable
368,21,76.3,17.4,98.9,0,stable
368,22,76.1,17.5,98.8,0,stable
368,23,76.2,17.6,99.0,0,stable
368,24,77.1,17.3,98.9,0,stable
369,1,79.3,16.6,97.7,0,stable
369,2,79.8,16.3,97.9,0,stable
369,3,79.8,16.1,97.9,0,stable
369,4,80.8,16.1,97.9,0,stable
369,5,80.4,15.8,98.1,0,stable
369,6,80.9,16.5,98.1,0,stable
369,7,81.6,16.8,98.0,0,stable
369,8,81.6,17.0,97.9,0,stable
369,9,80.8,17.1,97.8,0,stable
369,10,80.9,16.6,97.6,0,stable
369,11,81.5,16.9,97.8,0,stable
369,12,81.3,16.4,97.6,0,stable
369,13,81.8,16.5,97.9,0,stable
369,14,81.7,16.9,97.7,0,stable
369,15,82.7,16.8,97.7,0,stable
369,16,81.9,16.5,97.7,0,stable
369,17,83.1,16.6,97.6,0,stable
369,18,80.8,16.9,97.6,0,stable
369,19,81.4,16.5,97.8,0,stable
369,20,82.1,17.1,97.7,0,stable
369,21,81.2,16.9,97.5,0,stable
369,22,82.3,16.8,97.7,0,stable
369,23,83.8,17.0,97.8,0,stable
369,24,83.3,17.0,97.8,0,stable
370,1,77.6,15.7,97.1,0,stable
370,2,75.9,15.8,96.8,0,stable
370,3,76.2,16.1,96.9,0,stable
370,4,75.6,16.4,96.8,0,stable
370,5,75.1,16.0,96.8,0,stable
370,6,76.7,15.8,96.9,0,stable
370,7,75.0,15.6,96.8,0,stable
370,8,74.8,15.3,96.8,0,stable
370,9,75.3,15.4,96.9,0,stable
370,10,74.4,15.5,97.1,0,stable
370,11,75.4,15.5,97.0,0,stable
370,12,75.9,15.6,97.0,0,stable
370,13,76.2,15.4,96.8,0,stable
370,14,75.1,15.4,96.8,0,stable
370,15,74.7,15.6,96.6,0,stable
370,16,75.5,15.6,96.8,0,stable
370,17,76.4,15.8,97.0,0,stable
370,18,77.0,16.2,97.0,0,stable
370,19,77.2,16.3,97.3,0,stable
370,20,75.7,15.7,97.4,0,stable
370,21,75.9,15.8,97.3,0,stable
370,22,76.1,15.5,97.0,0,stable
370,23,75.5,15.3,97.0,0,stable
370,24,74.5,15.4,97.1,0,stable
371,1,69.6,15.0,97.7,0,stable
371,2,70.5,15.3,98.0,0,stable
371,3,70.1,15.1,97.9,0,stable
371,4,69.4,14.8,97.9,0,stable
371,5,71.3,14.6,98.1,0,stable
371,6,70.2,14.2,98.0,0,stable
371,7,70.5,14.8,98.0,0,stable
371,8,68.4,14.7,98.0,0,stable
371,9,70.7,14.8,97.9,0,stable
371,10,72.2,14.8,98.0,0,stable
371,11,71.1,14.6,97.8,0,stable
371,12,71.5,14.3,97.8,0,stable
371,13,70.8,14.2,97.9,0,stable
371,14,71.5,14.4,98.1,0,stable
371,15,71.4,14.5,98.2,0,stable
371,16,71.2,14.6,98.0,0,stable
371,17,71.9,14.5,98.1,0,stable
371,18,72.3,14.3,98.0,0,stable
371,19,71.5,14.1,98.1,0,stable
371,20,73.2,14.3,97.9,0,stable
371,21,72.5,14.4,98.0,0,stable
371,22,72.6,14.0,97.9,0,stable
371,23,71.4,14.4,97.9,0,stable
371,24,71.7,14.4,97.8,0,stable
372,1,84.8,16.7,96.7,0,stable
372,2,83.9,16.3,96.7,0,stable
372,3,83.6,16.6,96.6,0,stable
372,4,82.8,16.8,96.5,0,stable
372,5,83.3,16.5,96.5,0,stable
372,6,83.8,17.1,96.5,0,stable
372,7,83.2,17.0,96.6,0,stable
372,8,83.1,17.1,96.5,0,stable
372,9,83.9,17.1,96.6,0,stable
372,10,84.1,16.8,96.5,0,stable
372,11,82.9,16.8,96.3,0,stable
372,12,82.1,16.7,96.2,0,stable
372,13,82.0,16.9,96.3,0,stable
372,14,82.7,16.9,96.5,0,stable
372,15,83.4,17.0,96.3,0,stable
372,16,83.2,17.3,96.5,0,stable
372,17,84.8,16.6,96.4,0,stable
372,18,84.1,16.5,96.5,0,stable
372,19,82.7,16.7,96.3,0,stable
372,20,83.3,16.6,96.2,0,stable
372,21,82.5,16.6,96.4,0,stable
372,22,81.8,16.8,96.3,0,stable
372,23,82.3,16.6,96.4,0,stable
372,24,82.0,16.4,96.3,0,stable
373,1,80.4,16.3,98.2,0,stable
373,2,79.0,16.2,98.0,0,stable
373,3,78.2,16.4,97.9,0,stable
373,4,77.7,16.2,97.9,0,stable
373,5,77.3,16.3,98.0,0,stable
373,6,78.1,15.5,97.8,0,stable
373,7,77.8,15.6,97.8,0,stable
373,8,79.0,15.7,98.0,0,stable
373,9,79.4,15.5,97.8,0,stable
373,10,79.2,16.0,97.9,0,stable
373,11,78.6,15.4,97.8,0,stable
373,12,78.2,15.4,97.8,0,stable
373,13,78.1,15.4,97.8,0,stable
373,14,76.9,15.2,97.8,0,stable
373,15,76.3,15.3,97.7,0,stable
373,16,77.6,15.3,97.9,0,stable
373,17,77.5,15.2,97.9,0,stable
373,18,77.6,15.3,98.0,0,stable
373,19,78.6,15.9,97.8,0,stable
373,20,77.8,15.6,97.9,0,stable
373,21,78.2,15.4,98.0,0,stable
373,22,79.1,15.3,97.8,0,stable
373,23,78.2,15.3,97.8,0,stable
373,24,78.9,15.2,97.9,0,stable
374,1,66.5,18.7,97.2,0,stable
374,2,68.3,18.4,97.2,0,stable
374,3,69.0,19.0,97.5,0,stable
374,4,69.7,19.0,97.5,0,stable
374,5,69.4,18.5,97.4,0,stable
374,6,70.0,18.1,97.4,0,stable
374,7,70.5,17.5,97.2,0,stable
374,8,72.6,17.8,97.2,0,stable
374,9,72.8,18.5,97.4,0,stable
374,10,73.4,18.0,97.5,0,stable
374,11,72.8,17.9,97.4,0,stable
374,12,71.8,17.9,97.6,0,stable
374,13,71.8,17.8,97.5,0,stable
374,14,71.1,17.7,97.4,0,stable
374,15,71.8,17.8,97.4,0,stable
374,16,71.6,18.4,97.4,0,stable
374,17,72.5,18.7,97.4,0,stable
374,18,71.0,18.7,97.5,0,stable
374,19,70.3,18.3,97.4,0,stable
374,20,70.8,18.4,97.7,0,stable
374,21,71.2,18.6,97.8,0,stable
374,22,71.5,18.4,97.8,0,stable
374,23,70.5,18.1,97.7,0,stable
374,24,71.0,17.8,97.5,0,stable
375,1,81.4,17.5,97.5,0,stable
375,2,82.1,17.2,97.4,0,stable
375,3,81.9,17.5,97.8,0,stable
375,4,82.3,17.4,97.5,0,stable
375,5,81.1,17.8,97.6,0,stable
375,6,80.1,17.4,97.7,0,stable
375,7,81.3,17.8,97.6,0,stable
375,8,81.8,17.7,97.4,0,stable
375,9,81.7,17.5,97.5,0,stable
375,10,82.2,17.4,97.4,0,stable
375,11,82.3,17.6,97.4,0,stable
375,12,81.8,18.0,97.4,0,stable
375,13,82.1,17.8,97.7,0,stable
375,14,82.0,18.3,97.6,0,stable
375,15,82.6,18.3,97.7,0,stable
375,16,81.6,18.0,97.5,0,stable
375,17,82.6,17.8,97.6,0,stable
375,18,82.0,17.4,97.6,0,stable
375,19,81.5,17.7,97.7,0,stable
375,20,80.7,17.4,97.8,0,stable
375,21,82.3,17.7,97.7,0,stable
375,22,81.9,17.6,97.7,0,stable
375,23,80.4,17.6,97.5,0,stable
375,24,80.4,17.7,97.5,0,stable
376,1,75.7,13.4,96.6,0,stable
376,2,76.5,13.9,96.8,0,stable
376,3,77.2,14.7,96.6,0,stable
376,4,78.1,14.2,96.5,0,stable
376,5,79.4,14.6,96.7,0,stable
376,6,79.0,14.6,96.6,0,stable
376,7,78.2,15.1,96.6,0,stable
376,8,79.2,14.9,96.7,0,stable
376,9,78.3,14.8,96.9,0,stable
376,10,78.9,14.8,96.9,0,stable
376,11,77.8,14.5,96.7,0,stable
376,12,79.3,14.7,96.8,0,stable
376,13,78.9,14.9,96.8,0,stable
376,14,79.7,14.7,96.9,0,stable
376,15,80.8,14.7,97.0,0,stable
376,16,80.7,14.5,97.0,0,stable
376,17,80.4,14.3,97.0,0,stable
376,18,80.4,14.8,96.9,0,stable
376,19,80.6,14.3,96.7,0,stable
376,20,80.5,14.1,96.9,0,stable
376,21,79.4,14.2,97.0,0,stable
376,22,80.4,14.3,97.0,0,stable
376,23,78.5,14.6,97.0,0,stable
376,24,78.1,14.8,97.2,0,stable
377,1,75.8,14.0,97.7,0,stable
377,2,76.7,14.1,97.7,0,stable
377,3,77.8,14.8,97.3,0,stable
377,4,79.7,15.0,97.4,0,stable
377,5,79.2,14.7,97.4,0,stable
377,6,78.4,14.9,97.5,0,stable
377,7,79.0,15.1,97.6,0,stable
377,8,77.9,14.9,97.6,0,stable
377,9,78.1,14.9,97.4,0,stable
377,10,79.1,14.6,97.6,0,stable
377,11,80.6,14.7,97.4,0,stable
377,12,80.8,15.3,97.4,0,stable
377,13,79.7,14.9,97.3,0,stable
377,14,79.7,14.6,97.4,0,stable
377,15,80.3,14.5,97.5,0,stable
377,16,80.4,14.7,97.3,0,stable
377,17,80.4,14.9,97.3,0,stable
377,18,81.0,14.9,97.2,0,stable
377,19,79.6,14.9,97.1,0,stable
377,20,78.9,15.1,97.0,0,stable
377,21,78.7,15.0,97.2,0,stable
377,22,79.0,15.1,97.5,0,stable
377,23,79.2,14.8,97.5,0,stable
377,24,80.5,15.0,97.3,0,stable
378,1,76.0,14.8,98.2,0,stable
378,2,77.1,14.8,98.1,0,stable
378,3,76.7,14.4,98.0,0,stable
378,4,76.7,14.0,98.1,0,stable
378,5,77.9,13.6,98.1,0,stable
378,6,77.7,13.5,98.1,0,stable
378,7,78.3,13.7,98.0,0,stable
378,8,76.7,13.8,98.3,0,stable
378,9,75.7,13.8,98.2,0,stable
378,10,74.6,13.9,98.2,0,stable
378,11,73.8,13.8,98.0,0,stable
378,12,73.8,13.9,97.8,0,stable
378,13,73.7,14.0,98.0,0,stable
378,14,73.9,13.8,97.9,0,stable
378,15,75.7,13.5,98.0,0,stable
378,16,76.2,13.8,97.9,0,stable
378,17,75.0,14.1,97.8,0,stable
378,18,74.7,13.6,98.0,0,stable
378,19,75.3,13.7,98.0,0,stable
378,20,75.7,13.5,97.8,0,stable
378,21,75.4,13.6,97.6,0,stable
378,22,76.5,13.7,97.6,0,stable
378,23,75.3,13.8,97.7,0,stable
378,24,74.7,13.6,97.7,0,stable
379,1,74.4,15.5,97.6,0,stable
379,2,74.7,15.8,97.7,0,stable
379,3,76.0,15.7,97.6,0,stable
379,4,76.7,15.8,97.6,0,stable
379,5,76.4,15.8,97.3,0,stable
379,6,76.4,15.6,97.4,0,stable
379,7,76.9,15.7,97.2,0,stable
379,8,77.9,16.1,97.3,0,stable
379,9,77.7,16.4,97.6,0,stable
379,10,76.5,16.2,97.7,0,stable
379,11,77.4,16.3,97.7,0,stable
379,12,77.4,16.2,97.6,0,stable
379,13,77.5,16.5,97.5,0,stable
379,14,76.0,16.8,97.2,0,stable
379,15,75.9,16.6,97.3,0,stable
379,16,77.9,16.4,97.2,0,stable
379,17,77.5,16.1,97.2,0,stable
379,18,77.0,15.9,97.3,0,stable
379,19,77.1,16.5,97.4,0,stable
379,20,76.5,15.9,97.4,0,stable
379,21,77.4,15.8,97.4,0,stable
379,22,76.7,16.1,97.3,0,stable
379,23,76.1,16.2,97.3,0,stable
379,24,75.7,15.9,97.2,0,stable
380,1,87.8,16.4,99.1,0,stable
380,2,88.8,16.3,99.0,0,stable
380,3,89.4,16.0,98.6,0,stable
380,4,91.6,16.0,98.6,0,stable
380,5,92.8,15.9,98.7,0,stable
380,6,92.0,15.4,98.7,0,stable
380,7,92.6,15.4,98.8,0,stable
380,8,92.7,15.3,98.7,0,stable
380,9,93.6,15.4,98.8,0,stable
380,10,92.7,15.3,98.7,0,stable
380,11,92.0,15.0,98.8,0,stable
380,12,91.7,15.0,98.8,0,stable
380,13,92.5,15.4,98.9,0,stable
380,14,92.2,15.0,99.0,0,stable
380,15,92.2,15.0,99.1,0,stable
380,16,90.8,14.9,99.1,0,stable
380,17,90.5,15.0,99.1,0,stable
380,18,91.1,15.1,99.0,0,stable
380,19,91.2,14.9,98.9,0,stable
380,20,90.8,15.1,98.8,0,stable
380,21,91.0,15.2,98.9,0,stable
380,22,91.5,15.4,98.8,0,stable
380,23,90.5,15.3,98.7,0,stable
380,24,90.6,15.2,98.7,0,stable
381,1,86.6,16.5,97.6,0,stable
381,2,85.9,16.2,97.8,0,stable
381,3,84.9,16.5,98.2,0,stable
381,4,85.2,17.1,98.4,0,stable
381,5,84.1,16.9,98.2,0,stable
381,6,84.8,16.3,98.5,0,stable
381,7,85.2,16.3,98.5,0,stable
381,8,84.6,16.3,98.5,0,stable
381,9,83.9,16.1,98.3,0,stable
381,10,83.6,16.2,98.3,0,stable
381,11,84.1,16.5,98.3,0,stable
381,12,84.5,15.8,98.2,0,stable
381,13,83.0,15.7,98.5,0,stable
381,14,81.3,16.0,98.7,0,stable
381,15,82.0,15.8,98.6,0,stable
381,16,83.7,16.2,98.8,0,stable
381,17,84.3,16.1,98.8,0,stable
381,18,83.8,15.7,98.7,0,stable
381,19,83.1,15.7,98.7,0,stable
381,20,82.2,15.9,98.6,0,stable
381,21,82.2,16.0,98.6,0,stable
381,22,83.4,16.0,98.5,0,stable
381,23,84.7,15.9,98.6,0,stable
381,24,84.7,15.6,98.6,0,stable
382,1,75.9,14.4,96.7,0,stable
382,2,76.3,14.2,96.7,0,stable
382,3,75.1,14.3,96.7,0,stable
382,4,75.0,14.7,96.8,0,stable
382,5,74.1,14.4,96.7,0,stable
382,6,74.8,14.2,96.5,0,stable
382,7,75.7,14.0,96.6,0,stable
382,8,74.8,14.0,96.6,0,stable
382,9,74.5,13.9,96.6,0,stable
382,10,74.5,14.0,97.0,0,stable
382,11,72.6,13.8,96.7,0,stable
382,12,74.1,14.0,96.8,0,stable
382,13,74.2,14.4,96.7,0,stable
382,14,75.1,14.3,96.8,0,stable
382,15,75.2,13.8,96.9,0,stable
382,16,74.8,14.0,96.6,0,stable
382,17,74.3,14.1,96.5,0,stable
382,18,74.4,14.1,96.6,0,stable
382,19,74.0,14.1,96.4,0,stable
382,20,74.2,13.9,96.3,0,stable
382,21,74.2,14.1,96.6,0,stable
382,22,74.3,14.3,96.7,0,stable
382,23,74.4,14.1,96.7,0,stable
382,24,74.5,14.7,96.7,0,stable
383,1,75.1,14.3,98.2,0,stable
383,2,76.6,14.0,98.0,0,stable
383,3,77.9,13.7,98.1,0,stable
383,4,78.3,13.6,98.0,0,stable
383,5,77.5,13.7,98.2,0,stable
383,6,76.6,14.0,98.1,0,stable
383,7,76.3,14.1,98.0,0,stable
383,8,76.3,14.3,98.0,0,stable
383,9,77.0,13.8,98.0,0,stable
383,10,77.1,13.8,98.1,0,stable
383,11,75.6,14.1,98.1,0,stable
383,12,75.7,14.6,98.2,0,stable
383,13,76.4,14.3,98.3,0,stable
383,14,75.3,14.4,98.2,0,stable
383,15,76.0,14.3,98.0,0,stable
383,16,76.0,14.0,97.8,0,stable
383,17,75.4,13.7,98.1,0,stable
383,18,75.3,13.6,97.9,0,stable
383,19,77.6,13.6,97.9,0,stable
383,20,77.0,13.3,98.1,0,stable
383,21,76.6,13.7,98.0,0,stable
383,22,76.9,13.4,98.0,0,stable
383,23,76.4,13.9,97.9,0,stable
383,24,75.4,14.1,98.0,0,stable
384,1,82.6,14.8,98.0,0,stable
384,2,82.4,15.0,98.1,0,stable
384,3,82.1,15.1,98.4,0,stable
384,4,81.7,14.9,98.4,0,stable
384,5,81.9,14.9,98.4,0,stable
384,6,82.2,14.7,98.2,0,stable
384,7,81.9,14.6,98.4,0,stable
384,8,83.1,14.6,98.3,0,stable
384,9,81.7,14.2,98.5,0,stable
384,10,81.3,14.4,98.5,0,stable
384,11,82.6,14.7,98.6,0,stable
384,12,83.2,15.1,98.6,0,stable
384,13,81.7,15.1,98.5,0,stable
384,14,82.6,14.9,98.5,0,stable
384,15,81.7,15.0,98.4,0,stable
384,16,81.9,15.0,98.4,0,stable
384,17,82.5,15.0,98.3,0,stable
384,18,81.5,15.3,98.3,0,stable
384,19,81.9,14.9,98.4,0,stable
384,20,82.3,15.2,98.5,0,stable
384,21,81.9,15.5,98.3,0,stable
384,22,81.4,15.5,98.2,0,stable
384,23,82.6,15.2,98.1,0,stable
384,24,82.5,14.9,98.4,0,stable
385,1,80.7,17.4,97.9,0,stable
385,2,79.8,17.5,98.1,0,stable
385,3,80.0,17.5,98.1,0,stable
385,4,80.9,17.8,98.4,0,stable
385,5,80.4,18.0,98.1,0,stable
385,6,80.4,17.8,98.1,0,stable
385,7,81.0,17.7,97.9,0,stable
385,8,80.5,17.9,97.8,0,stable
385,9,80.2,17.8,97.8,0,stable
385,10,79.8,17.7,97.7,0,stable
385,11,79.8,17.3,97.8,0,stable
385,12,80.4,17.3,97.5,0,stable
385,13,79.2,17.5,97.7,0,stable
385,14,80.2,17.5,97.7,0,stable
385,15,79.3,17.6,97.8,0,stable
385,16,80.2,17.7,97.9,0,stable
385,17,81.9,17.4,97.8,0,stable
385,18,82.4,17.8,97.7,0,stable
385,19,82.1,17.8,97.8,0,stable
385,20,82.4,17.9,97.8,0,stable
385,21,81.0,18.1,97.9,0,stable
385,22,80.3,17.8,98.0,0,stable
385,23,81.7,18.0,98.0,0,stable
385,24,81.7,17.4,97.7,0,stable
386,1,84.1,14.8,99.0,0,stable
386,2,82.8,15.2,98.9,0,stable
386,3,83.0,15.5,98.6,0,stable
386,4,84.6,15.3,98.7,0,stable
386,5,84.0,15.8,98.6,0,stable
386,6,83.5,15.7,98.5,0,stable
386,7,83.0,15.5,98.4,0,stable
386,8,83.1,15.8,98.4,0,stable
386,9,84.5,16.2,98.3,0,stable
386,10,84.9,16.1,98.5,0,stable
386,11,84.7,16.2,98.6,0,stable
386,12,84.4,16.1,98.5,0,stable
386,13,83.4,15.9,98.6,0,stable
386,14,83.2,15.8,98.5,0,stable
386,15,82.6,15.7,98.8,0,stable
386,16,83.0,15.7,98.5,0,stable
386,17,82.7,15.2,98.8,0,stable
386,18,82.0,15.1,98.9,0,stable
386,19,81.9,15.4,98.7,0,stable
386,20,82.3,15.6,98.6,0,stable
386,21,82.6,15.5,98.6,0,stable
386,22,82.7,15.8,98.6,0,stable
386,23,82.6,15.9,98.6,0,stable
386,24,82.0,15.9,98.8,0,stable
387,1,77.2,17.5,98.4,0,stable
387,2,77.4,17.1,98.3,0,stable
387,3,75.3,17.4,98.2,0,stable
387,4,75.2,17.1,98.0,0,stable
387,5,76.0,17.0,97.9,0,stable
387,6,77.1,17.2,97.9,0,stable
387,7,77.2,16.8,98.0,0,stable
387,8,77.5,17.4,97.8,0,stable
387,9,77.3,17.2,97.8,0,stable
387,10,77.2,17.5,97.9,0,stable
387,11,75.8,17.5,97.9,0,stable
387,12,75.5,17.6,97.8,0,stable
387,13,75.9,17.7,97.8,0,stable
387,14,77.1,17.3,97.9,0,stable
387,15,76.3,17.3,97.7,0,stable
387,16,76.2,17.3,97.7,0,stable
387,17,76.9,17.4,97.7,0,stable
387,18,75.7,17.4,97.7,0,stable
387,19,75.5,17.6,97.7,0,stable
387,20,75.1,17.7,97.8,0,stable
387,21,75.6,17.6,97.8,0,stable
387,22,77.2,17.8,97.7,0,stable
387,23,77.9,18.0,97.9,0,stable
387,24,78.7,17.5,97.7,0,stable
388,1,70.3,14.5,96.0,0,stable
388,2,71.3,13.9,96.2,0,stable
388,3,72.5,14.0,96.2,0,stable
388,4,73.3,14.5,96.3,0,stable
388,5,73.9,14.4,96.5,0,stable
388,6,74.7,14.8,96.2,0,stable
388,7,75.0,14.7,96.3,0,stable
388,8,74.3,14.6,96.1,0,stable
388,9,74.0,14.5,96.1,0,stable
388,10,76.0,14.8,96.2,0,stable
388,11,75.6,14.6,96.4,0,stable
388,12,75.7,14.4,96.2,0,stable
388,13,75.7,14.4,96.1,0,stable
388,14,74.1,14.3,96.3,0,stable
388,15,72.6,14.5,96.1,0,stable
388,16,73.1,14.3,96.3,0,stable
388,17,73.8,13.7,96.5,0,stable
388,18,73.4,14.4,96.5,0,stable
388,19,72.6,14.5,96.3,0,stable
388,20,72.4,14.3,96.1,0,stable
388,21,74.1,14.7,96.2,0,stable
388,22,71.8,14.3,96.2,0,stable
388,23,71.8,14.1,96.1,0,stable
388,24,70.9,14.1,96.5,0,stable
389,1,89.3,15.8,97.4,0,stable
389,2,88.7,15.8,97.3,0,stable
389,3,86.8,15.6,97.4,0,stable
389,4,85.9,15.7,97.5,0,stable
389,5,85.3,15.9,97.4,0,stable
389,6,86.1,16.4,97.4,0,stable
389,7,86.0,16.7,97.2,0,stable
389,8,85.7,16.7,97.2,0,stable
389,9,86.0,16.7,97.2,0,stable
389,10,85.4,16.8,97.2,0,stable
389,11,85.9,16.8,97.1,0,stable
389,12,85.4,16.9,97.2,0,stable
389,13,84.8,17.2,97.5,0,stable
389,14,84.5,16.5,97.3,0,stable
389,15,84.5,16.3,97.3,0,stable
389,16,83.9,16.7,97.2,0,stable
389,17,84.6,16.5,97.0,0,stable
389,18,85.2,16.4,97.2,0,stable
389,19,84.3,16.0,97.2,0,stable
389,20,84.0,16.1,97.3,0,stable
389,21,84.5,16.3,97.5,0,stable
389,22,83.3,16.3,97.6,0,stable
389,23,84.5,16.0,97.7,0,stable
389,24,85.7,16.0,97.6,0,stable
390,1,77.2,15.0,97.8,0,stable
390,2,77.0,15.4,97.8,0,stable
390,3,78.1,15.5,97.8,0,stable
390,4,80.2,15.8,97.9,0,stable
390,5,80.6,16.0,97.8,0,stable
390,6,81.8,16.0,97.8,0,stable
390,7,80.8,15.8,97.6,0,stable
390,8,80.0,16.1,97.7,0,stable
390,9,79.9,15.8,97.6,0,stable
390,10,79.2,16.2,97.7,0,stable
390,11,78.8,16.4,97.9,0,stable
390,12,79.1,16.8,97.7,0,stable
390,13,79.6,16.4,97.6,0,stable
390,14,79.9,16.4,97.4,0,stable
390,15,80.4,15.9,97.5,0,stable
390,16,79.1,16.0,97.6,0,stable
390,17,79.2,16.2,97.5,0,stable
390,18,78.6,16.2,97.6,0,stable
390,19,79.1,16.3,97.7,0,stable
390,20,79.2,16.2,97.7,0,stable
390,21,80.0,16.2,97.8,0,stable
390,22,79.7,15.8,97.6,0,stable
390,23,80.5,15.8,98.0,0,stable
390,24,81.1,16.1,97.8,0,stable
391,1,75.4,15.2,97.7,0,stable
391,2,75.9,15.2,97.7,0,stable
391,3,75.3,14.7,97.8,0,stable
391,4,74.6,14.4,97.6,0,stable
391,5,76.6,14.4,97.8,0,stable
391,6,76.5,13.8,97.9,0,stable
391,7,75.3,13.7,97.9,0,stable
391,8,75.2,13.6,97.8,0,stable
391,9,75.8,13.4,97.6,0,stable
391,10,75.8,13.6,97.7,0,stable
391,11,75.5,13.8,97.7,0,stable
391,12,74.7,13.8,97.7,0,stable
391,13,74.8,13.8,97.5,0,stable
391,14,76.7,13.9,97.7,0,stable
391,15,76.6,14.1,97.6,0,stable
391,16,77.5,13.8,97.7,0,stable
391,17,78.5,14.0,97.6,0,stable
391,18,77.3,13.8,97.5,0,stable
391,19,78.0,13.3,97.4,0,stable
391,20,77.6,14.4,97.5,0,stable
391,21,77.7,13.9,97.5,0,stable
391,22,76.5,14.1,97.6,0,stable
391,23,76.9,14.3,97.4,0,stable
391,24,77.8,14.2,97.5,0,stable
392,1,66.1,16.6,97.3,0,stable
392,2,67.1,16.4,97.4,0,stable
392,3,67.7,16.0,97.4,0,stable
392,4,68.3,16.1,97.6,0,stable
392,5,69.3,16.2,97.6,0,stable
392,6,69.7,15.9,97.5,0,stable
392,7,70.3,15.9,97.5,0,stable
392,8,68.0,16.4,97.3,0,stable
392,9,68.1,16.7,97.3,0,stable
392,10,66.4,16.7,97.3,0,stable
392,11,65.9,16.7,97.2,0,stable
392,12,66.3,16.8,97.2,0,stable
392,13,67.5,16.7,97.2,0,stable
392,14,67.8,16.7,97.2,0,stable
392,15,67.2,16.5,97.1,0,stable
392,16,67.3,16.7,97.1,0,stable
392,17,67.9,16.6,97.4,0,stable
392,18,68.0,16.5,97.3,0,stable
392,19,66.9,16.2,97.2,0,stable
392,20,67.8,16.4,97.2,0,stable
392,21,67.3,16.3,97.3,0,stable
392,22,66.4,16.8,97.4,0,stable
392,23,66.3,16.9,97.6,0,stable
392,24,66.2,16.5,97.7,0,stable
393,1,71.2,13.4,98.5,0,stable
393,2,71.0,13.8,98.6,0,stable
393,3,71.1,13.9,98.5,0,stable
393,4,71.6,13.3,98.6,0,stable
393,5,71.5,13.6,98.4,0,stable
393,6,71.7,13.5,98.3,0,stable
393,7,69.6,13.4,98.2,0,stable
393,8,69.8,13.4,98.4,0,stable
393,9,70.8,13.3,98.5,0,stable
393,10,71.6,13.3,98.6,0,stable
393,11,71.6,13.1,98.4,0,stable
393,12,72.6,13.3,98.4,0,stable
393,13,73.4,13.4,98.4,0,stable
393,14,73.4,13.3,98.2,0,stable
393,15,73.0,13.7,98.5,0,stable
393,16,72.9,13.7,98.4,0,stable
393,17,73.0,13.4,98.5,0,stable
393,18,73.1,13.4,98.7,0,stable
393,19,74.4,13.3,98.5,0,stable
393,20,74.8,13.2,98.6,0,stable
393,21,73.4,13.6,98.5,0,stable
393,22,74.7,13.5,98.4,0,stable
393,23,73.8,13.3,98.4,0,stable
393,24,72.7,13.4,98.4,0,stable
394,1,76.1,16.7,97.6,0,stable
394,2,75.5,16.4,97.3,0,stable
394,3,74.3,16.5,97.1,0,stable
394,4,73.8,16.5,97.0,0,stable
394,5,74.6,16.5,97.3,0,stable
394,6,73.9,16.5,97.1,0,stable
394,7,73.3,16.4,97.1,0,stable
394,8,74.2,16.0,97.1,0,stable
394,9,74.0,16.5,97.1,0,stable
394,10,74.8,16.6,97.2,0,stable
394,11,74.5,16.6,97.0,0,stable
394,12,74.8,16.6,97.0,0,stable
394,13,74.4,16.4,97.1,0,stable
394,14,73.9,16.6,97.2,0,stable
394,15,72.4,16.4,97.1,0,stable
394,16,73.4,16.5,97.1,0,stable
394,17,73.5,16.2,97.2,0,stable
394,18,72.1,16.3,97.0,0,stable
394,19,74.3,16.2,97.0,0,stable
394,20,75.6,16.1,97.0,0,stable
394,21,75.3,16.1,97.1,0,stable
394,22,74.0,15.8,97.2,0,stable
394,23,73.5,16.0,97.2,0,stable
394,24,74.2,16.3,97.4,0,stable
395,1,73.7,13.6,96.9,0,stable
395,2,74.8,13.7,97.1,0,stable
395,3,75.3,13.9,97.0,0,stable
395,4,74.5,14.3,97.0,0,stable
395,5,74.2,14.4,96.9,0,stable
395,6,73.9,14.2,96.9,0,stable
395,7,74.1,14.4,97.0,0,stable
395,8,73.5,14.7,96.9,0,stable
395,9,73.9,14.6,96.7,0,stable
395,10,74.3,14.3,97.0,0,stable
395,11,75.1,14.3,97.0,0,stable
395,12,73.8,14.5,97.2,0,stable
395,13,73.3,14.3,97.3,0,stable
395,14,74.0,14.7,97.3,0,stable
395,15,73.5,15.0,97.3,0,stable
395,16,73.4,14.8,97.2,0,stable
395,17,72.7,14.3,97.1,0,stable
395,18,73.2,14.4,97.1,0,stable
395,19,73.4,14.7,97.4,0,stable
395,20,74.3,14.5,97.2,0,stable
395,21,73.6,14.6,97.2,0,stable
395,22,73.4,14.3,97.2,0,stable
395,23,74.1,14.6,97.2,0,stable
395,24,73.0,14.7,97.0,0,stable
396,1,85.0,12.8,98.4,0,stable
396,2,84.8,13.2,98.5,0,stable
396,3,83.6,13.0,98.5,0,stable
396,4,84.3,13.2,98.6,0,stable
396,5,82.5,13.4,98.7,0,stable
396,6,83.0,12.8,98.9,0,stable
396,7,84.4,13.0,98.8,0,stable
396,8,85.4,12.8,98.6,0,stable
396,9,84.8,13.0,98.5,0,stable
396,10,83.0,13.2,98.6,0,stable
396,11,82.5,12.8,98.6,0,stable
396,12,81.4,12.3,98.4,0,stable
396,13,81.5,12.5,98.4,0,stable
396,14,81.6,12.4,98.4,0,stable
396,15,82.5,12.4,98.5,0,stable
396,16,83.6,12.3,98.5,0,stable
396,17,83.7,12.5,98.7,0,stable
396,18,83.3,12.7,98.6,0,stable
396,19,83.5,12.8,98.6,0,stable
396,20,83.2,12.7,98.3,0,stable
396,21,81.5,12.8,98.4,0,stable
396,22,81.5,13.0,98.4,0,stable
396,23,82.8,13.0,98.2,0,stable
396,24,83.6,13.4,98.3,0,stable
397,1,80.3,17.3,98.2,0,stable
397,2,78.9,16.8,98.4,0,stable
397,3,79.5,16.3,98.4,0,stable
397,4,79.4,16.5,98.2,0,stable
397,5,79.6,16.5,98.5,0,stable
397,6,78.3,16.3,98.5,0,stable
397,7,78.1,16.8,98.7,0,stable
397,8,77.9,16.5,98.4,0,stable
397,9,77.7,16.3,98.4,0,stable
397,10,77.9,16.4,98.3,0,stable
397,11,78.2,16.3,98.2,0,stable
397,12,78.7,16.0,98.3,0,stable
397,13,79.5,15.9,98.3,0,stable
397,14,80.5,16.4,98.1,0,stable
397,15,79.4,16.6,98.4,0,stable
397,16,78.5,16.5,98.5,0,stable
397,17,77.8,16.0,98.1,0,stable
397,18,78.5,16.2,98.5,0,stable
397,19,79.0,16.4,98.6,0,stable
397,20,78.7,16.2,98.5,0,stable
397,21,78.4,16.3,98.7,0,stable
397,22,78.1,15.7,98.6,0,stable
397,23,78.1,15.8,98.5,0,stable
397,24,78.6,16.0,98.5,0,stable
398,1,81.3,18.7,97.7,0,stable
398,2,81.4,19.0,97.4,0,stable
398,3,81.8,18.5,97.4,0,stable
398,4,82.4,18.3,97.4,0,stable
398,5,82.9,18.1,97.3,0,stable
398,6,83.1,18.1,97.2,0,stable
398,7,82.9,18.2,97.3,0,stable
398,8,83.9,18.0,97.2,0,stable
398,9,84.0,18.0,97.3,0,stable
398,10,83.8,18.4,97.1,0,stable
398,11,83.1,18.2,97.5,0,stable
398,12,81.8,17.9,97.4,0,stable
398,13,83.3,18.1,97.3,0,stable
398,14,81.0,17.8,97.2,0,stable
398,15,83.0,18.1,97.3,0,stable
398,16,81.6,18.3,97.3,0,stable
398,17,82.0,18.6,97.2,0,stable
398,18,81.3,18.4,97.2,0,stable
398,19,84.1,18.2,97.1,0,stable
398,20,84.0,18.5,97.3,0,stable
398,21,83.8,18.5,97.1,0,stable
398,22,81.9,18.2,97.3,0,stable
398,23,81.2,18.3,97.2,0,stable
398,24,80.5,18.4,97.1,0,stable
399,1,83.2,18.2,96.6,0,stable
399,2,82.1,17.5,96.6,0,stable
399,3,81.1,17.3,96.7,0,stable
399,4,81.5,17.4,96.6,0,stable
399,5,81.8,17.5,97.0,0,stable
399,6,82.5,17.2,97.0,0,stable
399,7,82.6,16.8,97.1,0,stable
399,8,82.1,16.6,96.9,0,stable
399,9,82.1,16.5,97.0,0,stable
399,10,82.6,16.8,96.8,0,stable
399,11,83.8,16.9,96.9,0,stable
399,12,81.7,16.9,96.9,0,stable
399,13,81.7,16.9,96.9,0,stable
399,14,81.4,16.5,96.8,0,stable
399,15,81.2,16.2,96.8,0,stable
399,16,81.5,15.9,96.9,0,stable
399,17,83.4,16.3,96.9,0,stable
399,18,82.7,16.9,96.8,0,stable
399,19,84.3,16.8,96.8,0,stable
399,20,82.9,16.8,96.8,0,stable
399,21,83.8,16.6,96.6,0,stable
399,22,83.3,16.9,96.6,0,stable
399,23,82.4,16.9,96.7,0,stable
399,24,83.0,17.1,96.6,0,stable
400,1,76.0,17.4,96.0,0,stable
400,2,74.9,17.4,96.0,0,stable
400,3,74.7,17.1,95.6,0,stable
400,4,75.9,17.2,95.6,0,stable
400,5,75.6,17.6,95.4,0,stable
400,6,74.9,17.8,95.7,0,stable
400,7,74.4,17.3,95.9,0,stable
400,8,75.8,17.2,95.8,0,stable
400,9,75.9,17.2,95.8,0,stable
400,10,77.6,16.9,95.8,0,stable
400,11,75.9,16.9,96.0,0,stable
400,12,75.6,17.0,95.9,0,stable
400,13,75.2,17.5,96.1,0,stable
400,14,76.1,17.5,95.9,0,stable
400,15,76.1,18.0,96.0,0,stable
400,16,75.2,17.6,95.7,0,stable
400,17,77.8,17.5,95.6,0,stable
400,18,77.3,17.5,95.7,0,stable
400,19,76.4,16.9,95.7,0,stable
400,20,75.8,16.9,95.7,0,stable
400,21,75.9,17.5,95.9,0,stable
400,22,76.9,17.2,95.9,0,stable
400,23,76.1,17.1,95.8,0,stable
400,24,76.1,17.0,95.8,0,stable
401,1,75.4,17.3,97.9,0,stable
401,2,75.6,17.2,97.8,0,stable
401,3,77.4,17.1,97.6,0,stable
401,4,77.4,17.4,97.6,0,stable
401,5,76.3,17.4,97.7,0,stable
401,6,77.0,17.4,97.9,0,stable
401,7,76.4,17.1,98.2,0,stable
401,8,76.9,16.7,98.3,0,stable
401,9,76.7,17.3,97.9,0,stable
401,10,77.5,17.3,98.1,0,stable
401,11,78.5,17.4,97.9,0,stable
401,12,78.0,17.6,98.0,0,stable
401,13,78.2,17.6,98.0,0,stable
401,14,77.6,17.5,98.0,0,stable
401,15,79.6,17.0,97.9,0,stable
401,16,78.5,17.1,97.9,0,stable
401,17,77.2,17.3,98.0,0,stable
401,18,75.6,17.7,98.0,0,stable
401,19,77.4,17.8,98.0,0,stable
401,20,76.8,18.1,97.8,0,stable
401,21,78.5,18.0,97.6,0,stable
401,22,77.2,17.6,97.6,0,stable
401,23,76.3,17.8,97.8,0,stable
401,24,76.8,17.8,97.8,0,stable
402,1,80.1,14.4,96.8,0,stable
402,2,78.0,14.3,96.9,0,stable
402,3,76.9,14.3,96.7,0,stable
402,4,77.6,14.1,96.6,0,stable
402,5,76.7,14.4,96.3,0,stable
402,6,78.0,14.1,96.5,0,stable
402,7,77.1,14.4,96.5,0,stable
402,8,78.2,14.7,96.6,0,stable
402,9,79.3,14.6,96.7,0,stable
402,10,79.6,14.3,96.6,0,stable
402,11,77.7,14.5,96.6,0,stable
402,12,77.3,14.7,96.3,0,stable
402,13,76.5,14.7,96.1,0,stable
402,14,77.2,14.4,96.5,0,stable
402,15,76.5,14.7,96.6,0,stable
402,16,76.2,14.4,96.7,0,stable
402,17,76.1,14.7,96.6,0,stable
402,18,76.9,14.7,96.7,0,stable
402,19,76.3,14.1,96.7,0,stable
402,20,78.4,14.5,96.6,0,stable
402,21,77.9,14.8,96.6,0,stable
402,22,77.5,14.2,96.6,0,stable
402,23,76.9,14.1,96.5,0,stable
402,24,77.4,14.4,96.6,0,stable
403,1,73.9,14.2,96.0,0,stable
403,2,73.8,14.0,95.9,0,stable
403,3,74.4,14.0,96.2,0,stable
403,4,73.2,13.7,96.3,0,stable
403,5,75.2,13.8,96.3,0,stable
403,6,74.7,14.1,96.3,0,stable
403,7,73.6,13.6,96.1,0,stable
403,8,76.0,13.7,96.2,0,stable
403,9,75.9,13.5,96.2,0,stable
403,10,76.1,13.7,96.1,0,stable
403,11,76.3,13.4,96.3,0,stable
403,12,75.4,14.0,96.2,0,stable
403,13,75.4,14.0,96.1,0,stable
403,14,74.8,13.7,96.2,0,stable
403,15,74.7,14.0,96.1,0,stable
403,16,74.6,13.8,96.2,0,stable
403,17,73.0,14.0,96.1,0,stable
403,18,72.6,14.1,96.2,0,stable
403,19,73.4,13.8,96.1,0,stable
403,20,74.6,14.1,96.1,0,stable
403,21,74.4,13.4,96.3,0,stable
403,22,74.3,13.6,96.3,0,stable
403,23,74.4,13.9,96.1,0,stable
403,24,74.9,14.3,96.0,0,stable
404,1,76.4,15.8,97.8,0,stable
404,2,76.2,15.6,97.9,0,stable
404,3,76.7,16.1,97.7,0,stable
404,4,77.7,15.9,98.0,0,stable
404,5,78.1,15.8,98.2,0,stable
404,6,77.1,16.0,98.2,0,stable
404,7,77.3,15.8,98.2,0,stable
404,8,78.9,16.0,98.0,0,stable
404,9,79.3,16.0,98.0,0,stable
404,10,79.1,15.9,98.1,0,stable
404,11,79.1,15.8,97.9,0,stable
404,12,79.8,16.0,97.8,0,stable
404,13,79.6,16.2,98.1,0,stable
404,14,78.3,15.9,98.2,0,stable
404,15,78.8,15.5,98.2,0,stable
404,16,78.7,15.7,98.0,0,stable
404,17,77.1,15.0,97.9,0,stable
404,18,77.2,15.0,97.7,0,stable
404,19,78.0,15.4,97.8,0,stable
404,20,77.6,15.0,97.8,0,stable
404,21,76.3,15.3,97.7,0,stable
404,22,77.2,15.3,97.9,0,stable
404,23,78.1,14.9,97.9,0,stable
404,24,77.5,14.9,97.9,0,stable
405,1,76.4,15.6,98.8,0,stable
405,2,75.0,15.4,98.7,0,stable
405,3,75.3,15.6,98.5,0,stable
405,4,74.7,15.5,98.6,0,stable
405,5,75.1,16.1,98.6,0,stable
405,6,74.8,16.4,98.5,0,stable
405,7,74.3,16.2,98.6,0,stable
405,8,73.8,16.4,98.7,0,stable
405,9,75.3,16.7,98.6,0,stable
405,10,76.0,16.2,98.5,0,stable
405,11,75.5,16.3,98.6,0,stable
405,12,75.2,16.8,98.6,0,stable
405,13,75.5,16.5,98.6,0,stable
405,14,74.6,16.4,98.7,0,stable
405,15,74.6,16.4,98.8,0,stable
405,16,75.0,16.3,98.7,0,stable
405,17,74.6,16.4,98.7,0,stable
405,18,75.1,16.4,98.5,0,stable
405,19,76.2,16.1,98.5,0,stable
405,20,76.6,15.9,98.4,0,stable
405,21,77.7,16.5,98.4,0,stable
405,22,78.1,16.5,98.3,0,stable
405,23,78.2,16.1,98.3,0,stable
405,24,77.2,16.2,98.4,0,stable
406,1,83.1,14.9,96.9,0,stable
406,2,81.1,15.2,97.1,0,stable
406,3,79.2,15.7,97.0,0,stable
406,4,78.4,15.5,96.8,0,stable
406,5,78.7,16.1,96.9,0,stable
406,6,77.8,15.5,96.8,0,stable
406,7,77.8,15.3,96.8,0,stable
406,8,80.0,15.5,96.9,0,stable
406,9,79.4,15.8,97.1,0,stable
406,10,79.8,15.4,96.9,0,stable
406,11,80.2,15.5,97.2,0,stable
406,12,79.7,15.6,97.5,0,stable
406,13,80.5,15.8,97.3,0,stable
406,14,78.9,15.6,97.1,0,stable
406,15,79.8,15.2,97.1,0,stable
406,16,80.3,15.5,96.9,0,stable
406,17,79.6,15.5,96.9,0,stable
406,18,79.7,15.6,96.9,0,stable
406,19,79.4,15.5,96.8,0,stable
406,20,79.0,15.5,96.9,0,stable
406,21,78.1,15.8,97.0,0,stable
406,22,78.7,15.8,97.2,0,stable
406,23,80.1,15.6,97.3,0,stable
406,24,80.9,15.4,97.3,0,stable
407,1,81.4,13.2,96.6,0,stable
407,2,81.0,13.2,96.5,0,stable
407,3,81.0,13.7,96.4,0,stable
407,4,81.2,13.9,96.5,0,stable
407,5,81.8,14.2,96.6,0,stable
407,6,81.9,14.2,96.6,0,stable
407,7,81.2,14.8,96.6,0,stable
407,8,82.2,14.7,96.4,0,stable
407,9,81.9,14.6,96.5,0,stable
407,10,81.1,14.7,96.3,0,stable
407,11,81.0,14.7,96.2,0,stable
407,12,81.1,14.9,96.5,0,stable
407,13,80.5,15.0,96.5,0,stable
407,14,80.4,14.4,96.8,0,stable
407,15,81.3,13.7,96.5,0,stable
407,16,80.8,13.5,96.6,0,stable
407,17,80.7,13.8,96.4,0,stable
407,18,80.9,13.7,96.3,0,stable
407,19,82.7,13.9,96.4,0,stable
407,20,81.6,14.1,96.6,0,stable
407,21,81.9,13.8,96.6,0,stable
407,22,82.0,13.8,96.6,0,stable
407,23,81.0,13.9,96.8,0,stable
407,24,82.0,13.9,96.7,0,stable
408,1,72.4,14.1,96.8,0,stable
408,2,74.2,14.3,96.7,0,stable
408,3,73.4,14.8,96.6,0,stable
408,4,74.6,15.0,96.4,0,stable
408,5,75.2,15.2,96.3,0,stable
408,6,76.2,15.5,96.3,0,stable
408,7,77.7,15.4,96.3,0,stable
408,8,77.1,15.3,96.4,0,stable
408,9,76.3,15.3,96.2,0,stable
408,10,77.3,15.4,96.4,0,stable
408,11,76.5,15.6,96.5,0,stable
408,12,76.7,15.3,96.4,0,stable
408,13,77.0,15.6,96.5,0,stable
408,14,75.9,15.7,96.5,0,stable
408,15,75.9,15.7,96.7,0,stable
408,16,76.6,15.4,96.7,0,stable
408,17,74.8,15.5,96.6,0,stable
408,18,74.7,15.3,96.7,0,stable
408,19,76.6,14.8,96.6,0,stable
408,20,76.0,15.3,96.4,0,stable
408,21,76.0,15.0,96.3,0,stable
408,22,76.7,15.1,96.1,0,stable
408,23,76.6,14.8,96.1,0,stable
408,24,77.1,15.0,96.4,0,stable
409,1,74.3,15.2,96.8,0,stable
409,2,74.9,14.8,96.7,0,stable
409,3,73.5,14.9,96.6,0,stable
409,4,73.2,14.3,96.6,0,stable
409,5,72.4,14.4,96.6,0,stable
409,6,72.7,14.2,96.7,0,stable
409,7,73.7,13.9,96.7,0,stable
409,8,74.0,14.3,96.7,0,stable
409,9,74.2,14.2,96.5,0,stable
409,10,73.8,14.2,96.7,0,stable
409,11,73.5,14.2,96.7,0,stable
409,12,73.5,13.9,96.8,0,stable
409,13,74.3,14.0,96.8,0,stable
409,14,73.0,14.3,96.6,0,stable
409,15,72.9,14.7,96.4,0,stable
409,16,72.5,14.1,96.3,0,stable
409,17,72.8,14.0,96.4,0,stable
409,18,73.5,13.9,96.4,0,stable
409,19,74.2,14.0,96.8,0,stable
409,20,73.4,13.7,96.6,0,stable
409,21,72.4,14.6,96.6,0,stable
409,22,73.4,14.7,96.8,0,stable
409,23,73.7,14.4,96.5,0,stable
409,24,73.3,14.3,96.5,0,stable
410,1,74.5,16.7,96.9,0,stable
410,2,72.8,16.6,96.4,0,stable
410,3,72.6,16.5,96.5,0,stable
410,4,72.4,16.7,96.4,0,stable
410,5,73.4,16.5,96.4,0,stable
410,6,73.0,16.5,96.5,0,stable
410,7,71.6,16.6,96.4,0,stable
410,8,70.7,16.5,96.5,0,stable
410,9,71.8,16.4,96.2,0,stable
410,10,71.2,16.3,96.3,0,stable
410,11,70.7,15.9,96.5,0,stable
410,12,70.5,16.2,96.7,0,stable
410,13,71.5,16.2,96.5,0,stable
410,14,71.5,16.4,96.6,0,stable
410,15,71.7,16.3,96.5,0,stable
410,16,71.9,16.3,96.3,0,stable
410,17,71.7,17.1,96.4,0,stable
410,18,70.7,17.0,96.6,0,stable
410,19,71.2,16.4,96.6,0,stable
410,20,71.3,16.5,96.3,0,stable
410,21,70.7,16.4,96.2,0,stable
410,22,70.7,16.1,96.5,0,stable
410,23,70.4,16.3,96.5,0,stable
410,24,71.0,16.6,96.5,0,stable
411,1,85.0,15.5,98.5,0,stable
411,2,84.2,14.8,98.5,0,stable
411,3,82.9,14.8,98.4,0,stable
411,4,83.2,14.6,98.4,0,stable
411,5,83.8,15.1,98.6,0,stable
411,6,83.8,15.0,98.6,0,stable
411,7,83.0,14.9,98.6,0,stable
411,8,81.6,14.8,98.7,0,stable
411,9,81.0,14.9,98.6,0,stable
411,10,81.7,15.0,98.7,0,stable
411,11,82.9,14.7,98.7,0,stable
411,12,81.7,14.7,98.6,0,stable
411,13,82.6,14.7,98.7,0,stable
411,14,82.8,14.8,98.5,0,stable
411,15,81.7,14.3,98.6,0,stable
411,16,83.4,14.3,98.3,0,stable
411,17,82.4,14.2,98.4,0,stable
411,18,81.9,14.3,98.5,0,stable
411,19,82.1,14.4,98.3,0,stable
411,20,80.8,14.7,98.5,0,stable
411,21,80.6,14.8,98.6,0,stable
411,22,82.2,14.8,98.6,0,stable
411,23,81.4,14.9,98.6,0,stable
411,24,81.3,14.9,98.7,0,stable
412,1,84.9,15.7,97.7,0,stable
412,2,85.3,15.9,97.9,0,stable
412,3,84.1,15.9,97.9,0,stable
412,4,83.8,15.7,97.9,0,stable
412,5,84.1,15.7,97.7,0,stable
412,6,83.6,15.8,97.5,0,stable
412,7,82.1,16.0,97.4,0,stable
412,8,82.6,15.9,97.6,0,stable
412,9,82.8,15.7,97.8,0,stable
412,10,83.9,16.0,97.8,0,stable
412,11,83.8,16.3,97.6,0,stable
412,12,83.9,16.3,97.7,0,stable
412,13,83.6,16.0,97.7,0,stable
412,14,82.7,15.7,97.8,0,stable
412,15,83.5,15.6,97.8,0,stable
412,16,85.2,15.3,98.0,0,stable
412,17,84.5,15.5,98.1,0,stable
412,18,83.9,15.6,98.2,0,stable
412,19,83.1,15.3,98.2,0,stable
412,20,83.1,15.2,98.2,0,stable
412,21,82.7,15.2,97.9,0,stable
412,22,82.4,15.5,98.0,0,stable
412,23,81.4,15.1,98.0,0,stable
412,24,81.3,15.8,97.9,0,stable
413,1,82.1,15.8,96.3,0,stable
413,2,82.8,16.0,96.5,0,stable
413,3,82.5,15.9,96.4,0,stable
413,4,82.7,15.9,96.2,0,stable
413,5,82.0,15.5,96.1,0,stable
413,6,81.3,15.4,95.9,0,stable
413,7,81.9,15.7,96.1,0,stable
413,8,81.6,15.6,96.2,0,stable
413,9,81.0,15.9,96.1,0,stable
413,10,80.9,16.0,96.3,0,stable
413,11,80.4,16.5,96.4,0,stable
413,12,80.5,16.9,96.4,0,stable
413,13,80.4,16.6,96.7,0,stable
413,14,80.6,16.4,96.7,0,stable
413,15,80.6,16.3,96.4,0,stable
413,16,81.3,16.1,96.4,0,stable
413,17,81.6,15.9,96.3,0,stable
413,18,82.3,16.4,96.7,0,stable
413,19,82.9,16.4,96.6,0,stable
413,20,83.0,16.0,96.4,0,stable
413,21,81.4,15.7,96.4,0,stable
413,22,81.8,15.9,96.5,0,stable
413,23,81.8,16.2,96.5,0,stable
413,24,81.8,16.1,96.4,0,stable
414,1,75.4,18.5,96.6,0,stable
414,2,77.0,18.6,96.6,0,stable
414,3,77.2,18.6,96.5,0,stable
414,4,78.3,18.8,96.7,0,stable
414,5,79.3,18.4,96.9,0,stable
414,6,80.3,18.4,96.9,0,stable
414,7,79.4,18.0,96.7,0,stable
414,8,78.5,18.1,96.6,0,stable
414,9,78.6,18.1,96.6,0,stable
414,10,79.7,17.7,96.4,0,stable
414,11,79.4,17.8,96.6,0,stable
414,12,79.6,18.1,96.5,0,stable
414,13,78.9,18.0,96.5,0,stable
414,14,78.1,17.8,96.6,0,stable
414,15,77.4,17.8,96.6,0,stable
414,16,78.9,18.0,96.3,0,stable
414,17,79.4,17.7,96.6,0,stable
414,18,79.5,18.0,96.8,0,stable
414,19,79.2,17.9,96.6,0,stable
414,20,79.5,17.8,96.7,0,stable
414,21,79.2,18.1,96.7,0,stable
414,22,80.2,18.1,96.7,0,stable
414,23,79.7,18.0,96.5,0,stable
414,24,79.9,17.9,96.3,0,stable
415,1,88.5,14.3,95.9,0,stable
415,2,89.8,14.4,96.0,0,stable
415,3,89.0,14.0,96.3,0,stable
415,4,90.6,14.4,96.1,0,stable
415,5,90.5,14.4,96.0,0,stable
415,6,91.0,14.4,95.9,0,stable
415,7,91.9,14.8,95.8,0,stable
415,8,91.8,14.6,96.0,0,stable
415,9,92.3,14.2,96.1,0,stable
415,10,91.8,14.3,96.3,0,stable
415,11,91.0,14.9,96.2,0,stable
415,12,90.6,14.6,96.2,0,stable
415,13,90.3,14.5,96.4,0,stable
415,14,90.5,14.6,96.4,0,stable
415,15,91.3,14.7,96.3,0,stable
415,16,90.8,14.6,96.1,0,stable
415,17,90.6,14.3,96.1,0,stable
415,18,90.4,14.2,96.2,0,stable
415,19,91.1,14.1,95.9,0,stable
415,20,91.5,14.1,96.1,0,stable
415,21,92.0,14.5,96.0,0,stable
415,22,91.6,14.3,96.4,0,stable
415,23,91.5,14.0,96.3,0,stable
415,24,92.0,13.7,96.3,0,stable
416,1,85.9,14.8,96.1,0,stable
416,2,85.2,14.5,96.1,0,stable
416,3,86.7,14.6,96.2,0,stable
416,4,86.4,15.1,96.2,0,stable
416,5,86.0,15.0,95.9,0,stable
416,6,87.1,14.9,95.7,0,stable
416,7,86.4,15.0,95.9,0,stable
416,8,87.9,14.7,95.8,0,stable
416,9,87.7,14.5,96.0,0,stable
416,10,87.7,14.1,95.9,0,stable
416,11,88.6,14.5,95.9,0,stable
416,12,86.7,14.7,96.1,0,stable
416,13,85.7,14.8,96.2,0,stable
416,14,86.6,15.1,96.2,0,stable
416,15,87.8,14.9,95.9,0,stable
416,16,88.0,14.7,95.9,0,stable
416,17,87.3,14.3,96.1,0,stable
416,18,87.6,14.4,96.1,0,stable
416,19,87.3,14.8,96.0,0,stable
416,20,87.0,14.9,96.1,0,stable
416,21,88.3,14.9,96.1,0,stable
416,22,87.4,15.0,95.9,0,stable
416,23,87.2,15.0,96.0,0,stable
416,24,88.0,15.4,96.2,0,stable
417,1,79.7,16.9,97.7,0,stable
417,2,80.0,16.8,97.8,0,stable
417,3,80.4,16.2,98.0,0,stable
417,4,80.2,16.3,98.0,0,stable
417,5,80.2,16.3,97.9,0,stable
417,6,80.6,16.2,97.8,0,stable
417,7,80.5,16.0,97.9,0,stable
417,8,79.7,16.4,98.0,0,stable
417,9,81.1,16.0,98.1,0,stable
417,10,80.9,16.0,98.3,0,stable
417,11,81.7,16.2,98.5,0,stable
417,12,81.3,16.5,98.4,0,stable
417,13,81.2,16.3,98.4,0,stable
417,14,80.2,16.0,98.3,0,stable
417,15,81.0,16.1,98.5,0,stable
417,16,79.4,16.2,98.3,0,stable
417,17,79.1,16.0,98.1,0,stable
417,18,79.6,16.1,98.2,0,stable
417,19,81.0,16.1,98.2,0,stable
417,20,80.9,16.0,98.2,0,stable
417,21,81.4,16.0,98.1,0,stable
417,22,79.9,16.3,98.1,0,stable
417,23,81.4,15.7,98.3,0,stable
417,24,81.2,16.0,98.1,0,stable
418,1,72.3,18.6,98.1,0,stable
418,2,71.9,18.7,97.9,0,stable
418,3,71.9,18.4,98.1,0,stable
418,4,71.8,17.9,98.1,0,stable
418,5,71.9,17.5,97.9,0,stable
418,6,72.1,17.8,97.9,0,stable
418,7,70.9,17.8,98.0,0,stable
418,8,71.5,17.4,97.8,0,stable
418,9,71.6,17.1,98.0,0,stable
418,10,70.6,16.8,98.0,0,stable
418,11,71.1,17.1,97.9,0,stable
418,12,72.2,17.5,97.7,0,stable
418,13,71.4,17.5,97.8,0,stable
418,14,71.5,17.5,97.8,0,stable
418,15,70.4,17.5,97.8,0,stable
418,16,70.7,17.4,97.7,0,stable
418,17,72.2,17.2,97.7,0,stable
418,18,72.1,17.0,97.8,0,stable
418,19,73.1,17.3,97.7,0,stable
418,20,72.1,17.3,97.9,0,stable
418,21,72.5,17.1,98.0,0,stable
418,22,72.7,17.4,97.9,0,stable
418,23,73.2,17.8,97.9,0,stable
418,24,74.0,17.8,98.0,0,stable
419,1,79.9,16.2,96.1,0,stable
419,2,80.2,16.3,96.1,0,stable
419,3,78.7,16.3,96.1,0,stable
419,4,77.8,16.2,96.3,0,stable
419,5,78.6,16.5,96.2,0,stable
419,6,78.4,15.8,96.3,0,stable
419,7,79.7,16.1,96.4,0,stable
419,8,80.1,16.3,96.5,0,stable
419,9,78.7,16.7,96.4,0,stable
419,10,79.1,17.0,96.6,0,stable
419,11,80.3,16.7,96.7,0,stable
419,12,80.9,16.8,96.6,0,stable
419,13,80.4,17.0,96.4,0,stable
419,14,79.7,17.2,96.2,0,stable
419,15,78.7,17.0,96.4,0,stable
419,16,78.8,16.9,96.5,0,stable
419,17,80.3,16.7,96.5,0,stable
419,18,79.1,16.6,96.6,0,stable
419,19,78.4,16.8,96.5,0,stable
419,20,77.5,16.6,96.4,0,stable
419,21,78.5,16.8,96.3,0,stable
419,22,78.1,16.6,96.2,0,stable
419,23,78.4,16.1,96.1,0,stable
419,24,78.4,16.0,96.2,0,stable
420,1,80.2,15.3,98.2,0,stable
420,2,78.6,15.0,98.3,0,stable
420,3,79.5,14.6,98.4,0,stable
420,4,80.2,14.6,98.2,0,stable
420,5,79.8,14.4,98.2,0,stable
420,6,79.1,14.5,98.2,0,stable
420,7,78.6,14.2,98.0,0,stable
420,8,79.1,14.6,97.9,0,stable
420,9,79.2,14.0,97.9,0,stable
420,10,78.4,14.3,98.1,0,stable
420,11,77.7,14.0,98.3,0,stable
420,12,78.5,14.2,98.2,0,stable
420,13,79.4,14.4,98.1,0,stable
420,14,78.3,14.6,98.1,0,stable
420,15,78.8,14.5,98.2,0,stable
420,16,78.3,14.5,98.3,0,stable
420,17,78.4,14.4,98.2,0,stable
420,18,77.4,14.0,98.0,0,stable
420,19,77.5,14.1,98.2,0,stable
420,20,77.5,13.9,98.2,0,stable
420,21,78.5,14.3,98.2,0,stable
420,22,79.6,14.5,98.1,0,stable
420,23,80.3,14.9,98.1,0,stable
420,24,78.9,14.6,98.3,0,stable
421,1,80.2,16.5,97.3,0,stable
421,2,80.6,16.2,97.3,0,stable
421,3,79.8,16.6,97.3,0,stable
421,4,82.3,16.6,97.3,0,stable
421,5,81.6,16.4,97.4,0,stable
421,6,81.2,16.4,97.2,0,stable
421,7,80.7,15.8,97.1,0,stable
421,8,80.4,15.8,97.1,0,stable
421,9,81.0,16.0,97.1,0,stable
421,10,81.8,15.7,97.1,0,stable
421,11,80.2,15.5,96.9,0,stable
421,12,81.4,16.0,97.0,0,stable
421,13,81.1,15.9,97.2,0,stable
421,14,80.5,16.0,97.3,0,stable
421,15,80.9,16.4,97.3,0,stable
421,16,79.9,16.3,97.2,0,stable
421,17,79.5,15.8,97.0,0,stable
421,18,79.1,16.2,97.0,0,stable
421,19,80.3,15.8,97.1,0,stable
421,20,80.6,15.4,97.1,0,stable
421,21,80.4,15.8,97.0,0,stable
421,22,81.2,16.0,97.1,0,stable
421,23,81.6,16.0,97.0,0,stable
421,24,81.0,16.1,96.9,0,stable
422,1,72.1,15.8,96.8,0,stable
422,2,72.7,15.8,96.7,0,stable
422,3,72.4,16.1,96.7,0,stable
422,4,72.2,16.4,96.7,0,stable
422,5,71.7,16.3,96.9,0,stable
422,6,73.6,16.2,97.0,0,stable
422,7,73.8,16.7,96.9,0,stable
422,8,74.3,16.8,97.1,0,stable
422,9,73.0,16.7,97.0,0,stable
422,10,73.6,16.6,97.0,0,stable
422,11,74.2,16.8,96.9,0,stable
422,12,72.1,16.6,96.9,0,stable
422,13,72.8,16.6,97.1,0,stable
422,14,73.3,16.6,97.1,0,stable
422,15,73.1,17.0,96.8,0,stable
422,16,72.4,16.8,96.9,0,stable
422,17,73.1,16.6,96.7,0,stable
422,18,74.1,16.7,96.5,0,stable
422,19,73.9,17.1,96.5,0,stable
422,20,73.5,16.7,96.6,0,stable
422,21,72.3,16.8,96.6,0,stable
422,22,72.9,16.8,96.6,0,stable
422,23,73.6,16.7,96.7,0,stable
422,24,73.1,16.4,96.8,0,stable
423,1,83.5,17.1,96.4,0,stable
423,2,84.7,16.5,96.1,0,stable
423,3,83.1,16.9,96.4,0,stable
423,4,82.9,16.7,96.4,0,stable
423,5,84.4,16.5,96.6,0,stable
423,6,83.6,16.4,96.6,0,stable
423,7,83.0,16.7,96.4,0,stable
423,8,83.8,17.1,96.3,0,stable
423,9,82.8,16.7,96.1,0,stable
423,10,81.4,17.0,95.9,0,stable
423,11,82.0,16.8,96.1,0,stable
423,12,81.7,16.7,96.1,0,stable
423,13,81.2,16.4,96.1,0,stable
423,14,80.6,16.2,96.0,0,stable
423,15,82.4,16.5,96.3,0,stable
423,16,83.0,16.6,96.4,0,stable
423,17,82.8,16.7,96.6,0,stable
423,18,83.6,16.5,96.5,0,stable
423,19,83.0,16.3,96.6,0,stable
423,20,82.4,16.2,96.6,0,stable
423,21,83.7,16.4,96.5,0,stable
423,22,85.1,16.4,96.5,0,stable
423,23,85.3,16.3,96.5,0,stable
423,24,85.3,16.0,96.6,0,stable
424,1,79.7,16.9,96.9,0,stable
424,2,80.4,17.1,97.0,0,stable
424,3,81.5,17.3,97.1,0,stable
424,4,81.4,17.5,97.1,0,stable
424,5,81.9,17.7,97.2,0,stable
424,6,82.1,17.6,97.1,0,stable
424,7,81.1,17.8,96.9,0,stable
424,8,81.9,17.7,96.8,0,stable
424,9,81.9,17.8,96.9,0,stable
424,10,82.2,17.6,96.9,0,stable
424,11,82.2,17.0,97.0,0,stable
424,12,82.9,17.0,97.0,0,stable
424,13,82.8,16.9,97.1,0,stable
424,14,82.6,17.6,97.0,0,stable
424,15,81.0,17.0,97.0,0,stable
424,16,81.0,17.3,97.0,0,stable
424,17,81.8,17.4,96.8,0,stable
424,18,83.5,17.3,96.8,0,stable
424,19,83.8,17.5,96.7,0,stable
424,20,83.5,17.7,96.9,0,stable
424,21,83.1,17.8,96.9,0,stable
424,22,84.1,17.3,97.0,0,stable
424,23,83.6,17.9,97.0,0,stable
424,24,83.2,17.5,97.1,0,stable
425,1,76.0,16.0,96.7,0,stable
425,2,77.6,16.4,96.9,0,stable
425,3,77.8,16.4,97.0,0,stable
425,4,76.9,16.5,97.1,0,stable
425,5,77.5,16.6,97.1,0,stable
425,6,76.7,16.4,97.1,0,stable
425,7,76.8,16.4,97.0,0,stable
425,8,77.5,16.4,96.9,0,stable
425,9,78.4,16.1,97.1,0,stable
425,10,79.1,16.6,97.1,0,stable
425,11,78.8,16.1,96.9,0,stable
425,12,78.2,16.6,96.9,0,stable
425,13,77.3,16.7,96.9,0,stable
425,14,77.9,16.9,96.9,0,stable
425,15,77.8,17.0,97.0,0,stable
425,16,77.7,16.9,97.1,0,stable
425,17,77.7,17.0,97.4,0,stable
425,18,76.8,17.1,97.3,0,stable
425,19,77.2,17.2,97.4,0,stable
425,20,78.0,17.1,97.1,0,stable
425,21,77.9,16.8,97.2,0,stable
425,22,78.8,16.8,97.0,0,stable
425,23,78.9,16.3,97.0,0,stable
425,24,77.1,16.4,97.1,0,stable
426,1,81.0,17.8,96.6,0,stable
426,2,80.7,17.1,96.7,0,stable
426,3,80.2,17.4,96.9,0,stable
426,4,81.6,17.2,97.0,0,stable
426,5,80.4,16.7,96.8,0,stable
426,6,79.1,16.7,97.0,0,stable
426,7,78.4,17.3,96.9,0,stable
426,8,78.9,17.4,96.9,0,stable
426,9,77.8,17.4,96.9,0,stable
426,10,78.1,17.6,97.0,0,stable
426,11,78.7,17.5,97.2,0,stable
426,12,80.1,17.2,97.1,0,stable
426,13,80.6,17.7,97.1,0,stable
426,14,81.0,17.3,97.1,0,stable
426,15,79.9,17.1,97.2,0,stable
426,16,80.7,17.5,97.2,0,stable
426,17,81.4,17.7,97.0,0,stable
426,18,79.5,17.4,97.1,0,stable
426,19,80.4,17.2,97.2,0,stable
426,20,80.5,16.8,97.3,0,stable
426,21,80.9,16.9,97.4,0,stable
426,22,80.7,17.0,97.2,0,stable
426,23,80.8,17.5,97.2,0,stable
426,24,81.1,17.8,97.1,0,stable
427,1,73.2,16.2,99.3,0,stable
427,2,74.6,16.3,99.4,0,stable
427,3,75.8,16.5,99.1,0,stable
427,4,75.9,16.8,99.1,0,stable
427,5,76.0,17.2,99.0,0,stable
427,6,76.4,17.1,99.0,0,stable
427,7,77.5,17.5,99.0,0,stable
427,8,77.2,17.4,98.8,0,stable
427,9,77.2,17.5,99.1,0,stable
427,10,77.0,16.9,98.8,0,stable
427,11,77.0,17.4,99.1,0,stable
427,12,77.2,17.7,99.0,0,stable
427,13,76.5,17.5,98.9,0,stable
427,14,76.1,17.5,99.0,0,stable
427,15,75.4,17.3,99.0,0,stable
427,16,75.0,17.5,98.8,0,stable
427,17,75.3,17.2,98.7,0,stable
427,18,75.3,17.4,98.7,0,stable
427,19,76.1,17.4,98.8,0,stable
427,20,76.0,17.0,98.6,0,stable
427,21,77.1,17.0,98.6,0,stable
427,22,76.4,17.0,98.7,0,stable
427,23,75.4,17.5,98.4,0,stable
427,24,76.8,17.7,98.6,0,stable
428,1,75.3,14.7,96.0,0,stable
428,2,74.8,14.5,95.9,0,stable
428,3,76.0,14.9,96.2,0,stable
428,4,77.4,15.1,96.3,0,stable
428,5,77.2,15.1,96.2,0,stable
428,6,77.4,14.8,96.3,0,stable
428,7,76.3,14.7,96.3,0,stable
428,8,77.0,14.8,96.0,0,stable
428,9,76.4,15.1,96.0,0,stable
428,10,76.4,15.2,96.1,0,stable
428,11,75.1,15.5,95.9,0,stable
428,12,75.7,15.1,96.0,0,stable
428,13,75.8,15.6,96.0,0,stable
428,14,75.8,15.4,96.0,0,stable
428,15,75.6,15.3,96.1,0,stable
428,16,75.4,15.6,96.0,0,stable
428,17,75.9,15.8,96.1,0,stable
428,18,75.1,15.3,96.2,0,stable
428,19,75.9,15.4,96.2,0,stable
428,20,76.1,15.6,95.9,0,stable
428,21,76.8,15.5,95.9,0,stable
428,22,76.8,15.3,95.9,0,stable
428,23,77.9,14.7,95.9,0,stable
428,24,78.2,14.9,96.2,0,stable
429,1,85.2,15.3,97.5,0,stable
429,2,82.9,14.9,97.6,0,stable
429,3,82.8,14.9,97.5,0,stable
429,4,83.0,15.0,97.4,0,stable
429,5,83.8,15.2,97.5,0,stable
429,6,82.8,15.3,97.5,0,stable
429,7,83.5,14.7,97.4,0,stable
429,8,84.1,14.5,97.4,0,stable
429,9,85.3,14.8,97.4,0,stable
429,10,84.8,14.9,97.5,0,stable
429,11,84.3,15.1,97.4,0,stable
429,12,85.1,15.4,97.5,0,stable
429,13,84.4,15.4,97.8,0,stable
429,14,84.4,15.3,98.0,0,stable
429,15,85.1,14.9,97.7,0,stable
429,16,84.6,14.5,97.8,0,stable
429,17,84.3,14.4,97.8,0,stable
429,18,84.5,14.7,97.8,0,stable
429,19,83.5,14.8,97.8,0,stable
429,20,83.0,14.6,98.0,0,stable
429,21,84.1,14.7,98.0,0,stable
429,22,84.1,14.6,97.7,0,stable
429,23,84.6,14.7,97.7,0,stable
429,24,83.9,15.1,97.6,0,stable
430,1,74.2,19.6,97.3,0,stable
430,2,76.3,19.5,97.3,0,stable
430,3,78.7,19.8,97.1,0,stable
430,4,78.6,19.5,97.1,0,stable
430,5,79.6,19.4,97.0,0,stable
430,6,79.1,19.1,97.3,0,stable
430,7,78.8,19.0,97.4,0,stable
430,8,79.0,18.7,97.4,0,stable
430,9,78.4,18.7,97.3,0,stable
430,10,79.7,19.0,97.2,0,stable
430,11,79.4,19.4,97.0,0,stable
430,12,80.0,19.1,96.8,0,stable
430,13,78.1,19.4,96.8,0,stable
430,14,79.5,19.4,97.0,0,stable
430,15,79.4,19.6,97.1,0,stable
430,16,80.2,19.6,97.1,0,stable
430,17,80.1,19.3,97.1,0,stable
430,18,79.6,19.4,97.0,0,stable
430,19,79.1,19.3,97.0,0,stable
430,20,79.5,19.3,97.0,0,stable
430,21,78.9,19.5,97.0,0,stable
430,22,79.4,19.5,96.8,0,stable
430,23,80.0,19.6,96.7,0,stable
430,24,80.5,19.6,96.8,0,stable
431,1,87.6,13.3,97.6,0,stable
431,2,85.0,13.7,97.8,0,stable
431,3,84.6,13.9,98.0,0,stable
431,4,83.0,13.6,98.0,0,stable
431,5,84.4,13.8,97.9,0,stable
431,6,83.0,13.8,97.7,0,stable
431,7,83.0,14.0,97.7,0,stable
431,8,82.2,13.7,97.9,0,stable
431,9,82.1,13.4,97.8,0,stable
431,10,82.8,13.9,98.0,0,stable
431,11,82.9,13.4,97.9,0,stable
431,12,82.2,13.2,97.9,0,stable
431,13,81.3,13.3,98.0,0,stable
431,14,82.0,13.6,98.0,0,stable
431,15,81.8,14.1,97.9,0,stable
431,16,82.5,13.9,97.9,0,stable
431,17,82.1,14.1,98.0,0,stable
431,18,82.9,13.9,98.1,0,stable
431,19,83.9,14.0,97.8,0,stable
431,20,84.1,14.0,98.0,0,stable
431,21,83.6,14.0,98.1,0,stable
431,22,83.6,13.9,98.0,0,stable
431,23,83.8,13.5,97.9,0,stable
431,24,82.2,13.1,97.9,0,stable
432,1,71.9,15.3,97.7,0,stable
432,2,71.5,15.3,97.6,0,stable
432,3,73.5,15.5,97.3,0,stable
432,4,72.8,16.0,97.5,0,stable
432,5,71.6,16.3,97.6,0,stable
432,6,70.7,16.4,97.6,0,stable
432,7,69.8,16.1,97.6,0,stable
432,8,68.2,15.7,97.6,0,stable
432,9,69.7,15.5,97.6,0,stable
432,10,70.8,15.1,97.5,0,stable
432,11,70.4,14.8,97.5,0,stable
432,12,71.2,15.1,97.6,0,stable
432,13,71.7,15.5,97.7,0,stable
432,14,72.6,16.1,97.7,0,stable
432,15,73.0,16.0,97.6,0,stable
432,16,71.7,16.1,97.6,0,stable
432,17,72.5,15.9,97.5,0,stable
432,18,72.4,15.7,97.4,0,stable
432,19,71.9,16.0,97.6,0,stable
432,20,70.1,15.7,97.7,0,stable
432,21,71.5,15.4,97.6,0,stable
432,22,71.0,15.4,97.7,0,stable
432,23,71.5,15.3,97.6,0,stable
432,24,73.0,15.2,97.5,0,stable
433,1,85.9,14.3,97.7,0,stable
433,2,85.7,14.2,97.9,0,stable
433,3,85.1,14.4,97.7,0,stable
433,4,85.0,14.5,97.7,0,stable
433,5,84.9,14.0,97.7,0,stable
433,6,84.8,13.8,97.9,0,stable
433,7,85.0,14.1,97.9,0,stable
433,8,85.3,14.3,98.0,0,stable
433,9,85.3,14.7,98.0,0,stable
433,10,84.8,14.9,97.9,0,stable
433,11,85.0,15.0,97.8,0,stable
433,12,85.8,15.0,97.9,0,stable
433,13,84.4,14.8,98.1,0,stable
433,14,85.7,15.0,98.1,0,stable
433,15,83.9,14.7,98.0,0,stable
433,16,83.7,14.5,98.0,0,stable
433,17,83.9,14.4,97.9,0,stable
433,18,84.8,14.6,97.9,0,stable
433,19,82.9,14.3,97.7,0,stable
433,20,83.8,14.7,97.7,0,stable
433,21,84.5,14.3,97.8,0,stable
433,22,84.3,14.3,97.9,0,stable
433,23,83.8,14.1,98.0,0,stable
433,24,84.5,14.8,97.8,0,stable
434,1,69.2,16.0,97.6,0,stable
434,2,68.8,15.6,97.6,0,stable
434,3,69.2,15.3,97.5,0,stable
434,4,68.7,15.5,97.3,0,stable
434,5,68.0,14.7,97.2,0,stable
434,6,68.1,14.9,97.3,0,stable
434,7,68.5,15.1,97.3,0,stable
434,8,66.4,15.8,97.4,0,stable
434,9,67.6,16.0,97.2,0,stable
434,10,69.2,15.7,97.1,0,stable
434,11,69.2,16.1,97.1,0,stable
434,12,69.9,15.9,96.9,0,stable
434,13,69.6,15.5,97.3,0,stable
434,14,68.7,16.0,97.1,0,stable
434,15,69.0,15.8,97.3,0,stable
434,16,68.8,15.6,97.1,0,stable
434,17,68.7,15.5,97.2,0,stable
434,18,69.2,15.7,97.1,0,stable
434,19,67.6,15.8,97.1,0,stable
434,20,67.3,16.0,97.0,0,stable
434,21,68.1,15.9,97.2,0,stable
434,22,69.8,15.6,97.1,0,stable
434,23,68.9,15.4,97.1,0,stable
434,24,68.8,15.2,97.3,0,stable
435,1,69.8,17.7,98.9,0,stable
435,2,69.5,17.5,98.8,0,stable
435,3,68.4,16.9,98.8,0,stable
435,4,69.1,17.0,98.9,0,stable
435,5,69.2,17.7,99.1,0,stable
435,6,69.0,17.1,99.1,0,stable
435,7,68.1,17.1,99.0,0,stable
435,8,68.7,17.0,98.9,0,stable
435,9,68.1,16.8,98.8,0,stable
435,10,67.1,16.8,98.8,0,stable
435,11,66.6,16.7,98.9,0,stable
435,12,67.5,17.2,98.9,0,stable
435,13,68.1,17.2,99.0,0,stable
435,14,68.0,17.0,99.1,0,stable
435,15,67.9,17.2,99.3,0,stable
435,16,67.1,17.3,99.1,0,stable
435,17,67.4,17.1,99.1,0,stable
435,18,65.9,17.2,99.0,0,stable
435,19,66.9,17.1,98.9,0,stable
435,20,67.2,17.2,98.8,0,stable
435,21,66.2,17.2,98.9,0,stable
435,22,66.9,17.4,99.2,0,stable
435,23,67.0,17.5,99.2,0,stable
435,24,66.1,17.4,98.9,0,stable
436,1,64.9,16.1,96.4,0,stable
436,2,66.3,15.3,96.3,0,stable
436,3,67.1,15.3,96.6,0,stable
436,4,68.1,14.9,96.6,0,stable
436,5,68.8,14.5,96.5,0,stable
436,6,69.0,14.7,96.3,0,stable
436,7,68.4,15.0,96.4,0,stable
436,8,68.9,15.0,96.6,0,stable
436,9,68.4,14.8,96.4,0,stable
436,10,68.5,14.9,96.7,0,stable
436,11,68.5,15.1,96.6,0,stable
436,12,68.2,15.1,96.7,0,stable
436,13,68.1,14.8,96.7,0,stable
436,14,68.2,14.9,96.8,0,stable
436,15,68.5,14.7,96.9,0,stable
436,16,68.7,14.9,96.8,0,stable
436,17,67.7,15.2,96.6,0,stable
436,18,68.9,14.7,96.9,0,stable
436,19,68.8,14.8,97.0,0,stable
436,20,68.9,14.8,97.1,0,stable
436,21,69.4,15.0,97.3,0,stable
436,22,70.3,14.6,97.0,0,stable
436,23,68.8,15.1,96.7,0,stable
436,24,68.2,14.8,96.8,0,stable
437,1,79.9,14.5,97.8,0,stable
437,2,78.8,14.6,97.8,0,stable
437,3,78.5,14.6,97.9,0,stable
437,4,78.1,14.7,97.8,0,stable
437,5,78.7,15.0,97.8,0,stable
437,6,78.4,14.8,97.7,0,stable
437,7,78.3,14.7,97.6,0,stable
437,8,78.9,15.1,97.6,0,stable
437,9,79.9,15.5,97.7,0,stable
437,10,79.5,15.2,97.5,0,stable
437,11,76.9,15.0,97.5,0,stable
437,12,78.0,15.4,97.7,0,stable
437,13,78.5,15.5,97.8,0,stable
437,14,77.8,15.4,97.7,0,stable
437,15,78.0,15.6,97.8,0,stable
437,16,80.1,15.7,97.6,0,stable
437,17,80.6,15.7,97.6,0,stable
437,18,78.9,16.2,97.7,0,stable
437,19,79.0,16.2,97.8,0,stable
437,20,77.9,15.8,97.6,0,stable
437,21,78.3,15.8,97.3,0,stable
437,22,78.6,16.3,97.5,0,stable
437,23,77.7,15.7,97.6,0,stable
437,24,79.6,15.3,97.4,0,stable
438,1,82.8,17.9,96.0,0,stable
438,2,82.1,17.9,95.9,0,stable
438,3,82.2,17.6,96.0,0,stable
438,4,81.9,17.6,96.0,0,stable
438,5,81.9,17.6,95.9,0,stable
438,6,82.8,17.4,95.8,0,stable
438,7,82.3,17.7,95.9,0,stable
438,8,82.7,17.3,96.0,0,stable
438,9,82.9,17.2,95.9,0,stable
438,10,82.9,17.5,95.8,0,stable
438,11,84.0,17.8,95.8,0,stable
438,12,82.6,18.0,95.9,0,stable
438,13,82.5,18.2,95.9,0,stable
438,14,82.4,17.8,96.0,0,stable
438,15,82.9,17.9,96.0,0,stable
438,16,83.1,17.1,96.0,0,stable
438,17,82.4,16.9,95.9,0,stable
438,18,82.6,17.4,96.0,0,stable
438,19,82.3,17.6,96.0,0,stable
438,20,83.5,17.6,95.9,0,stable
438,21,82.0,17.3,96.0,0,stable
438,22,81.2,17.7,96.0,0,stable
438,23,82.7,17.7,95.8,0,stable
438,24,81.7,17.9,95.9,0,stable
439,1,73.0,17.7,96.6,0,stable
439,2,73.7,18.4,96.7,0,stable
439,3,73.4,18.2,96.7,0,stable
439,4,73.5,18.0,96.6,0,stable
439,5,73.0,17.9,96.6,0,stable
439,6,72.4,18.3,96.6,0,stable
439,7,71.9,18.2,96.9,0,stable
439,8,73.1,17.9,96.9,0,stable
439,9,73.1,18.3,97.0,0,stable
439,10,73.1,18.4,96.7,0,stable
439,11,74.5,18.4,96.8,0,stable
439,12,72.5,18.7,96.8,0,stable
439,13,72.4,18.8,96.9,0,stable
439,14,71.8,18.9,96.8,0,stable
439,15,73.5,18.5,96.7,0,stable
439,16,74.0,18.5,96.8,0,stable
439,17,72.9,18.2,96.9,0,stable
439,18,73.4,18.2,96.9,0,stable
439,19,73.4,17.9,96.8,0,stable
439,20,72.5,18.3,96.8,0,stable
439,21,72.0,18.5,96.8,0,stable
439,22,72.5,18.5,96.7,0,stable
439,23,71.9,18.8,96.9,0,stable
439,24,71.8,18.7,96.8,0,stable
440,1,80.8,16.1,96.3,0,stable
440,2,80.1,16.0,96.6,0,stable
440,3,81.3,15.9,96.5,0,stable
440,4,81.1,16.1,96.4,0,stable
440,5,80.9,16.4,96.4,0,stable
440,6,79.5,16.1,96.6,0,stable
440,7,80.0,16.1,96.5,0,stable
440,8,79.5,16.2,96.2,0,stable
440,9,78.5,15.7,96.2,0,stable
440,10,77.9,15.8,96.4,0,stable
440,11,77.6,15.7,96.3,0,stable
440,12,78.4,15.4,96.3,0,stable
440,13,78.5,15.7,96.4,0,stable
440,14,79.7,15.3,96.4,0,stable
440,15,78.4,15.1,96.3,0,stable
440,16,79.1,15.3,96.3,0,stable
440,17,79.5,15.3,96.4,0,stable
440,18,78.9,15.4,96.4,0,stable
440,19,79.1,15.4,96.5,0,stable
440,20,79.9,15.3,96.4,0,stable
440,21,80.2,15.4,96.4,0,stable
440,22,80.3,15.4,96.3,0,stable
440,23,80.3,15.5,96.4,0,stable
440,24,79.3,15.6,96.4,0,stable
441,1,74.6,14.0,97.7,0,stable
441,2,75.0,13.5,97.5,0,stable
441,3,75.4,13.3,97.3,0,stable
441,4,76.1,13.4,97.4,0,stable
441,5,77.8,13.2,97.5,0,stable
441,6,75.3,13.6,97.8,0,stable
441,7,76.9,13.6,97.6,0,stable
441,8,77.5,13.5,97.6,0,stable
441,9,76.0,13.1,97.6,0,stable
441,10,76.8,12.5,97.5,0,stable
441,11,76.3,12.5,97.6,0,stable
441,12,76.2,12.8,97.5,0,stable
441,13,77.0,12.9,97.4,0,stable
441,14,74.2,12.6,97.3,0,stable
441,15,75.0,12.7,97.5,0,stable
441,16,75.6,12.8,97.5,0,stable
441,17,75.7,12.9,97.7,0,stable
441,18,76.5,13.4,97.5,0,stable
441,19,76.9,13.1,97.5,0,stable
441,20,75.7,13.2,97.3,0,stable
441,21,76.3,13.0,97.1,0,stable
441,22,76.1,13.0,97.3,0,stable
441,23,76.6,13.2,97.5,0,stable
441,24,74.9,12.9,97.3,0,stable
442,1,72.3,14.5,99.2,0,stable
442,2,73.9,14.6,99.3,0,stable
442,3,73.7,14.6,99.3,0,stable
442,4,75.2,14.9,99.2,0,stable
442,5,75.9,14.9,99.4,0,stable
442,6,76.0,15.0,99.5,0,stable
442,7,75.4,14.6,99.4,0,stable
442,8,75.1,14.1,99.1,0,stable
442,9,75.5,14.7,99.1,0,stable
442,10,75.0,14.7,99.0,0,stable
442,11,74.7,14.6,99.2,0,stable
442,12,75.4,14.6,99.0,0,stable
442,13,74.2,14.2,99.0,0,stable
442,14,74.9,14.2,99.1,0,stable
442,15,76.9,14.4,99.0,0,stable
442,16,76.4,14.5,98.8,0,stable
442,17,76.4,15.2,98.9,0,stable
442,18,75.6,14.7,99.1,0,stable
442,19,74.5,14.5,99.2,0,stable
442,20,75.4,15.0,99.1,0,stable
442,21,75.5,14.9,99.4,0,stable
442,22,74.0,15.1,99.3,0,stable
442,23,73.5,14.9,99.2,0,stable
442,24,73.9,15.1,99.1,0,stable
443,1,77.9,18.9,97.3,0,stable
443,2,77.5,19.2,97.6,0,stable
443,3,77.1,19.1,97.6,0,stable
443,4,76.1,19.0,97.9,0,stable
443,5,76.4,19.3,97.7,0,stable
443,6,75.8,19.5,97.7,0,stable
443,7,74.2,19.6,97.9,0,stable
443,8,74.5,19.4,97.8,0,stable
443,9,75.0,19.6,97.8,0,stable
443,10,74.2,19.7,97.9,0,stable
443,11,73.4,19.4,97.8,0,stable
443,12,74.0,19.6,97.8,0,stable
443,13,74.0,19.5,97.8,0,stable
443,14,74.4,19.9,98.0,0,stable
443,15,76.0,19.8,98.0,0,stable
443,16,75.5,19.3,97.9,0,stable
443,17,77.1,19.4,97.9,0,stable
443,18,77.5,19.6,97.9,0,stable
443,19,77.8,19.1,97.7,0,stable
443,20,76.6,19.3,97.8,0,stable
443,21,76.0,19.8,97.6,0,stable
443,22,76.7,20.5,97.7,0,stable
443,23,76.0,20.2,97.4,0,stable
443,24,76.3,19.3,97.7,0,stable
444,1,74.7,14.4,97.7,0,stable
444,2,74.4,14.5,97.7,0,stable
444,3,74.7,15.0,97.7,0,stable
444,4,74.2,14.7,97.5,0,stable
444,5,74.0,15.0,97.4,0,stable
444,6,72.5,15.2,97.4,0,stable
444,7,73.5,15.0,97.5,0,stable
444,8,76.0,15.4,97.6,0,stable
444,9,76.8,15.6,97.7,0,stable
444,10,76.8,15.5,97.6,0,stable
444,11,77.5,15.4,97.5,0,stable
444,12,77.5,14.8,97.5,0,stable
444,13,77.3,15.0,97.4,0,stable
444,14,77.4,15.3,97.3,0,stable
444,15,76.2,15.4,97.2,0,stable
444,16,75.1,15.3,97.3,0,stable
444,17,75.9,15.2,97.4,0,stable
444,18,74.4,15.3,97.2,0,stable
444,19,76.7,15.2,97.3,0,stable
444,20,76.9,15.3,97.0,0,stable
444,21,76.2,15.3,97.5,0,stable
444,22,76.2,15.0,97.6,0,stable
444,23,76.9,15.1,97.5,0,stable
444,24,78.2,15.1,97.5,0,stable
445,1,81.7,17.7,99.0,0,stable
445,2,80.6,17.4,98.9,0,stable
445,3,81.2,17.3,98.9,0,stable
445,4,79.9,17.4,98.9,0,stable
445,5,80.6,17.5,98.7,0,stable
445,6,80.2,17.4,98.8,0,stable
445,7,78.6,17.1,98.8,0,stable
445,8,78.0,17.5,98.7,0,stable
445,9,78.1,17.4,98.6,0,stable
445,10,78.4,17.1,98.7,0,stable
445,11,77.8,17.0,98.7,0,stable
445,12,77.6,17.0,99.0,0,stable
445,13,77.1,16.9,98.7,0,stable
445,14,78.1,16.9,98.6,0,stable
445,15,77.8,16.8,98.6,0,stable
445,16,78.3,17.0,98.7,0,stable
445,17,76.9,16.6,98.3,0,stable
445,18,78.3,16.8,98.6,0,stable
445,19,78.6,16.7,98.5,0,stable
445,20,78.9,17.2,98.6,0,stable
445,21,78.9,16.7,98.5,0,stable
445,22,77.8,16.7,98.3,0,stable
445,23,78.6,16.7,98.7,0,stable
445,24,79.0,17.1,98.6,0,stable
446,1,80.3,15.5,97.7,0,stable
446,2,81.2,15.9,97.5,0,stable
446,3,82.3,16.2,97.2,0,stable
446,4,81.3,16.3,97.2,0,stable
446,5,81.5,16.5,97.2,0,stable
446,6,83.1,17.0,97.3,0,stable
446,7,83.6,16.6,97.2,0,stable
446,8,82.4,16.4,97.3,0,stable
446,9,83.9,16.3,97.5,0,stable
446,10,83.8,16.3,97.5,0,stable
446,11,82.7,16.6,97.5,0,stable
446,12,84.2,16.2,97.6,0,stable
446,13,83.3,16.6,97.8,0,stable
446,14,82.4,16.6,97.7,0,stable
446,15,83.2,16.9,97.6,0,stable
446,16,82.4,16.6,97.6,0,stable
446,17,83.1,16.1,97.5,0,stable
446,18,81.2,16.1,97.5,0,stable
446,19,81.2,16.4,97.5,0,stable
446,20,82.0,16.5,97.5,0,stable
446,21,82.7,16.1,97.7,0,stable
446,22,83.3,16.4,97.7,0,stable
446,23,83.6,16.8,97.7,0,stable
446,24,82.4,17.1,97.5,0,stable
447,1,71.9,16.8,97.5,0,stable
447,2,71.9,16.2,97.6,0,stable
447,3,71.6,16.4,97.6,0,stable
447,4,70.1,16.3,97.5,0,stable
447,5,70.6,16.1,97.3,0,stable
447,6,71.4,16.3,97.4,0,stable
447,7,71.7,16.4,97.5,0,stable
447,8,70.5,16.2,97.1,0,stable
447,9,70.4,16.0,97.3,0,stable
447,10,70.8,16.2,97.5,0,stable
447,11,72.5,16.1,97.8,0,stable
447,12,72.5,15.9,97.7,0,stable
447,13,71.0,16.1,97.7,0,stable
447,14,70.9,16.3,97.5,0,stable
447,15,70.7,16.3,97.5,0,stable
447,16,71.4,16.2,97.5,0,stable
447,17,72.4,16.5,97.5,0,stable
447,18,72.7,16.0,97.5,0,stable
447,19,72.6,16.0,97.6,0,stable
447,20,72.5,16.1,97.6,0,stable
447,21,71.6,16.2,97.9,0,stable
447,22,71.2,16.1,97.6,0,stable
447,23,71.1,16.4,97.7,0,stable
447,24,72.1,16.5,97.6,0,stable
448,1,82.0,17.5,97.0,0,stable
448,2,83.3,17.4,96.9,0,stable
448,3,83.7,17.7,96.8,0,stable
448,4,82.8,17.4,96.8,0,stable
448,5,81.6,17.5,96.6,0,stable
448,6,83.4,17.4,96.6,0,stable
448,7,83.8,17.5,96.6,0,stable
448,8,82.8,17.8,96.6,0,stable
448,9,80.8,17.6,96.6,0,stable
448,10,81.9,17.4,96.5,0,stable
448,11,81.5,17.3,96.5,0,stable
448,12,82.5,17.6,96.6,0,stable
448,13,82.1,17.9,96.5,0,stable
448,14,81.9,17.9,96.6,0,stable
448,15,82.0,17.6,96.6,0,stable
448,16,82.4,17.2,96.7,0,stable
448,17,82.6,17.4,96.7,0,stable
448,18,81.9,17.4,96.5,0,stable
448,19,81.7,17.4,96.5,0,stable
448,20,81.0,17.2,96.6,0,stable
448,21,81.5,17.5,96.7,0,stable
448,22,82.0,17.5,96.7,0,stable
448,23,81.7,18.0,96.9,0,stable
448,24,81.7,17.8,96.9,0,stable
449,1,90.3,16.9,96.5,0,stable
449,2,90.0,17.0,96.6,0,stable
449,3,89.4,17.3,96.7,0,stable
449,4,89.9,17.6,96.8,0,stable
449,5,90.7,18.0,96.7,0,stable
449,6,90.4,18.4,96.5,0,stable
449,7,89.9,18.3,96.4,0,stable
449,8,91.0,18.5,96.5,0,stable
449,9,89.8,18.1,96.6,0,stable
449,10,90.6,18.1,96.8,0,stable
449,11,89.9,18.6,96.9,0,stable
449,12,88.9,18.4,97.1,0,stable
449,13,90.1,18.3,96.9,0,stable
449,14,90.5,18.6,96.9,0,stable
449,15,91.6,18.3,96.9,0,stable
449,16,91.1,18.1,96.8,0,stable
449,17,90.3,18.3,96.9,0,stable
449,18,89.6,18.0,96.7,0,stable
449,19,89.3,18.4,96.6,0,stable
449,20,90.1,18.5,96.6,0,stable
449,21,89.1,18.5,96.8,0,stable
449,22,90.2,18.7,96.6,0,stable
449,23,89.3,18.6,96.5,0,stable
449,24,89.0,19.0,96.4,0,stable
450,1,62.6,14.8,97.3,0,stable
450,2,62.9,15.2,97.6,0,stable
450,3,63.2,15.1,97.8,0,stable
450,4,62.8,15.2,98.0,0,stable
450,5,61.8,15.0,97.9,0,stable
450,6,62.8,14.9,98.0,0,stable
450,7,63.6,14.8,98.0,0,stable
450,8,64.6,14.8,98.1,0,stable
450,9,62.6,14.9,98.0,0,stable
450,10,63.0,14.6,98.1,0,stable
450,11,64.2,14.8,97.8,0,stable
450,12,63.5,15.2,97.7,0,stable
450,13,64.1,15.1,98.0,0,stable
450,14,64.5,15.4,98.1,0,stable
450,15,66.2,14.9,97.9,0,stable
450,16,63.9,14.6,98.0,0,stable
450,17,63.6,14.7,98.0,0,stable
450,18,63.6,14.6,97.9,0,stable
450,19,64.0,14.8,97.8,0,stable
450,20,64.7,14.3,97.8,0,stable
450,21,63.6,14.2,97.9,0,stable
450,22,63.4,14.4,97.9,0,stable
450,23,62.9,14.4,97.9,0,stable
450,24,62.8,13.9,98.0,0,stable
451,1,77.4,16.0,97.9,0,stable
451,2,77.3,16.2,97.5,0,stable
451,3,78.0,16.4,97.3,0,stable
451,4,77.8,16.5,97.3,0,stable
451,5,78.6,16.8,97.3,0,stable
451,6,78.8,16.6,97.3,0,stable
451,7,76.8,16.5,97.4,0,stable
451,8,78.7,16.8,97.4,0,stable
451,9,78.3,16.8,97.2,0,stable
451,10,79.1,16.9,97.1,0,stable
451,11,80.6,16.9,97.0,0,stable
451,12,80.6,16.7,97.1,0,stable
451,13,80.6,16.3,97.1,0,stable
451,14,79.5,16.4,97.0,0,stable
451,15,79.9,16.4,97.0,0,stable
451,16,79.9,16.2,97.0,0,stable
451,17,79.8,15.9,97.0,0,stable
451,18,80.2,16.3,97.1,0,stable
451,19,80.4,16.3,97.3,0,stable
451,20,79.6,16.6,97.3,0,stable
451,21,80.8,16.2,97.1,0,stable
451,22,80.0,16.3,97.3,0,stable
451,23,79.8,16.3,97.1,0,stable
451,24,80.2,16.7,97.3,0,stable
452,1,82.6,15.9,97.0,0,stable
452,2,82.8,15.7,96.9,0,stable
452,3,82.3,15.5,97.0,0,stable
452,4,80.8,15.4,96.9,0,stable
452,5,80.6,14.9,96.8,0,stable
452,6,81.2,14.9,96.6,0,stable
452,7,81.7,14.9,96.6,0,stable
452,8,81.1,14.9,96.4,0,stable
452,9,81.3,15.1,96.6,0,stable
452,10,81.3,15.1,96.5,0,stable
452,11,81.8,15.3,96.7,0,stable
452,12,81.8,14.8,96.6,0,stable
452,13,82.5,15.0,96.7,0,stable
452,14,82.6,15.2,96.6,0,stable
452,15,80.5,15.3,96.6,0,stable
452,16,80.0,15.8,96.5,0,stable
452,17,81.0,15.3,96.9,0,stable
452,18,79.7,14.9,96.8,0,stable
452,19,80.6,15.1,96.6,0,stable
452,20,79.2,15.2,96.8,0,stable
452,21,79.2,14.8,96.9,0,stable
452,22,80.5,14.8,97.2,0,stable
452,23,81.0,15.1,97.1,0,stable
452,24,80.1,15.6,96.8,0,stable
453,1,83.0,15.0,97.2,0,stable
453,2,83.3,14.6,97.1,0,stable
453,3,83.4,14.7,97.3,0,stable
453,4,82.3,14.5,97.3,0,stable
453,5,81.5,13.9,97.5,0,stable
453,6,81.7,14.1,97.6,0,stable
453,7,82.0,14.1,97.6,0,stable
453,8,81.2,14.3,97.4,0,stable
453,9,80.3,14.3,97.4,0,stable
453,10,79.0,14.2,97.5,0,stable
453,11,80.1,14.0,97.5,0,stable
453,12,79.7,14.0,97.5,0,stable
453,13,79.9,14.8,97.4,0,stable
453,14,80.8,14.4,97.3,0,stable
453,15,80.2,14.7,97.5,0,stable
453,16,80.6,14.3,97.4,0,stable
453,17,80.4,14.0,97.4,0,stable
453,18,81.2,13.7,97.3,0,stable
453,19,80.2,14.0,97.2,0,stable
453,20,81.1,14.1,97.3,0,stable
453,21,81.6,14.2,97.3,0,stable
453,22,82.7,14.1,97.2,0,stable
453,23,82.2,14.2,97.3,0,stable
453,24,83.0,14.3,97.5,0,stable
454,1,82.7,16.6,98.9,0,stable
454,2,82.7,16.0,98.7,0,stable
454,3,82.2,16.4,98.7,0,stable
454,4,81.7,16.3,98.7,0,stable
454,5,81.9,16.2,98.6,0,stable
454,6,83.0,16.3,98.8,0,stable
454,7,84.4,15.9,98.6,0,stable
454,8,84.5,16.1,98.7,0,stable
454,9,82.9,15.9,98.6,0,stable
454,10,82.8,16.2,98.7,0,stable
454,11,81.7,16.2,98.5,0,stable
454,12,82.7,16.7,98.4,0,stable
454,13,82.5,16.5,98.3,0,stable
454,14,83.3,16.2,98.6,0,stable
454,15,84.0,16.6,98.5,0,stable
454,16,84.3,16.5,98.8,0,stable
454,17,84.3,16.6,98.9,0,stable
454,18,83.0,16.7,98.8,0,stable
454,19,82.9,16.3,98.7,0,stable
454,20,84.0,15.9,98.6,0,stable
454,21,83.0,16.0,98.5,0,stable
454,22,84.3,16.2,98.4,0,stable
454,23,83.1,16.5,98.6,0,stable
454,24,83.8,16.3,98.6,0,stable
455,1,72.8,16.4,98.5,0,stable
455,2,72.4,16.2,98.4,0,stable
455,3,72.6,15.8,98.2,0,stable
455,4,72.2,15.7,98.2,0,stable
455,5,72.0,15.7,98.2,0,stable
455,6,71.9,15.7,98.1,0,stable
455,7,71.6,16.0,98.1,0,stable
455,8,71.9,16.3,98.1,0,stable
455,9,70.6,16.4,98.2,0,stable
455,10,70.2,16.0,98.1,0,stable
455,11,70.8,16.2,98.0,0,stable
455,12,71.8,16.0,97.9,0,stable
455,13,72.7,16.0,98.1,0,stable
455,14,73.3,15.6,98.0,0,stable
455,15,72.7,15.5,98.0,0,stable
455,16,73.3,15.6,98.1,0,stable
455,17,73.6,15.5,98.1,0,stable
455,18,72.7,15.6,98.2,0,stable
455,19,71.4,15.7,98.2,0,stable
455,20,72.9,15.7,98.2,0,stable
455,21,73.9,15.6,98.1,0,stable
455,22,72.1,15.4,97.8,0,stable
455,23,71.8,15.4,97.9,0,stable
455,24,72.7,15.8,98.1,0,stable
456,1,70.5,17.2,98.3,0,stable
456,2,71.2,17.2,98.2,0,stable
456,3,73.2,17.7,98.3,0,stable
456,4,73.8,17.6,98.5,0,stable
456,5,73.4,17.0,98.5,0,stable
456,6,72.4,17.1,98.5,0,stable
456,7,73.7,17.3,98.2,0,stable
456,8,73.0,16.7,98.4,0,stable
456,9,72.5,17.1,98.3,0,stable
456,10,72.5,16.9,98.4,0,stable
456,11,73.5,17.0,98.4,0,stable
456,12,74.0,17.2,98.4,0,stable
456,13,73.4,16.5,98.5,0,stable
456,14,73.8,16.3,98.5,0,stable
456,15,74.1,16.3,98.2,0,stable
456,16,74.5,16.4,98.2,0,stable
456,17,73.1,16.2,98.2,0,stable
456,18,74.2,16.4,98.3,0,stable
456,19,73.8,16.6,98.3,0,stable
456,20,74.2,16.4,98.3,0,stable
456,21,74.1,16.3,98.2,0,stable
456,22,73.9,16.5,98.2,0,stable
456,23,73.1,16.5,98.1,0,stable
456,24,73.8,16.4,98.5,0,stable
457,1,81.2,17.7,96.8,0,stable
457,2,81.1,17.8,96.5,0,stable
457,3,80.0,17.7,96.5,0,stable
457,4,80.1,17.6,96.4,0,stable
457,5,80.2,17.1,96.3,0,stable
457,6,80.0,17.4,96.5,0,stable
457,7,81.0,17.0,96.4,0,stable
457,8,80.5,17.4,96.7,0,stable
457,9,80.3,17.8,96.5,0,stable
457,10,81.2,17.6,96.4,0,stable
457,11,82.6,17.2,96.7,0,stable
457,12,82.7,17.4,96.8,0,stable
457,13,81.9,17.2,96.7,0,stable
457,14,81.7,17.0,96.7,0,stable
457,15,82.6,17.0,96.8,0,stable
457,16,82.6,16.9,96.7,0,stable
457,17,81.4,17.6,96.7,0,stable
457,18,81.2,17.9,96.5,0,stable
457,19,81.6,17.6,96.7,0,stable
457,20,82.5,17.6,96.7,0,stable
457,21,82.4,17.3,96.8,0,stable
457,22,82.1,17.3,96.7,0,stable
457,23,81.9,17.5,96.7,0,stable
457,24,81.1,17.3,96.7,0,stable
458,1,72.9,15.2,97.6,0,stable
458,2,73.0,14.9,97.5,0,stable
458,3,72.3,15.0,97.7,0,stable
458,4,72.9,14.8,97.5,0,stable
458,5,72.4,15.1,97.5,0,stable
458,6,72.5,14.9,97.4,0,stable
458,7,72.6,15.0,97.2,0,stable
458,8,73.3,15.3,97.3,0,stable
458,9,72.1,15.6,97.2,0,stable
458,10,72.3,15.6,97.4,0,stable
458,11,72.9,15.8,97.0,0,stable
458,12,75.0,15.7,96.9,0,stable
458,13,75.0,15.8,97.1,0,stable
458,14,74.1,15.6,97.1,0,stable
458,15,75.5,15.8,97.1,0,stable
458,16,74.7,15.6,97.2,0,stable
458,17,74.8,15.4,97.2,0,stable
458,18,73.3,14.9,97.1,0,stable
458,19,72.5,15.2,97.0,0,stable
458,20,71.8,14.9,97.1,0,stable
458,21,70.8,14.6,97.1,0,stable
458,22,72.3,15.0,97.3,0,stable
458,23,73.0,15.4,97.3,0,stable
458,24,72.7,15.1,97.5,0,stable
459,1,85.4,18.5,97.5,0,stable
459,2,85.4,18.2,97.5,0,stable
459,3,86.3,18.2,97.5,0,stable
459,4,86.1,18.4,97.7,0,stable
459,5,85.5,18.6,97.9,0,stable
459,6,85.3,18.5,97.6,0,stable
459,7,85.4,18.7,97.5,0,stable
459,8,85.2,18.6,97.7,0,stable
459,9,85.8,18.5,97.6,0,stable
459,10,87.2,18.7,97.7,0,stable
459,11,87.3,18.4,97.9,0,stable
459,12,86.3,18.4,98.0,0,stable
459,13,85.7,19.0,97.9,0,stable
459,14,86.9,18.3,98.0,0,stable
459,15,88.1,18.5,98.2,0,stable
459,16,86.6,18.4,98.2,0,stable
459,17,85.6,18.4,98.0,0,stable
459,18,85.8,18.5,98.0,0,stable
459,19,85.9,18.9,97.9,0,stable
459,20,83.9,18.8,97.9,0,stable
459,21,83.8,18.8,97.8,0,stable
459,22,85.7,19.0,97.7,0,stable
459,23,86.0,18.7,97.9,0,stable
459,24,85.3,18.3,98.0,0,stable
460,1,77.4,17.2,97.2,0,stable
460,2,78.8,17.3,97.3,0,stable
460,3,79.9,17.2,97.1,0,stable
460,4,80.0,17.1,97.1,0,stable
460,5,81.3,17.1,97.0,0,stable
460,6,81.1,17.1,96.9,0,stable
460,7,80.4,17.1,97.1,0,stable
460,8,79.8,17.3,97.3,0,stable
460,9,79.9,17.1,97.2,0,stable
460,10,79.1,16.9,97.3,0,stable
460,11,79.6,16.8,97.0,0,stable
460,12,79.9,16.7,96.9,0,stable
460,13,79.7,16.2,96.8,0,stable
460,14,80.8,16.8,96.7,0,stable
460,15,81.3,17.1,96.7,0,stable
460,16,79.8,17.3,96.7,0,stable
460,17,78.8,17.1,96.8,0,stable
460,18,79.6,17.1,97.1,0,stable
460,19,80.0,16.9,97.0,0,stable
460,20,80.9,17.0,96.8,0,stable
460,21,80.4,16.9,97.0,0,stable
460,22,78.8,16.8,96.8,0,stable
460,23,79.0,16.7,96.7,0,stable
460,24,78.6,16.8,96.8,0,stable
461,1,75.3,18.1,97.6,0,stable
461,2,74.9,17.5,97.5,0,stable
461,3,75.4,17.1,97.4,0,stable
461,4,75.6,16.6,97.2,0,stable
461,5,77.0,16.6,97.0,0,stable
461,6,78.3,16.1,97.0,0,stable
461,7,77.3,15.7,97.0,0,stable
461,8,76.6,16.1,96.9,0,stable
461,9,74.4,15.9,97.1,0,stable
461,10,74.4,15.9,97.1,0,stable
461,11,75.3,16.1,97.1,0,stable
461,12,75.6,15.8,97.1,0,stable
461,13,75.2,15.9,97.1,0,stable
461,14,74.1,16.2,97.2,0,stable
461,15,73.7,16.5,97.0,0,stable
461,16,74.4,16.0,97.1,0,stable
461,17,75.2,16.0,97.0,0,stable
461,18,76.8,16.5,97.1,0,stable
461,19,76.2,16.6,97.4,0,stable
461,20,74.3,16.4,97.2,0,stable
461,21,75.8,16.8,97.3,0,stable
461,22,75.5,16.0,97.3,0,stable
461,23,76.5,15.6,97.2,0,stable
461,24,77.4,16.4,96.9,0,stable
462,1,88.5,14.1,97.2,0,stable
462,2,86.8,13.9,97.4,0,stable
462,3,86.2,14.0,97.7,0,stable
462,4,86.6,13.4,97.7,0,stable
462,5,87.9,13.3,97.7,0,stable
462,6,87.4,13.5,97.7,0,stable
462,7,86.3,13.7,98.0,0,stable
462,8,87.6,13.6,97.8,0,stable
462,9,86.6,13.7,97.8,0,stable
462,10,86.4,13.9,97.6,0,stable
462,11,87.2,13.7,97.7,0,stable
462,12,87.1,14.0,97.6,0,stable
462,13,86.1,13.7,97.7,0,stable
462,14,85.3,14.0,97.8,0,stable
462,15,85.8,13.8,97.6,0,stable
462,16,85.8,14.0,97.5,0,stable
462,17,85.4,14.0,97.7,0,stable
462,18,85.8,13.8,97.9,0,stable
462,19,86.1,14.0,97.9,0,stable
462,20,86.3,13.9,97.7,0,stable
462,21,86.0,14.0,98.0,0,stable
462,22,86.6,13.8,97.8,0,stable
462,23,87.0,13.9,97.9,0,stable
462,24,88.2,13.9,97.9,0,stable
463,1,76.2,17.2,98.2,0,stable
463,2,75.9,17.1,98.0,0,stable
463,3,75.2,16.7,97.9,0,stable
463,4,74.4,16.8,97.9,0,stable
463,5,74.8,16.7,98.0,0,stable
463,6,75.3,16.5,97.9,0,stable
463,7,74.2,16.5,98.1,0,stable
463,8,76.4,17.0,98.0,0,stable
463,9,76.7,17.1,97.9,0,stable
463,10,75.0,17.4,97.9,0,stable
463,11,75.1,17.1,98.0,0,stable
463,12,75.5,17.1,98.0,0,stable
463,13,75.9,16.7,97.9,0,stable
463,14,75.3,17.0,97.9,0,stable
463,15,74.4,16.6,97.9,0,stable
463,16,76.0,16.6,97.9,0,stable
463,17,75.0,16.5,97.9,0,stable
463,18,74.0,16.7,98.2,0,stable
463,19,75.3,17.0,97.8,0,stable
463,20,75.0,16.9,98.0,0,stable
463,21,73.8,16.9,97.9,0,stable
463,22,74.6,16.9,97.8,0,stable
463,23,74.4,16.9,98.1,0,stable
463,24,73.7,16.6,98.0,0,stable
464,1,81.0,15.7,97.1,0,stable
464,2,80.5,16.3,97.4,0,stable
464,3,80.7,16.4,97.5,0,stable
464,4,80.8,16.2,97.3,0,stable
464,5,81.2,16.3,97.6,0,stable
464,6,80.9,16.6,97.8,0,stable
464,7,80.2,16.2,97.7,0,stable
464,8,79.9,16.6,97.6,0,stable
464,9,80.9,16.3,97.7,0,stable
464,10,79.0,16.4,97.3,0,stable
464,11,79.4,16.3,97.4,0,stable
464,12,80.0,16.3,97.4,0,stable
464,13,79.1,16.0,97.5,0,stable
464,14,78.8,16.1,97.6,0,stable
464,15,77.8,16.1,97.5,0,stable
464,16,78.3,16.5,97.7,0,stable
464,17,79.1,16.2,97.8,0,stable
464,18,79.2,16.3,97.8,0,stable
464,19,79.6,16.3,97.9,0,stable
464,20,78.5,15.8,97.6,0,stable
464,21,78.1,16.0,97.7,0,stable
464,22,78.9,16.3,97.8,0,stable
464,23,79.0,16.6,97.6,0,stable
464,24,78.6,16.6,97.4,0,stable
465,1,81.4,16.1,97.5,0,stable
465,2,82.1,16.1,97.8,0,stable
465,3,83.6,16.3,97.8,0,stable
465,4,84.6,16.2,97.7,0,stable
465,5,84.4,16.1,97.8,0,stable
465,6,86.0,16.3,97.6,0,stable
465,7,86.8,16.5,97.9,0,stable
465,8,86.8,16.7,97.9,0,stable
465,9,86.2,16.1,97.8,0,stable
465,10,86.0,16.2,97.8,0,stable
465,11,86.3,16.0,97.7,0,stable
465,12,84.9,15.7,97.7,0,stable
465,13,84.8,16.3,97.5,0,stable
465,14,86.0,15.9,97.5,0,stable
465,15,84.4,15.8,97.5,0,stable
465,16,85.5,16.6,97.6,0,stable
465,17,85.9,16.2,97.4,0,stable
465,18,85.9,15.9,97.6,0,stable
465,19,85.6,15.8,97.8,0,stable
465,20,85.6,16.5,97.8,0,stable
465,21,85.7,16.7,97.8,0,stable
465,22,85.7,16.6,97.8,0,stable
465,23,86.4,16.4,97.9,0,stable
465,24,85.6,16.2,97.9,0,stable
466,1,89.1,15.8,97.3,0,stable
466,2,87.5,15.6,97.5,0,stable
466,3,86.4,15.8,97.8,0,stable
466,4,86.1,15.8,97.9,0,stable
466,5,85.7,16.2,98.0,0,stable
466,6,85.3,16.3,98.2,0,stable
466,7,85.9,16.2,98.2,0,stable
466,8,84.8,15.9,98.1,0,stable
466,9,85.6,15.3,98.0,0,stable
466,10,85.1,15.3,98.0,0,stable
466,11,83.8,15.5,98.3,0,stable
466,12,83.9,15.5,98.0,0,stable
466,13,84.4,16.0,97.8,0,stable
466,14,84.6,15.9,98.3,0,stable
466,15,83.8,16.7,98.3,0,stable
466,16,84.3,15.9,98.3,0,stable
466,17,85.5,16.2,98.3,0,stable
466,18,85.0,16.6,98.2,0,stable
466,19,85.6,16.1,98.0,0,stable
466,20,86.5,16.1,98.0,0,stable
466,21,85.2,16.1,98.3,0,stable
466,22,85.5,16.0,98.3,0,stable
466,23,85.2,15.9,98.2,0,stable
466,24,83.9,16.0,98.1,0,stable
467,1,70.9,16.6,96.7,0,stable
467,2,68.9,16.8,96.7,0,stable
467,3,68.3,16.5,96.8,0,stable
467,4,69.3,16.3,96.4,0,stable
467,5,69.8,16.3,96.4,0,stable
467,6,71.3,16.4,96.5,0,stable
467,7,69.8,16.1,96.4,0,stable
467,8,68.8,16.2,96.3,0,stable
467,9,69.7,16.3,96.3,0,stable
467,10,68.8,16.2,96.4,0,stable
467,11,68.4,16.4,96.4,0,stable
467,12,69.7,16.1,96.3,0,stable
467,13,69.3,16.3,96.3,0,stable
467,14,70.4,16.5,96.3,0,stable
467,15,71.1,16.4,96.6,0,stable
467,16,70.0,16.8,96.6,0,stable
467,17,69.7,17.0,96.5,0,stable
467,18,70.5,16.6,96.5,0,stable
467,19,69.4,16.8,96.4,0,stable
467,20,71.0,16.5,96.3,0,stable
467,21,71.3,16.3,96.4,0,stable
467,22,69.8,16.5,96.3,0,stable
467,23,70.0,16.6,96.2,0,stable
467,24,70.8,16.7,96.3,0,stable
468,1,80.0,14.7,97.1,0,stable
468,2,79.4,14.5,97.1,0,stable
468,3,78.3,14.1,97.2,0,stable
468,4,77.4,14.2,97.3,0,stable
468,5,77.8,13.9,97.5,0,stable
468,6,78.1,14.2,97.2,0,stable
468,7,76.7,14.1,97.0,0,stable
468,8,78.1,14.0,97.0,0,stable
468,9,78.9,14.1,97.2,0,stable
468,10,77.5,13.9,97.2,0,stable
468,11,79.2,14.2,97.3,0,stable
468,12,78.9,14.3,97.3,0,stable
468,13,79.6,14.3,97.4,0,stable
468,14,79.6,14.5,97.2,0,stable
468,15,80.1,14.6,97.4,0,stable
468,16,80.1,14.6,97.4,0,stable
468,17,79.1,14.6,97.4,0,stable
468,18,77.7,14.3,97.4,0,stable
468,19,79.2,14.6,97.4,0,stable
468,20,79.6,15.0,97.5,0,stable
468,21,78.0,14.6,97.3,0,stable
468,22,78.5,14.8,97.1,0,stable
468,23,79.0,14.4,97.1,0,stable
468,24,80.4,14.2,96.9,0,stable
469,1,78.7,14.7,98.8,0,stable
469,2,77.8,15.1,98.6,0,stable
469,3,77.7,15.0,98.5,0,stable
469,4,76.9,14.8,98.6,0,stable
469,5,76.5,15.2,98.4,0,stable
469,6,74.8,14.9,98.6,0,stable
469,7,75.2,15.1,98.5,0,stable
469,8,76.7,15.5,98.4,0,stable
469,9,76.0,15.0,98.6,0,stable
469,10,75.8,15.0,98.7,0,stable
469,11,77.8,15.2,98.6,0,stable
469,12,78.2,14.9,98.6,0,stable
469,13,78.9,15.3,98.6,0,stable
469,14,76.3,15.4,98.6,0,stable
469,15,77.0,15.4,98.6,0,stable
469,16,77.2,15.7,98.3,0,stable
469,17,76.9,15.4,98.2,0,stable
469,18,76.4,15.6,98.4,0,stable
469,19,76.5,15.4,98.4,0,stable
469,20,78.0,15.0,98.6,0,stable
469,21,77.5,15.4,98.7,0,stable
469,22,77.5,15.6,98.7,0,stable
469,23,78.0,15.4,98.6,0,stable
469,24,78.1,15.3,98.5,0,stable
470,1,87.5,19.0,97.1,0,stable
470,2,86.5,19.1,96.9,0,stable
470,3,87.2,19.1,97.1,0,stable
470,4,86.6,18.9,97.0,0,stable
470,5,87.3,18.5,97.0,0,stable
470,6,88.2,18.6,96.9,0,stable
470,7,87.6,18.6,97.0,0,stable
470,8,86.4,18.8,97.2,0,stable
470,9,86.2,18.7,97.1,0,stable
470,10,86.5,18.5,97.3,0,stable
470,11,86.0,18.5,97.1,0,stable
470,12,87.2,18.5,96.9,0,stable
470,13,87.0,18.4,96.9,0,stable
470,14,87.5,18.5,96.8,0,stable
470,15,87.4,18.5,96.9,0,stable
470,16,89.0,18.3,96.9,0,stable
470,17,89.5,18.3,96.8,0,stable
470,18,90.4,18.1,96.8,0,stable
470,19,90.5,17.9,96.8,0,stable
470,20,90.0,18.0,96.7,0,stable
470,21,90.0,18.3,96.6,0,stable
470,22,89.7,18.4,97.0,0,stable
470,23,88.6,18.3,96.8,0,stable
470,24,88.9,18.5,97.0,0,stable
471,1,77.2,13.9,98.1,0,stable
471,2,75.3,13.9,98.3,0,stable
471,3,73.6,14.1,98.1,0,stable
471,4,74.4,14.1,98.0,0,stable
471,5,73.1,14.0,97.6,0,stable
471,6,73.4,13.9,97.8,0,stable
471,7,73.4,13.9,97.8,0,stable
471,8,72.4,14.0,97.9,0,stable
471,9,71.9,13.8,98.0,0,stable
471,10,72.6,14.1,97.9,0,stable
471,11,73.0,14.3,98.0,0,stable
471,12,74.4,14.4,98.0,0,stable
471,13,74.2,13.9,98.0,0,stable
471,14,74.4,13.7,98.1,0,stable
471,15,74.7,13.7,97.9,0,stable
471,16,72.7,13.5,97.7,0,stable
471,17,73.0,13.8,97.9,0,stable
471,18,74.3,13.7,97.9,0,stable
471,19,73.5,13.6,98.0,0,stable
471,20,72.7,13.7,97.8,0,stable
471,21,72.7,14.0,97.8,0,stable
471,22,73.0,14.3,98.0,0,stable
471,23,73.6,14.5,98.0,0,stable
471,24,73.4,14.4,97.8,0,stable
472,1,89.6,13.3,97.8,0,stable
472,2,89.3,13.7,97.6,0,stable
472,3,90.0,13.7,97.4,0,stable
472,4,89.5,13.9,97.3,0,stable
472,5,88.9,13.9,97.2,0,stable
472,6,88.7,13.9,97.3,0,stable
472,7,90.6,14.0,97.3,0,stable
472,8,89.9,14.0,97.3,0,stable
472,9,90.2,14.4,97.4,0,stable
472,10,89.9,14.0,97.4,0,stable
472,11,88.8,14.3,97.2,0,stable
472,12,89.1,14.5,97.5,0,stable
472,13,90.1,14.2,97.4,0,stable
472,14,89.7,14.5,97.4,0,stable
472,15,90.3,13.9,97.5,0,stable
472,16,90.5,14.0,97.4,0,stable
472,17,89.6,14.0,97.2,0,stable
472,18,90.5,14.3,97.2,0,stable
472,19,90.5,13.7,97.2,0,stable
472,20,91.2,14.0,97.5,0,stable
472,21,91.0,13.8,97.4,0,stable
472,22,90.2,13.9,97.5,0,stable
472,23,88.9,13.8,97.4,0,stable
472,24,88.8,13.7,97.5,0,stable
473,1,79.4,17.4,97.2,0,stable
473,2,78.8,17.5,97.3,0,stable
473,3,79.3,17.1,97.3,0,stable
473,4,79.3,17.5,97.3,0,stable
473,5,80.2,17.5,97.2,0,stable
473,6,78.6,17.3,97.1,0,stable
473,7,78.8,17.2,97.0,0,stable
473,8,79.4,17.0,96.9,0,stable
473,9,78.9,17.6,97.2,0,stable
473,10,78.1,17.3,97.0,0,stable
473,11,77.2,17.8,97.2,0,stable
473,12,78.5,17.5,97.2,0,stable
473,13,79.4,16.9,97.1,0,stable
473,14,78.6,16.8,97.1,0,stable
473,15,79.1,16.7,96.9,0,stable
473,16,79.5,16.6,96.9,0,stable
473,17,79.7,17.1,96.9,0,stable
473,18,79.7,16.7,97.0,0,stable
473,19,78.3,16.6,97.1,0,stable
473,20,78.9,17.2,97.0,0,stable
473,21,78.8,17.5,97.1,0,stable
473,22,78.4,17.6,97.0,0,stable
473,23,78.2,17.5,96.9,0,stable
473,24,78.6,17.1,97.1,0,stable
474,1,77.6,17.3,97.8,0,stable
474,2,74.9,17.4,97.9,0,stable
474,3,74.1,17.3,98.0,0,stable
474,4,73.2,17.5,97.9,0,stable
474,5,71.5,17.1,97.9,0,stable
474,6,71.9,17.3,97.9,0,stable
474,7,72.3,16.8,98.1,0,stable
474,8,72.1,17.0,98.0,0,stable
474,9,72.4,17.5,98.0,0,stable
474,10,72.8,17.7,98.0,0,stable
474,11,70.9,17.5,97.7,0,stable
474,12,71.1,17.4,97.8,0,stable
474,13,71.6,17.6,97.7,0,stable
474,14,71.2,17.6,97.7,0,stable
474,15,72.9,17.1,97.5,0,stable
474,16,74.2,17.1,97.5,0,stable
474,17,73.0,17.2,97.4,0,stable
474,18,72.7,17.4,97.4,0,stable
474,19,73.2,17.4,97.3,0,stable
474,20,73.2,17.0,97.6,0,stable
474,21,73.0,17.2,97.6,0,stable
474,22,72.9,17.5,97.5,0,stable
474,23,71.6,17.5,97.4,0,stable
474,24,71.1,17.6,97.5,0,stable
475,1,73.9,16.9,98.0,0,stable
475,2,74.6,16.8,98.0,0,stable
475,3,74.6,17.2,98.1,0,stable
475,4,74.6,16.9,97.9,0,stable
475,5,74.0,16.8,97.8,0,stable
475,6,73.4,16.8,97.8,0,stable
475,7,73.2,16.7,97.8,0,stable
475,8,72.7,17.1,97.8,0,stable
475,9,72.3,17.1,97.9,0,stable
475,10,74.3,16.9,97.7,0,stable
475,11,73.7,16.7,97.6,0,stable
475,12,74.3,16.5,97.4,0,stable
475,13,72.4,16.9,97.4,0,stable
475,14,72.4,17.2,97.5,0,stable
475,15,72.2,16.9,97.5,0,stable
475,16,73.5,16.9,97.6,0,stable
475,17,74.7,17.1,97.8,0,stable
475,18,74.5,17.2,97.9,0,stable
475,19,74.3,17.1,97.8,0,stable
475,20,74.6,16.5,97.8,0,stable
475,21,74.2,16.7,97.7,0,stable
475,22,75.1,17.0,97.7,0,stable
475,23,73.1,17.1,97.6,0,stable
475,24,72.8,16.9,97.6,0,stable
476,1,79.0,14.0,97.3,0,stable
476,2,80.8,14.2,97.4,0,stable
476,3,81.7,14.1,97.2,0,stable
476,4,80.1,14.2,97.2,0,stable
476,5,81.8,14.8,97.3,0,stable
476,6,82.2,14.9,97.2,0,stable
476,7,82.6,15.0,97.4,0,stable
476,8,82.6,15.3,97.2,0,stable
476,9,82.2,15.1,97.4,0,stable
476,10,82.4,14.7,97.3,0,stable
476,11,81.1,14.5,97.3,0,stable
476,12,81.4,14.3,97.2,0,stable
476,13,81.8,13.9,97.4,0,stable
476,14,81.5,13.9,97.4,0,stable
476,15,82.0,14.4,97.2,0,stable
476,16,81.1,14.7,97.2,0,stable
476,17,82.3,14.9,97.3,0,stable
476,18,81.9,15.2,97.2,0,stable
476,19,81.9,15.1,97.2,0,stable
476,20,81.3,15.3,97.2,0,stable
476,21,81.2,15.2,97.0,0,stable
476,22,82.4,14.9,97.2,0,stable
476,23,82.6,14.5,97.2,0,stable
476,24,84.2,14.6,97.2,0,stable
477,1,70.4,17.7,96.7,0,stable
477,2,70.9,17.9,96.8,0,stable
477,3,70.6,17.5,96.9,0,stable
477,4,71.1,17.8,96.8,0,stable
477,5,70.3,17.7,96.9,0,stable
477,6,71.4,18.0,97.1,0,stable
477,7,71.9,18.0,97.1,0,stable
477,8,72.2,18.3,97.1,0,stable
477,9,71.5,18.3,97.0,0,stable
477,10,72.6,18.4,97.1,0,stable
477,11,72.0,18.1,96.9,0,stable
477,12,72.4,18.2,97.0,0,stable
477,13,72.4,18.1,97.1,0,stable
477,14,72.9,18.2,97.0,0,stable
477,15,71.8,18.1,97.0,0,stable
477,16,70.4,17.7,97.3,0,stable
477,17,71.9,17.7,97.0,0,stable
477,18,72.8,17.8,97.1,0,stable
477,19,72.4,18.1,97.3,0,stable
477,20,73.1,18.3,97.4,0,stable
477,21,72.5,18.2,97.4,0,stable
477,22,71.7,18.5,97.4,0,stable
477,23,71.9,18.5,97.3,0,stable
477,24,70.6,18.4,97.2,0,stable
478,1,74.9,15.6,96.8,0,stable
478,2,75.9,15.7,96.8,0,stable
478,3,75.8,15.8,96.7,0,stable
478,4,76.0,16.2,96.7,0,stable
478,5,76.4,16.0,96.8,0,stable
478,6,76.0,15.9,96.9,0,stable
478,7,76.7,16.1,96.8,0,stable
478,8,78.1,16.1,96.8,0,stable
478,9,77.3,16.3,96.8,0,stable
478,10,78.3,16.4,96.9,0,stable
478,11,77.6,16.2,97.0,0,stable
478,12,77.9,16.6,97.1,0,stable
478,13,78.5,16.8,96.9,0,stable
478,14,79.7,16.5,97.0,0,stable
478,15,78.1,16.9,97.1,0,stable
478,16,78.7,16.8,97.2,0,stable
478,17,78.2,16.8,97.1,0,stable
478,18,77.8,16.3,96.8,0,stable
478,19,77.4,16.4,96.8,0,stable
478,20,77.0,15.9,97.0,0,stable
478,21,76.0,15.8,96.8,0,stable
478,22,76.1,16.1,96.8,0,stable
478,23,77.0,16.3,96.9,0,stable
478,24,77.3,16.5,96.9,0,stable
479,1,76.1,18.0,98.1,0,stable
479,2,76.5,18.2,98.2,0,stable
479,3,77.2,18.1,98.5,0,stable
479,4,78.6,18.4,98.6,0,stable
479,5,78.6,18.7,98.4,0,stable
479,6,78.3,18.6,98.3,0,stable
479,7,77.9,19.2,98.4,0,stable
479,8,76.9,19.5,98.6,0,stable
479,9,78.0,19.4,98.5,0,stable
479,10,78.0,19.1,98.5,0,stable
479,11,78.1,19.3,98.6,0,stable
479,12,77.4,18.9,98.3,0,stable
479,13,77.0,18.9,98.3,0,stable
479,14,78.3,19.1,98.5,0,stable
479,15,78.7,19.0,98.5,0,stable
479,16,77.6,19.1,98.6,0,stable
479,17,78.8,19.5,98.6,0,stable
479,18,77.7,19.4,98.5,0,stable
479,19,78.4,19.8,98.5,0,stable
479,20,79.3,19.1,98.5,0,stable
479,21,78.3,19.0,98.4,0,stable
479,22,77.5,18.8,98.5,0,stable
479,23,77.7,18.4,98.4,0,stable
479,24,77.7,18.4,98.4,0,stable
480,1,78.2,13.9,98.3,0,stable
480,2,77.0,14.0,98.1,0,stable
480,3,77.1,13.9,98.0,0,stable
480,4,78.4,13.6,98.2,0,stable
480,5,78.9,13.6,98.3,0,stable
480,6,78.9,13.7,98.3,0,stable
480,7,77.8,13.4,98.2,0,stable
480,8,78.4,14.2,98.3,0,stable
480,9,77.8,13.8,98.2,0,stable
480,10,77.6,13.4,98.3,0,stable
480,11,78.4,13.8,98.2,0,stable
480,12,77.5,13.2,98.2,0,stable
480,13,79.5,13.4,98.3,0,stable
480,14,79.8,13.4,98.5,0,stable
480,15,78.3,13.3,98.5,0,stable
480,16,77.3,13.2,98.5,0,stable
480,17,76.9,13.8,98.4,0,stable
480,18,76.4,13.9,98.5,0,stable
480,19,76.6,13.6,98.4,0,stable
480,20,76.3,13.5,98.1,0,stable
480,21,76.7,13.2,98.1,0,stable
480,22,77.4,13.6,98.1,0,stable
480,23,77.8,13.5,98.3,0,stable
480,24,78.8,13.6,98.1,0,stable
481,1,80.2,16.4,98.0,0,stable
481,2,79.9,16.7,97.9,0,stable
481,3,78.3,16.4,97.8,0,stable
481,4,78.2,16.7,97.7,0,stable
481,5,78.8,16.8,97.7,0,stable
481,6,80.7,16.7,97.6,0,stable
481,7,79.4,16.3,97.8,0,stable
481,8,78.8,16.3,97.9,0,stable
481,9,79.5,16.3,97.9,0,stable
481,10,80.3,16.2,97.8,0,stable
481,11,81.2,15.8,97.9,0,stable
481,12,82.1,16.0,98.0,0,stable
481,13,81.8,16.2,97.8,0,stable
481,14,82.4,16.3,97.8,0,stable
481,15,82.6,16.6,97.9,0,stable
481,16,82.7,16.3,97.9,0,stable
481,17,83.1,16.1,97.9,0,stable
481,18,83.3,16.1,97.9,0,stable
481,19,82.0,16.4,97.7,0,stable
481,20,81.4,16.5,97.7,0,stable
481,21,80.3,16.6,97.8,0,stable
481,22,80.3,16.6,97.7,0,stable
481,23,79.1,16.8,97.7,0,stable
481,24,79.8,16.7,97.8,0,stable
482,1,75.1,14.3,97.1,0,stable
482,2,75.2,14.6,97.1,0,stable
482,3,75.4,14.5,97.2,0,stable
482,4,74.6,14.8,97.2,0,stable
482,5,73.9,14.9,97.0,0,stable
482,6,74.4,14.7,97.2,0,stable
482,7,73.4,14.5,97.4,0,stable
482,8,74.2,14.7,97.4,0,stable
482,9,73.6,14.6,97.5,0,stable
482,10,74.6,14.4,97.3,0,stable
482,11,74.8,14.6,97.3,0,stable
482,12,74.5,14.8,97.4,0,stable
482,13,74.4,14.7,97.4,0,stable
482,14,74.6,14.7,97.4,0,stable
482,15,74.6,14.7,97.3,0,stable
482,16,73.9,14.6,97.2,0,stable
482,17,74.2,14.6,97.2,0,stable
482,18,72.8,14.8,97.2,0,stable
482,19,74.5,14.8,97.1,0,stable
482,20,74.3,14.7,97.0,0,stable
482,21,75.4,14.3,96.9,0,stable
482,22,75.3,14.8,96.9,0,stable
482,23,73.9,14.6,96.9,0,stable
482,24,74.4,14.6,97.2,0,stable
483,1,83.3,17.5,96.8,0,stable
483,2,81.6,16.7,96.8,0,stable
483,3,81.8,16.3,96.8,0,stable
483,4,79.9,16.4,96.9,0,stable
483,5,79.1,16.4,96.7,0,stable
483,6,81.2,16.2,96.7,0,stable
483,7,81.3,16.4,96.5,0,stable
483,8,81.5,16.5,96.8,0,stable
483,9,80.3,16.5,96.8,0,stable
483,10,79.4,16.3,96.6,0,stable
483,11,80.1,16.3,96.6,0,stable
483,12,81.4,16.4,96.4,0,stable
483,13,80.2,16.4,96.4,0,stable
483,14,81.0,16.3,96.6,0,stable
483,15,80.9,16.7,96.5,0,stable
483,16,80.3,16.3,96.6,0,stable
483,17,81.4,16.3,96.7,0,stable
483,18,79.9,16.3,96.7,0,stable
483,19,80.2,16.4,96.6,0,stable
483,20,80.0,16.2,96.8,0,stable
483,21,80.7,16.5,96.6,0,stable
483,22,81.6,16.7,96.4,0,stable
483,23,79.8,16.5,96.4,0,stable
483,24,80.6,16.3,96.3,0,stable
484,1,79.1,15.3,96.5,0,stable
484,2,78.4,15.2,96.7,0,stable
484,3,78.0,15.1,96.7,0,stable
484,4,79.5,15.5,96.6,0,stable
484,5,79.1,15.2,96.4,0,stable
484,6,78.5,15.4,96.6,0,stable
484,7,79.1,15.6,96.8,0,stable
484,8,80.1,15.4,96.7,0,stable
484,9,80.3,15.5,96.8,0,stable
484,10,81.4,15.3,96.8,0,stable
484,11,80.5,15.3,96.6,0,stable
484,12,80.6,15.1,96.7,0,stable
484,13,81.8,14.7,96.8,0,stable
484,14,80.7,14.7,96.9,0,stable
484,15,81.4,14.9,97.0,0,stable
484,16,80.4,15.6,97.0,0,stable
484,17,80.3,15.3,96.8,0,stable
484,18,80.2,15.1,96.8,0,stable
484,19,80.2,15.2,96.9,0,stable
484,20,79.4,15.2,96.7,0,stable
484,21,81.0,15.3,96.6,0,stable
484,22,81.2,15.4,96.6,0,stable
484,23,82.4,15.4,96.7,0,stable
484,24,83.3,15.3,96.6,0,stable
485,1,66.9,15.2,98.4,0,stable
485,2,69.2,15.2,98.5,0,stable
485,3,69.5,15.6,98.9,0,stable
485,4,69.7,15.3,99.3,0,stable
485,5,70.3,14.9,99.1,0,stable
485,6,70.0,15.2,99.1,0,stable
485,7,72.1,15.2,98.8,0,stable
485,8,71.9,15.1,98.8,0,stable
485,9,71.6,14.7,98.8,0,stable
485,10,71.2,14.8,98.7,0,stable
485,11,69.2,15.0,98.6,0,stable
485,12,68.7,15.4,98.6,0,stable
485,13,70.6,15.4,98.7,0,stable
485,14,70.4,15.2,98.7,0,stable
485,15,71.4,14.9,98.8,0,stable
485,16,70.9,14.9,98.7,0,stable
485,17,71.4,14.6,98.6,0,stable
485,18,70.5,15.1,98.7,0,stable
485,19,70.9,15.1,98.9,0,stable
485,20,72.3,15.1,98.9,0,stable
485,21,71.9,14.8,99.1,0,stable
485,22,72.0,14.7,98.9,0,stable
485,23,70.8,15.3,98.8,0,stable
485,24,70.8,15.3,98.7,0,stable
486,1,81.2,15.2,97.7,0,stable
486,2,79.7,14.9,97.8,0,stable
486,3,79.7,15.2,97.9,0,stable
486,4,78.6,15.3,97.8,0,stable
486,5,78.3,15.1,97.7,0,stable
486,6,78.1,14.8,97.6,0,stable
486,7,78.6,14.7,97.7,0,stable
486,8,78.0,14.5,97.6,0,stable
486,9,78.5,14.7,97.4,0,stable
486,10,78.9,14.6,97.7,0,stable
486,11,79.8,14.6,97.6,0,stable
486,12,79.1,14.6,97.7,0,stable
486,13,78.0,14.4,97.6,0,stable
486,14,77.7,14.9,97.7,0,stable
486,15,77.9,15.2,97.7,0,stable
486,16,78.2,15.3,97.7,0,stable
486,17,78.9,14.9,97.8,0,stable
486,18,80.1,14.7,97.9,0,stable
486,19,79.3,15.3,97.6,0,stable
486,20,78.7,15.5,97.7,0,stable
486,21,78.6,15.1,97.5,0,stable
486,22,76.9,15.0,97.6,0,stable
486,23,78.0,15.0,97.5,0,stable
486,24,77.9,14.9,97.6,0,stable
487,1,72.9,17.8,97.9,0,stable
487,2,74.2,17.9,97.9,0,stable
487,3,75.0,18.4,97.6,0,stable
487,4,74.9,18.8,97.6,0,stable
487,5,75.0,18.7,97.5,0,stable
487,6,75.9,18.6,97.4,0,stable
487,7,76.1,18.7,97.4,0,stable
487,8,75.3,19.1,97.3,0,stable
487,9,76.3,19.2,97.3,0,stable
487,10,74.2,19.4,97.5,0,stable
487,11,74.1,19.5,97.3,0,stable
487,12,74.4,19.7,97.3,0,stable
487,13,75.6,19.5,97.4,0,stable
487,14,75.1,19.2,97.5,0,stable
487,15,76.9,19.4,97.5,0,stable
487,16,75.8,19.4,97.5,0,stable
487,17,76.3,19.3,97.4,0,stable
487,18,76.1,19.2,97.3,0,stable
487,19,75.8,19.5,97.3,0,stable
487,20,75.8,19.2,97.4,0,stable
487,21,77.5,18.8,97.5,0,stable
487,22,77.8,18.8,97.4,0,stable
487,23,76.3,19.1,97.5,0,stable
487,24,75.7,19.2,97.5,0,stable
488,1,77.2,16.8,97.5,0,stable
488,2,77.6,16.5,97.6,0,stable
488,3,78.3,16.6,97.5,0,stable
488,4,79.1,17.0,97.5,0,stable
488,5,79.3,17.2,97.3,0,stable
488,6,79.9,16.9,97.3,0,stable
488,7,78.5,16.6,97.4,0,stable
488,8,79.5,16.5,97.2,0,stable
488,9,79.1,16.5,97.1,0,stable
488,10,79.7,16.6,97.1,0,stable
488,11,80.8,16.5,97.3,0,stable
488,12,80.3,16.5,97.5,0,stable
488,13,79.6,16.8,97.6,0,stable
488,14,79.4,16.8,97.4,0,stable
488,15,79.6,16.8,97.2,0,stable
488,16,78.3,16.8,97.5,0,stable
488,17,78.1,16.6,97.4,0,stable
488,18,77.1,16.8,97.5,0,stable
488,19,78.2,16.2,97.5,0,stable
488,20,77.8,16.3,97.3,0,stable
488,21,79.3,16.7,97.5,0,stable
488,22,78.3,16.5,97.3,0,stable
488,23,79.8,16.4,97.3,0,stable
488,24,80.9,16.8,97.4,0,stable
489,1,71.4,17.0,96.4,0,stable
489,2,70.3,16.9,96.4,0,stable
489,3,69.8,17.1,96.4,0,stable
489,4,71.0,17.6,96.4,0,stable
489,5,71.0,17.3,96.4,0,stable
489,6,70.2,16.9,96.3,0,stable
489,7,70.8,16.7,96.5,0,stable
489,8,69.9,16.6,96.6,0,stable
489,9,70.7,16.7,96.6,0,stable
489,10,72.0,16.5,96.5,0,stable
489,11,70.4,16.3,96.3,0,stable
489,12,69.9,16.6,96.4,0,stable
489,13,70.7,16.0,96.5,0,stable
489,14,70.3,16.1,96.5,0,stable
489,15,70.4,16.5,96.3,0,stable
489,16,71.4,16.3,96.6,0,stable
489,17,72.6,16.5,96.9,0,stable
489,18,71.7,16.2,97.1,0,stable
489,19,70.4,16.3,97.0,0,stable
489,20,70.1,16.4,96.7,0,stable
489,21,69.2,16.5,96.9,0,stable
489,22,69.7,16.3,96.9,0,stable
489,23,69.9,16.2,96.6,0,stable
489,24,70.2,16.1,96.6,0,stable
490,1,77.3,18.7,98.2,0,stable
490,2,77.9,18.9,98.0,0,stable
490,3,78.5,18.8,97.8,0,stable
490,4,78.1,18.7,97.9,0,stable
490,5,79.5,19.1,97.4,0,stable
490,6,79.1,19.0,97.3,0,stable
490,7,78.4,19.0,97.6,0,stable
490,8,78.6,18.9,97.8,0,stable
490,9,78.8,18.6,97.4,0,stable
490,10,78.7,18.6,97.3,0,stable
490,11,79.7,18.7,97.6,0,stable
490,12,79.7,18.6,97.5,0,stable
490,13,79.7,18.4,97.4,0,stable
490,14,80.4,18.6,97.5,0,stable
490,15,80.5,18.4,97.5,0,stable
490,16,80.0,18.4,97.5,0,stable
490,17,80.0,18.8,97.6,0,stable
490,18,80.0,19.3,97.6,0,stable
490,19,79.8,18.4,97.5,0,stable
490,20,80.3,18.5,97.4,0,stable
490,21,80.6,18.6,97.6,0,stable
490,22,80.5,18.8,97.6,0,stable
490,23,81.4,18.9,97.4,0,stable
490,24,81.7,18.6,97.6,0,stable
491,1,79.1,16.8,98.9,0,stable
491,2,78.8,16.5,98.8,0,stable
491,3,78.9,16.2,98.8,0,stable
491,4,78.7,16.1,99.1,0,stable
491,5,78.2,15.8,98.9,0,stable
491,6,79.8,15.9,98.8,0,stable
491,7,79.1,15.9,98.7,0,stable
491,8,80.4,16.0,98.5,0,stable
491,9,80.4,16.3,98.7,0,stable
491,10,81.3,15.9,98.6,0,stable
491,11,81.1,16.1,98.7,0,stable
491,12,79.6,16.4,99.1,0,stable
491,13,81.1,16.3,99.0,0,stable
491,14,80.8,16.0,98.9,0,stable
491,15,79.1,16.1,98.9,0,stable
491,16,79.1,15.8,98.9,0,stable
491,17,77.6,16.0,99.0,0,stable
491,18,79.0,16.2,98.7,0,stable
491,19,77.4,15.7,98.7,0,stable
491,20,78.4,16.1,98.7,0,stable
491,21,79.0,15.6,98.8,0,stable
491,22,79.2,15.5,98.8,0,stable
491,23,79.4,16.0,98.7,0,stable
491,24,79.5,16.1,98.6,0,stable
492,1,73.7,13.8,97.7,0,stable
492,2,74.8,14.2,98.0,0,stable
492,3,75.1,14.6,97.9,0,stable
492,4,76.7,14.4,98.0,0,stable
492,5,75.8,13.7,98.1,0,stable
492,6,76.3,13.6,98.1,0,stable
492,7,77.4,13.7,98.2,0,stable
492,8,77.2,13.6,98.1,0,stable
492,9,76.5,13.9,98.1,0,stable
492,10,76.2,14.1,98.2,0,stable
492,11,75.8,14.0,98.3,0,stable
492,12,77.1,14.1,98.3,0,stable
492,13,75.6,14.1,98.0,0,stable
492,14,76.0,14.3,98.1,0,stable
492,15,76.8,14.2,98.0,0,stable
492,16,76.3,13.7,98.0,0,stable
492,17,75.9,14.0,97.9,0,stable
492,18,75.2,14.0,98.1,0,stable
492,19,75.6,14.1,98.1,0,stable
492,20,76.4,14.6,98.1,0,stable
492,21,76.6,14.6,98.1,0,stable
492,22,76.1,14.7,98.1,0,stable
492,23,76.3,14.2,98.2,0,stable
492,24,75.7,14.2,98.0,0,stable
493,1,85.4,16.5,97.4,0,stable
493,2,85.9,16.9,97.5,0,stable
493,3,86.6,16.8,97.5,0,stable
493,4,86.7,16.8,97.7,0,stable
493,5,86.2,16.7,97.7,0,stable
493,6,86.2,16.8,97.7,0,stable
493,7,86.5,17.0,97.6,0,stable
493,8,86.9,16.7,97.7,0,stable
493,9,87.1,16.8,97.7,0,stable
493,10,87.2,16.7,97.7,0,stable
493,11,86.5,16.6,97.5,0,stable
493,12,84.7,16.5,97.7,0,stable
493,13,84.2,16.8,97.6,0,stable
493,14,83.4,17.0,97.7,0,stable
493,15,84.6,16.7,97.8,0,stable
493,16,83.0,16.8,97.7,0,stable
493,17,83.4,16.7,97.8,0,stable
493,18,83.9,16.5,97.9,0,stable
493,19,83.9,16.2,97.7,0,stable
493,20,81.6,16.2,97.8,0,stable
493,21,83.1,16.1,97.9,0,stable
493,22,82.3,15.8,97.9,0,stable
493,23,82.9,15.9,97.8,0,stable
493,24,83.9,16.0,97.7,0,stable
494,1,75.4,15.6,98.1,0,stable
494,2,74.6,15.7,98.0,0,stable
494,3,75.3,15.5,98.0,0,stable
494,4,75.4,15.6,98.0,0,stable
494,5,75.5,15.4,97.9,0,stable
494,6,75.2,15.5,98.1,0,stable
494,7,75.3,15.1,98.0,0,stable
494,8,77.2,15.0,97.9,0,stable
494,9,76.4,14.8,97.9,0,stable
494,10,76.8,15.3,98.0,0,stable
494,11,76.5,14.5,97.9,0,stable
494,12,76.3,14.5,98.1,0,stable
494,13,76.3,14.3,97.7,0,stable
494,14,76.3,14.8,97.8,0,stable
494,15,77.2,14.3,97.9,0,stable
494,16,78.0,14.5,97.9,0,stable
494,17,77.2,14.8,98.0,0,stable
494,18,75.8,15.0,98.1,0,stable
494,19,77.9,14.8,98.0,0,stable
494,20,77.4,15.0,97.9,0,stable
494,21,78.0,14.9,97.9,0,stable
494,22,78.2,15.0,98.0,0,stable
494,23,78.4,15.1,97.8,0,stable
494,24,78.0,14.8,97.8,0,stable
495,1,82.2,18.4,97.8,0,stable
495,2,83.5,18.4,97.8,0,stable
495,3,85.2,18.8,97.8,0,stable
495,4,84.9,18.7,97.9,0,stable
495,5,85.0,18.9,97.9,0,stable
495,6,84.4,18.8,98.0,0,stable
495,7,84.7,18.6,98.0,0,stable
495,8,83.7,18.9,97.9,0,stable
495,9,84.4,18.8,97.9,0,stable
495,10,83.5,18.8,97.9,0,stable
495,11,86.7,18.6,97.8,0,stable
495,12,84.9,18.9,97.9,0,stable
495,13,84.9,18.7,97.7,0,stable
495,14,84.5,18.7,97.6,0,stable
495,15,83.2,18.6,97.5,0,stable
495,16,83.6,19.1,97.9,0,stable
495,17,83.3,19.4,98.1,0,stable
495,18,84.3,18.7,98.2,0,stable
495,19,84.1,18.8,97.8,0,stable
495,20,83.6,18.7,97.8,0,stable
495,21,84.5,18.6,97.6,0,stable
495,22,85.5,18.8,97.7,0,stable
495,23,85.2,18.5,97.8,0,stable
495,24,85.1,18.6,97.9,0,stable
496,1,81.5,15.0,97.4,0,stable
496,2,81.3,15.1,97.4,0,stable
496,3,80.3,14.9,97.1,0,stable
496,4,81.6,15.3,97.1,0,stable
496,5,82.5,14.8,97.3,0,stable
496,6,82.1,14.4,97.3,0,stable
496,7,82.9,14.3,97.3,0,stable
496,8,82.3,14.5,97.2,0,stable
496,9,82.2,14.3,97.4,0,stable
496,10,81.7,14.5,97.4,0,stable
496,11,80.3,14.3,97.2,0,stable
496,12,80.2,14.4,97.3,0,stable
496,13,81.4,14.4,97.4,0,stable
496,14,81.9,14.0,97.5,0,stable
496,15,83.2,14.1,97.4,0,stable
496,16,82.5,14.2,97.2,0,stable
496,17,84.3,14.6,97.4,0,stable
496,18,85.2,14.4,97.4,0,stable
496,19,85.1,14.0,97.4,0,stable
496,20,85.1,14.3,97.3,0,stable
496,21,84.5,14.1,97.4,0,stable
496,22,81.9,14.1,97.4,0,stable
496,23,81.8,14.0,97.4,0,stable
496,24,83.1,14.2,97.5,0,stable
497,1,74.8,14.5,98.4,0,stable
497,2,76.0,14.5,98.3,0,stable
497,3,76.2,14.4,98.5,0,stable
497,4,76.3,14.4,98.5,0,stable
497,5,76.9,14.3,98.3,0,stable
497,6,77.1,14.4,98.4,0,stable
497,7,76.4,14.6,98.6,0,stable
497,8,76.2,14.5,98.5,0,stable
497,9,75.4,14.7,98.4,0,stable
497,10,75.7,14.4,98.5,0,stable
497,11,75.3,14.5,98.5,0,stable
497,12,75.6,14.7,98.4,0,stable
497,13,76.1,14.6,98.5,0,stable
497,14,76.7,14.5,98.5,0,stable
497,15,76.2,14.5,98.4,0,stable
497,16,77.0,14.6,98.5,0,stable
497,17,76.0,14.8,98.3,0,stable
497,18,76.4,15.1,98.3,0,stable
497,19,77.6,14.6,98.3,0,stable
497,20,75.6,14.4,98.4,0,stable
497,21,75.9,14.4,98.5,0,stable
497,22,76.4,14.5,98.4,0,stable
497,23,77.1,14.0,98.6,0,stable
497,24,77.3,14.5,98.7,0,stable
498,1,74.0,16.2,96.6,0,stable
498,2,74.8,16.5,96.5,0,stable
498,3,74.9,16.2,96.5,0,stable
498,4,75.2,16.1,96.7,0,stable
498,5,75.5,16.1,96.7,0,stable
498,6,75.2,16.1,96.6,0,stable
498,7,76.2,16.0,96.6,0,stable
498,8,76.3,15.9,96.4,0,stable
498,9,76.3,16.0,96.4,0,stable
498,10,75.1,16.1,96.7,0,stable
498,11,74.0,15.9,96.8,0,stable
498,12,75.5,15.7,96.9,0,stable
498,13,76.1,15.3,96.9,0,stable
498,14,76.2,15.5,96.8,0,stable
498,15,75.9,15.4,96.6,0,stable
498,16,74.4,15.9,96.7,0,stable
498,17,74.9,15.8,96.6,0,stable
498,18,75.5,16.0,96.5,0,stable
498,19,76.8,15.8,96.6,0,stable
498,20,75.0,16.4,96.8,0,stable
498,21,74.9,16.4,96.6,0,stable
498,22,75.8,16.7,96.6,0,stable
498,23,74.3,16.5,96.8,0,stable
498,24,74.8,16.5,96.7,0,stable
499,1,75.0,15.5,97.8,0,stable
499,2,74.8,16.1,97.6,0,stable
499,3,74.9,16.3,97.7,0,stable
499,4,76.6,16.0,97.6,0,stable
499,5,76.4,16.4,97.8,0,stable
499,6,76.8,16.2,97.8,0,stable
499,7,76.1,16.3,97.8,0,stable
499,8,76.7,15.8,97.7,0,stable
499,9,76.1,16.3,97.5,0,stable
499,10,75.2,16.2,97.6,0,stable
499,11,76.7,16.3,97.6,0,stable
499,12,76.4,16.4,97.7,0,stable
499,13,75.7,16.5,97.6,0,stable
499,14,75.9,16.0,97.8,0,stable
499,15,74.8,16.3,97.8,0,stable
499,16,75.1,16.4,97.7,0,stable
499,17,76.2,16.6,97.6,0,stable
499,18,75.7,16.8,97.6,0,stable
499,19,75.3,17.1,97.7,0,stable
499,20,74.9,16.6,97.7,0,stable
499,21,75.4,16.4,97.6,0,stable
499,22,75.2,16.4,97.7,0,stable
499,23,75.2,16.4,97.5,0,stable
499,24,74.7,16.6,97.6,0,stable
500,1,86.3,15.4,97.8,0,stable
500,2,85.6,15.3,97.6,0,stable
500,3,85.3,15.0,97.6,0,stable
500,4,84.3,15.3,97.7,0,stable
500,5,84.1,15.1,97.6,0,stable
500,6,84.3,15.1,97.5,0,stable
500,7,83.8,14.9,97.5,0,stable
500,8,83.9,15.0,97.7,0,stable
500,9,85.2,15.1,97.5,0,stable
500,10,84.1,14.8,97.3,0,stable
500,11,83.8,14.6,97.6,0,stable
500,12,83.3,14.4,97.3,0,stable
500,13,83.9,14.6,97.4,0,stable
500,14,83.8,14.9,97.5,0,stable
500,15,84.5,15.5,97.6,0,stable
500,16,84.9,15.4,97.6,0,stable
500,17,84.4,15.4,97.3,0,stable
500,18,83.0,15.0,97.4,0,stable
500,19,83.3,15.2,97.4,0,stable
500,20,84.0,15.0,97.5,0,stable
500,21,84.0,15.4,97.5,0,stable
500,22,84.3,15.4,97.4,0,stable
500,23,82.8,15.1,97.6,0,stable
500,24,84.1,15.4,97.5,0,stable
501,1,71.0,15.8,97.9,0,stable
501,2,69.6,15.5,98.0,0,stable
501,3,68.6,14.9,98.1,0,stable
501,4,67.3,14.9,97.8,0,stable
501,5,68.0,14.9,97.8,0,stable
501,6,68.5,14.5,97.9,0,stable
501,7,68.6,14.6,98.0,0,stable
501,8,67.8,15.0,98.0,0,stable
501,9,66.5,15.0,97.8,0,stable
501,10,66.1,15.2,97.8,0,stable
501,11,66.0,15.3,97.7,0,stable
501,12,65.9,15.0,97.8,0,stable
501,13,66.9,14.9,97.9,0,stable
501,14,68.1,14.9,97.8,0,stable
501,15,67.9,15.2,97.9,0,stable
501,16,68.0,14.9,97.9,0,stable
501,17,67.9,15.1,98.1,0,stable
501,18,68.2,15.3,98.3,0,stable
501,19,67.6,15.3,98.2,0,stable
501,20,67.2,15.1,97.9,0,stable
501,21,69.3,14.8,97.8,0,stable
501,22,68.0,14.4,98.2,0,stable
501,23,67.6,14.7,98.3,0,stable
501,24,68.2,14.7,98.3,0,stable
502,1,71.5,18.6,98.3,0,stable
502,2,71.3,18.2,98.6,0,stable
502,3,71.3,18.0,98.7,0,stable
502,4,72.5,17.7,98.6,0,stable
502,5,74.6,18.0,98.9,0,stable
502,6,73.2,18.1,98.7,0,stable
502,7,72.4,18.1,98.8,0,stable
502,8,72.8,18.0,98.6,0,stable
502,9,74.1,18.3,98.6,0,stable
502,10,73.7,18.3,98.6,0,stable
502,11,72.7,18.3,98.7,0,stable
502,12,73.4,18.6,98.6,0,stable
502,13,73.7,18.0,98.7,0,stable
502,14,73.3,17.8,98.6,0,stable
502,15,72.7,17.7,98.6,0,stable
502,16,73.6,17.8,98.7,0,stable
502,17,73.7,18.2,98.4,0,stable
502,18,73.5,18.4,98.5,0,stable
502,19,72.8,18.5,98.7,0,stable
502,20,74.0,18.2,98.6,0,stable
502,21,73.9,18.0,98.6,0,stable
502,22,75.3,17.9,98.7,0,stable
502,23,73.9,17.9,98.6,0,stable
502,24,74.3,17.9,98.7,0,stable
503,1,67.2,17.6,98.0,0,stable
503,2,67.6,17.5,98.0,0,stable
503,3,68.6,17.5,98.0,0,stable
503,4,69.9,17.3,97.9,0,stable
503,5,70.5,17.1,98.0,0,stable
503,6,69.7,17.1,97.9,0,stable
503,7,70.5,17.3,98.0,0,stable
503,8,70.5,17.5,98.1,0,stable
503,9,69.8,17.3,98.1,0,stable
503,10,69.1,17.1,97.9,0,stable
503,11,70.0,17.0,97.8,0,stable
503,12,69.0,17.0,98.0,0,stable
503,13,69.0,16.6,98.1,0,stable
503,14,68.9,16.1,98.1,0,stable
503,15,69.9,16.5,98.2,0,stable
503,16,69.5,16.5,98.1,0,stable
503,17,70.5,16.7,98.0,0,stable
503,18,69.1,16.3,97.8,0,stable
503,19,68.8,16.8,98.0,0,stable
503,20,69.1,17.1,98.1,0,stable
503,21,68.7,17.8,98.0,0,stable
503,22,67.9,17.6,98.0,0,stable
503,23,69.3,17.3,97.8,0,stable
503,24,69.5,16.8,97.9,0,stable
504,1,79.5,11.6,97.8,0,stable
504,2,81.1,12.4,97.5,0,stable
504,3,81.9,12.6,97.3,0,stable
504,4,81.0,12.6,97.3,0,stable
504,5,83.0,12.8,97.3,0,stable
504,6,82.8,12.4,97.1,0,stable
504,7,81.1,12.4,97.4,0,stable
504,8,81.5,13.1,97.6,0,stable
504,9,81.5,13.2,97.6,0,stable
504,10,81.5,13.2,97.7,0,stable
504,11,81.9,13.0,97.8,0,stable
504,12,83.5,12.9,97.7,0,stable
504,13,82.5,13.2,97.7,0,stable
504,14,81.8,13.6,97.7,0,stable
504,15,81.8,13.7,97.7,0,stable
504,16,81.6,13.6,97.9,0,stable
504,17,82.7,13.8,97.8,0,stable
504,18,83.3,13.6,97.7,0,stable
504,19,82.3,13.2,97.6,0,stable
504,20,82.6,13.4,97.4,0,stable
504,21,83.5,13.3,97.5,0,stable
504,22,83.9,13.1,97.6,0,stable
504,23,83.9,13.1,97.7,0,stable
504,24,84.2,13.3,97.8,0,stable
505,1,73.2,15.0,97.4,0,stable
505,2,73.1,15.0,97.2,0,stable
505,3,72.8,15.5,97.0,0,stable
505,4,73.1,15.6,97.0,0,stable
505,5,73.6,15.4,96.9,0,stable
505,6,74.9,15.4,97.0,0,stable
505,7,74.7,15.7,97.3,0,stable
505,8,74.4,15.2,97.4,0,stable
505,9,72.3,15.0,97.5,0,stable
505,10,72.5,14.9,97.3,0,stable
505,11,72.6,14.6,97.3,0,stable
505,12,73.0,14.4,97.2,0,stable
505,13,71.9,14.7,97.3,0,stable
505,14,72.4,15.1,97.2,0,stable
505,15,72.2,15.0,97.4,0,stable
505,16,72.4,15.1,97.3,0,stable
505,17,72.3,14.7,97.3,0,stable
505,18,72.0,14.3,96.9,0,stable
505,19,72.0,15.0,97.1,0,stable
505,20,71.8,14.6,97.2,0,stable
505,21,72.0,14.2,97.1,0,stable
505,22,73.1,14.3,97.1,0,stable
505,23,72.3,15.1,97.2,0,stable
505,24,73.0,15.3,97.1,0,stable
506,1,75.0,14.8,98.6,0,stable
506,2,74.2,14.8,98.6,0,stable
506,3,74.4,14.8,98.6,0,stable
506,4,73.9,14.8,98.6,0,stable
506,5,75.1,15.0,98.6,0,stable
506,6,76.8,15.0,98.6,0,stable
506,7,75.2,15.0,98.7,0,stable
506,8,76.5,14.8,98.7,0,stable
506,9,75.5,14.7,98.6,0,stable
506,10,75.9,15.1,98.5,0,stable
506,11,75.2,14.8,98.7,0,stable
506,12,75.6,15.0,98.6,0,stable
506,13,76.1,14.9,98.4,0,stable
506,14,75.6,14.7,98.5,0,stable
506,15,76.4,14.7,98.5,0,stable
506,16,76.5,14.7,98.7,0,stable
506,17,75.3,15.1,98.5,0,stable
506,18,76.2,14.8,98.6,0,stable
506,19,74.9,14.8,98.4,0,stable
506,20,75.3,15.0,98.4,0,stable
506,21,74.2,15.3,98.4,0,stable
506,22,74.8,14.7,98.5,0,stable
506,23,75.9,14.9,98.5,0,stable
506,24,75.3,14.9,98.4,0,stable
507,1,78.3,19.0,98.6,0,stable
507,2,78.3,18.6,98.5,0,stable
507,3,77.2,18.5,98.4,0,stable
507,4,77.4,18.0,98.6,0,stable
507,5,77.7,17.5,98.4,0,stable
507,6,77.5,17.6,98.4,0,stable
507,7,78.3,17.4,98.4,0,stable
507,8,78.6,17.5,98.3,0,stable
507,9,78.6,17.4,98.2,0,stable
507,10,76.9,17.3,98.1,0,stable
507,11,76.1,17.5,98.5,0,stable
507,12,76.8,17.1,98.3,0,stable
507,13,76.5,17.1,97.9,0,stable
507,14,78.4,16.8,98.2,0,stable
507,15,77.7,17.0,98.4,0,stable
507,16,78.4,17.3,98.2,0,stable
507,17,77.3,17.1,98.3,0,stable
507,18,77.9,17.0,98.5,0,stable
507,19,77.4,17.0,98.5,0,stable
507,20,78.0,16.9,98.3,0,stable
507,21,77.7,17.4,98.2,0,stable
507,22,78.2,17.1,98.3,0,stable
507,23,79.3,17.2,98.4,0,stable
507,24,78.7,17.2,98.4,0,stable
508,1,75.5,16.3,98.3,0,stable
508,2,77.6,16.5,98.2,0,stable
508,3,76.7,16.1,98.3,0,stable
508,4,77.4,16.0,98.3,0,stable
508,5,77.5,15.5,98.2,0,stable
508,6,77.7,15.4,98.1,0,stable
508,7,77.5,15.5,98.1,0,stable
508,8,77.2,15.6,98.3,0,stable
508,9,76.2,15.6,98.4,0,stable
508,10,76.4,15.2,98.4,0,stable
508,11,76.0,15.3,98.1,0,stable
508,12,76.2,15.6,98.1,0,stable
508,13,76.7,15.3,98.1,0,stable
508,14,77.7,15.3,98.1,0,stable
508,15,77.5,15.5,98.1,0,stable
508,16,77.3,15.2,97.9,0,stable
508,17,76.9,15.7,97.9,0,stable
508,18,75.8,15.6,97.9,0,stable
508,19,75.6,15.8,98.0,0,stable
508,20,75.9,15.9,98.2,0,stable
508,21,76.9,15.5,97.9,0,stable
508,22,77.2,15.4,98.0,0,stable
508,23,77.3,15.6,98.1,0,stable
508,24,77.9,15.1,98.2,0,stable
509,1,79.0,15.7,98.1,0,stable
509,2,79.3,16.0,97.7,0,stable
509,3,80.4,16.3,97.6,0,stable
509,4,80.6,16.5,97.6,0,stable
509,5,81.0,16.5,97.3,0,stable
509,6,80.5,16.3,97.4,0,stable
509,7,81.6,16.5,97.2,0,stable
509,8,80.4,16.1,97.4,0,stable
509,9,79.7,16.3,97.5,0,stable
509,10,78.0,16.4,97.7,0,stable
509,11,78.6,16.0,97.5,0,stable
509,12,76.9,16.2,97.5,0,stable
509,13,77.3,16.3,97.7,0,stable
509,14,76.6,16.0,97.4,0,stable
509,15,77.1,16.0,97.1,0,stable
509,16,76.4,16.3,97.1,0,stable
509,17,75.8,16.2,97.4,0,stable
509,18,75.1,16.2,97.7,0,stable
509,19,73.3,16.7,97.7,0,stable
509,20,74.7,16.1,97.7,0,stable
509,21,76.2,15.9,97.4,0,stable
509,22,76.6,16.2,97.3,0,stable
509,23,75.8,16.2,97.4,0,stable
509,24,76.8,16.3,97.4,0,stable
510,1,75.8,15.2,98.0,0,stable
510,2,76.1,15.0,97.6,0,stable
510,3,74.5,15.1,97.7,0,stable
510,4,74.7,15.0,97.6,0,stable
510,5,74.1,15.1,97.5,0,stable
510,6,75.0,14.9,97.6,0,stable
510,7,75.4,14.9,97.6,0,stable
510,8,76.7,14.8,97.4,0,stable
510,9,76.1,15.0,97.3,0,stable
510,10,75.6,14.7,97.5,0,stable
510,11,76.5,14.6,97.6,0,stable
510,12,75.1,14.9,97.6,0,stable
510,13,76.3,15.7,97.4,0,stable
510,14,75.9,15.5,97.5,0,stable
510,15,74.8,15.2,97.4,0,stable
510,16,75.5,15.4,97.6,0,stable
510,17,74.7,15.7,97.4,0,stable
510,18,74.4,15.5,97.2,0,stable
510,19,75.6,15.1,97.1,0,stable
510,20,75.4,15.4,97.5,0,stable
510,21,75.3,15.5,97.4,0,stable
510,22,75.8,15.9,97.2,0,stable
510,23,75.6,15.5,97.1,0,stable
510,24,75.5,15.1,97.4,0,stable
511,1,75.8,13.4,97.0,0,stable
511,2,76.3,13.0,96.9,0,stable
511,3,78.4,13.2,97.0,0,stable
511,4,77.8,13.5,96.8,0,stable
511,5,78.7,14.0,96.6,0,stable
511,6,78.9,13.9,96.8,0,stable
511,7,78.5,14.2,97.0,0,stable
511,8,77.8,13.9,96.8,0,stable
511,9,78.6,14.0,96.6,0,stable
511,10,78.4,13.6,96.6,0,stable
511,11,78.9,13.8,96.7,0,stable
511,12,78.6,13.9,96.7,0,stable
511,13,78.6,13.9,96.8,0,stable
511,14,78.7,14.1,96.9,0,stable
511,15,77.2,14.0,96.9,0,stable
511,16,77.0,13.5,96.8,0,stable
511,17,77.0,13.7,96.8,0,stable
511,18,76.3,13.7,96.7,0,stable
511,19,77.3,13.8,96.7,0,stable
511,20,77.7,14.0,96.7,0,stable
511,21,78.1,14.0,96.7,0,stable
511,22,79.2,13.8,96.9,0,stable
511,23,78.9,14.0,96.9,0,stable
511,24,78.3,13.8,97.0,0,stable
512,1,87.9,15.7,96.6,0,stable
512,2,87.6,15.6,96.5,0,stable
512,3,85.4,15.5,96.4,0,stable
512,4,82.9,15.0,96.4,0,stable
512,5,85.0,14.8,96.3,0,stable
512,6,85.0,14.9,96.5,0,stable
512,7,84.5,14.9,96.6,0,stable
512,8,83.6,14.8,96.5,0,stable
512,9,83.5,14.8,96.6,0,stable
512,10,84.3,14.5,96.8,0,stable
512,11,84.1,14.1,96.7,0,stable
512,12,83.0,14.0,96.5,0,stable
512,13,83.2,14.4,96.6,0,stable
512,14,83.9,14.5,96.6,0,stable
512,15,85.2,14.3,96.6,0,stable
512,16,82.8,14.1,96.5,0,stable
512,17,83.7,14.7,96.7,0,stable
512,18,82.9,14.8,96.7,0,stable
512,19,83.7,14.4,96.8,0,stable
512,20,83.5,14.6,96.4,0,stable
512,21,83.9,14.5,96.5,0,stable
512,22,83.4,14.7,96.5,0,stable
512,23,83.7,14.5,96.5,0,stable
512,24,82.9,14.9,96.7,0,stable
513,1,78.4,18.6,97.3,0,stable
513,2,78.7,18.8,97.4,0,stable
513,3,80.5,18.6,97.2,0,stable
513,4,81.2,18.9,97.1,0,stable
513,5,80.5,18.9,97.0,0,stable
513,6,80.4,18.8,96.9,0,stable
513,7,81.2,19.2,97.1,0,stable
513,8,79.6,19.9,97.1,0,stable
513,9,80.6,19.9,96.8,0,stable
513,10,80.1,19.9,96.6,0,stable
513,11,80.6,19.4,96.7,0,stable
513,12,80.5,19.6,96.8,0,stable
513,13,80.4,19.5,97.0,0,stable
513,14,79.2,19.8,97.2,0,stable
513,15,79.7,19.7,97.2,0,stable
513,16,80.1,19.9,97.1,0,stable
513,17,80.0,19.9,97.2,0,stable
513,18,80.1,19.1,97.1,0,stable
513,19,80.2,18.9,97.2,0,stable
513,20,81.3,19.2,97.0,0,stable
513,21,81.1,19.2,96.8,0,stable
513,22,80.1,19.7,97.1,0,stable
513,23,80.5,19.9,97.0,0,stable
513,24,81.1,20.0,97.1,0,stable
514,1,72.3,15.5,97.6,0,stable
514,2,73.2,15.2,97.8,0,stable
514,3,72.5,15.7,98.0,0,stable
514,4,73.1,15.4,97.8,0,stable
514,5,72.4,15.2,97.7,0,stable
514,6,73.7,15.5,97.6,0,stable
514,7,73.9,16.0,97.7,0,stable
514,8,73.3,16.0,97.6,0,stable
514,9,71.3,15.9,97.8,0,stable
514,10,72.7,16.3,97.8,0,stable
514,11,72.7,16.1,98.0,0,stable
514,12,73.3,16.3,98.0,0,stable
514,13,72.6,16.1,98.0,0,stable
514,14,73.6,16.2,98.0,0,stable
514,15,73.8,16.4,98.1,0,stable
514,16,73.5,16.2,98.1,0,stable
514,17,72.5,16.4,98.1,0,stable
514,18,71.2,16.1,98.0,0,stable
514,19,70.9,16.0,97.9,0,stable
514,20,71.7,15.9,97.9,0,stable
514,21,72.5,15.7,98.0,0,stable
514,22,72.1,16.4,97.8,0,stable
514,23,73.4,16.3,97.9,0,stable
514,24,72.3,16.1,98.1,0,stable
515,1,84.9,15.7,96.8,0,stable
515,2,82.9,15.8,96.7,0,stable
515,3,81.9,16.0,96.7,0,stable
515,4,81.3,15.8,97.1,0,stable
515,5,80.2,15.8,97.1,0,stable
515,6,80.3,15.9,96.9,0,stable
515,7,79.7,16.1,97.0,0,stable
515,8,79.5,16.5,97.0,0,stable
515,9,80.5,16.3,97.1,0,stable
515,10,80.9,16.4,96.8,0,stable
515,11,81.4,16.2,97.0,0,stable
515,12,81.5,16.5,97.3,0,stable
515,13,81.5,16.0,97.1,0,stable
515,14,81.3,16.3,97.1,0,stable
515,15,80.8,16.3,97.1,0,stable
515,16,80.0,15.8,97.0,0,stable
515,17,81.0,16.0,96.9,0,stable
515,18,79.8,15.9,96.8,0,stable
515,19,79.2,16.1,97.0,0,stable
515,20,80.1,15.9,96.7,0,stable
515,21,80.2,16.0,96.8,0,stable
515,22,80.0,16.0,96.9,0,stable
515,23,79.9,16.3,96.9,0,stable
515,24,79.4,15.9,96.9,0,stable
516,1,82.2,14.9,96.9,0,stable
516,2,81.6,15.1,96.9,0,stable
516,3,81.9,15.6,97.0,0,stable
516,4,82.2,15.5,96.9,0,stable
516,5,82.0,15.4,96.9,0,stable
516,6,82.5,14.9,97.0,0,stable
516,7,83.6,14.9,97.0,0,stable
516,8,83.1,15.4,96.9,0,stable
516,9,83.3,15.2,97.1,0,stable
516,10,82.9,15.6,97.1,0,stable
516,11,83.2,15.3,97.2,0,stable
516,12,81.9,15.5,97.1,0,stable
516,13,83.9,15.4,97.1,0,stable
516,14,81.5,15.1,97.2,0,stable
516,15,83.0,15.3,97.1,0,stable
516,16,83.4,15.2,97.1,0,stable
516,17,83.0,15.3,97.0,0,stable
516,18,83.8,15.6,96.9,0,stable
516,19,83.4,15.6,97.1,0,stable
516,20,83.9,15.4,97.0,0,stable
516,21,81.9,15.4,96.8,0,stable
516,22,81.2,15.5,97.0,0,stable
516,23,82.1,15.8,96.8,0,stable
516,24,80.4,16.0,97.0,0,stable
517,1,80.5,15.9,96.5,0,stable
517,2,82.3,15.9,96.6,0,stable
517,3,82.5,15.6,96.6,0,stable
517,4,81.4,15.5,96.8,0,stable
517,5,83.8,15.7,96.9,0,stable
517,6,83.4,16.1,97.0,0,stable
517,7,83.7,16.4,96.9,0,stable
517,8,82.0,16.3,96.8,0,stable
517,9,81.8,16.4,96.7,0,stable
517,10,82.7,16.3,96.8,0,stable
517,11,83.6,16.7,96.8,0,stable
517,12,84.1,16.8,96.7,0,stable
517,13,84.5,16.5,96.6,0,stable
517,14,84.6,16.2,96.7,0,stable
517,15,82.9,16.4,96.7,0,stable
517,16,81.5,16.4,96.7,0,stable
517,17,80.6,16.7,96.6,0,stable
517,18,80.9,16.6,96.7,0,stable
517,19,80.3,16.9,96.8,0,stable
517,20,81.7,16.6,97.0,0,stable
517,21,81.6,16.3,97.1,0,stable
517,22,81.0,16.6,97.1,0,stable
517,23,79.9,16.8,97.1,0,stable
517,24,80.4,16.7,97.0,0,stable
518,1,73.2,15.7,97.9,0,stable
518,2,73.6,15.6,97.9,0,stable
518,3,72.2,16.0,97.9,0,stable
518,4,72.2,16.1,98.0,0,stable
518,5,73.0,16.5,98.0,0,stable
518,6,73.3,16.4,97.9,0,stable
518,7,72.3,16.4,97.8,0,stable
518,8,71.9,16.8,97.8,0,stable
518,9,71.8,16.6,97.8,0,stable
518,10,71.3,16.8,97.9,0,stable
518,11,71.9,16.8,97.7,0,stable
518,12,71.3,16.6,97.8,0,stable
518,13,72.3,16.9,98.0,0,stable
518,14,72.6,16.8,98.1,0,stable
518,15,72.4,17.0,98.1,0,stable
518,16,73.5,17.1,98.2,0,stable
518,17,72.0,16.9,98.0,0,stable
518,18,72.1,16.9,98.1,0,stable
518,19,72.3,16.7,97.9,0,stable
518,20,72.1,16.4,97.6,0,stable
518,21,71.5,16.4,97.8,0,stable
518,22,71.7,16.3,97.8,0,stable
518,23,72.6,16.1,97.9,0,stable
518,24,71.4,16.4,97.8,0,stable
519,1,71.0,15.7,98.6,0,stable
519,2,72.2,16.0,98.6,0,stable
519,3,73.0,16.1,98.5,0,stable
519,4,74.5,16.2,98.3,0,stable
519,5,73.4,16.2,98.1,0,stable
519,6,73.9,16.2,98.4,0,stable
519,7,74.6,16.2,98.5,0,stable
519,8,74.7,15.8,98.4,0,stable
519,9,73.9,16.1,98.3,0,stable
519,10,72.6,16.0,98.2,0,stable
519,11,73.5,15.9,98.4,0,stable
519,12,74.0,16.1,98.3,0,stable
519,13,74.6,15.9,98.2,0,stable
519,14,74.0,15.9,98.3,0,stable
519,15,74.7,16.0,98.3,0,stable
519,16,73.5,16.3,98.5,0,stable
519,17,73.8,16.3,98.3,0,stable
519,18,73.5,16.1,98.2,0,stable
519,19,73.5,16.6,98.1,0,stable
519,20,72.9,16.1,98.3,0,stable
519,21,74.1,15.6,98.3,0,stable
519,22,74.2,16.0,98.0,0,stable
519,23,73.2,15.6,98.1,0,stable
519,24,72.4,15.2,98.2,0,stable
520,1,84.6,16.7,98.0,0,stable
520,2,82.6,16.4,98.0,0,stable
520,3,81.1,16.0,97.9,0,stable
520,4,82.6,15.9,97.9,0,stable
520,5,83.0,16.1,98.0,0,stable
520,6,82.9,16.2,98.1,0,stable
520,7,82.9,16.2,98.1,0,stable
520,8,84.0,16.3,98.2,0,stable
520,9,82.8,16.2,98.1,0,stable
520,10,83.2,15.6,98.2,0,stable
520,11,82.0,15.7,98.2,0,stable
520,12,81.8,16.1,98.2,0,stable
520,13,82.6,16.0,98.4,0,stable
520,14,82.8,16.4,98.3,0,stable
520,15,82.3,16.5,98.4,0,stable
520,16,81.5,16.4,98.3,0,stable
520,17,80.6,16.5,98.2,0,stable
520,18,81.7,16.3,98.4,0,stable
520,19,81.3,16.2,98.2,0,stable
520,20,83.1,16.0,98.3,0,stable
520,21,84.9,16.1,98.3,0,stable
520,22,83.6,16.0,98.3,0,stable
520,23,83.5,16.2,98.2,0,stable
520,24,82.2,16.1,98.2,0,stable
521,1,81.4,16.3,97.1,0,stable
521,2,79.0,16.5,96.9,0,stable
521,3,78.8,16.7,97.0,0,stable
521,4,79.6,16.9,96.9,0,stable
521,5,79.6,17.1,96.8,0,stable
521,6,78.7,17.2,96.7,0,stable
521,7,78.3,16.7,96.9,0,stable
521,8,78.4,16.8,96.9,0,stable
521,9,78.1,16.1,96.8,0,stable
521,10,76.9,16.2,96.6,0,stable
521,11,78.1,16.6,96.7,0,stable
521,12,77.8,16.9,96.7,0,stable
521,13,78.3,16.9,96.8,0,stable
521,14,77.8,17.0,96.6,0,stable
521,15,78.5,17.4,96.8,0,stable
521,16,78.2,17.2,96.6,0,stable
521,17,77.8,17.0,96.7,0,stable
521,18,78.7,17.0,96.5,0,stable
521,19,79.1,17.2,96.5,0,stable
521,20,78.9,17.0,96.4,0,stable
521,21,78.8,17.1,96.4,0,stable
521,22,78.6,17.0,96.3,0,stable
521,23,78.7,16.9,96.5,0,stable
521,24,77.2,16.5,96.5,0,stable
522,1,68.2,15.8,97.4,0,stable
522,2,70.1,15.5,97.4,0,stable
522,3,69.4,15.6,97.4,0,stable
522,4,68.5,15.6,97.4,0,stable
522,5,67.9,15.9,97.3,0,stable
522,6,68.3,16.0,97.3,0,stable
522,7,67.1,16.4,97.3,0,stable
522,8,67.3,16.2,97.2,0,stable
522,9,68.6,16.7,97.2,0,stable
522,10,68.4,16.8,97.2,0,stable
522,11,68.5,16.3,97.1,0,stable
522,12,67.3,16.0,97.2,0,stable
522,13,68.7,16.0,97.4,0,stable
522,14,69.0,16.1,97.3,0,stable
522,15,68.0,16.2,97.5,0,stable
522,16,67.2,16.3,97.3,0,stable
522,17,66.6,16.2,97.4,0,stable
522,18,66.3,15.8,97.2,0,stable
522,19,66.1,15.8,97.2,0,stable
522,20,67.7,15.9,97.2,0,stable
522,21,67.8,16.5,97.2,0,stable
522,22,67.3,16.4,97.3,0,stable
522,23,67.7,16.1,97.4,0,stable
522,24,67.8,16.3,97.2,0,stable
523,1,78.6,16.7,97.8,0,stable
523,2,79.3,16.3,97.8,0,stable
523,3,79.5,16.4,97.7,0,stable
523,4,79.9,16.9,97.8,0,stable
523,5,80.3,16.9,97.8,0,stable
523,6,78.5,17.0,97.9,0,stable
523,7,78.3,17.2,97.8,0,stable
523,8,78.9,16.7,97.7,0,stable
523,9,79.8,16.9,97.6,0,stable
523,10,79.7,16.7,97.5,0,stable
523,11,80.4,16.9,97.5,0,stable
523,12,79.4,17.1,97.6,0,stable
523,13,79.7,17.3,97.9,0,stable
523,14,79.4,16.9,97.9,0,stable
523,15,79.9,17.1,97.8,0,stable
523,16,80.2,16.9,98.0,0,stable
523,17,79.8,17.1,97.9,0,stable
523,18,80.3,16.9,97.8,0,stable
523,19,80.3,16.9,97.8,0,stable
523,20,80.4,16.7,97.8,0,stable
523,21,79.5,17.1,98.0,0,stable
523,22,79.1,17.0,98.0,0,stable
523,23,79.8,17.4,98.1,0,stable
523,24,79.5,17.2,98.1,0,stable
524,1,77.0,15.8,98.5,0,stable
524,2,75.5,16.0,98.6,0,stable
524,3,76.7,16.2,98.4,0,stable
524,4,75.9,16.1,98.7,0,stable
524,5,77.1,15.6,98.5,0,stable
524,6,76.5,15.7,98.7,0,stable
524,7,77.7,15.6,98.6,0,stable
524,8,76.8,15.6,98.6,0,stable
524,9,76.1,15.6,98.5,0,stable
524,10,75.9,15.9,98.6,0,stable
524,11,75.8,16.0,98.8,0,stable
524,12,75.2,16.2,98.9,0,stable
524,13,75.8,16.3,98.7,0,stable
524,14,75.0,16.0,98.8,0,stable
524,15,74.8,16.3,98.7,0,stable
524,16,75.7,16.3,98.7,0,stable
524,17,76.7,16.2,98.8,0,stable
524,18,76.0,16.3,98.6,0,stable
524,19,76.8,16.2,98.6,0,stable
524,20,77.4,16.2,98.5,0,stable
524,21,77.1,16.0,98.7,0,stable
524,22,78.3,15.9,98.7,0,stable
524,23,77.2,15.9,98.7,0,stable
524,24,77.3,15.9,98.9,0,stable
525,1,73.2,17.1,97.9,0,stable
525,2,73.7,16.8,97.8,0,stable
525,3,71.7,16.7,97.5,0,stable
525,4,72.1,16.6,97.5,0,stable
525,5,72.9,16.5,97.6,0,stable
525,6,72.4,16.1,97.7,0,stable
525,7,72.7,16.1,97.8,0,stable
525,8,71.7,16.3,97.7,0,stable
525,9,71.8,15.9,97.7,0,stable
525,10,71.5,16.0,97.8,0,stable
525,11,71.9,15.9,97.8,0,stable
525,12,71.6,16.1,97.5,0,stable
525,13,73.2,15.8,97.4,0,stable
525,14,72.3,16.0,97.4,0,stable
525,15,73.4,16.0,97.5,0,stable
525,16,73.8,15.5,97.3,0,stable
525,17,73.9,15.9,97.3,0,stable
525,18,74.5,15.9,97.4,0,stable
525,19,73.7,16.4,97.7,0,stable
525,20,73.2,16.2,97.7,0,stable
525,21,72.4,16.4,97.6,0,stable
525,22,71.0,16.5,97.2,0,stable
525,23,70.7,16.2,97.3,0,stable
525,24,71.4,16.2,97.3,0,stable
526,1,73.6,15.7,99.2,0,stable
526,2,73.8,15.6,99.0,0,stable
526,3,72.2,15.9,99.2,0,stable
526,4,73.0,16.1,99.2,0,stable
526,5,72.1,16.5,99.5,0,stable
526,6,71.1,16.4,99.6,0,stable
526,7,70.3,16.6,99.5,0,stable
526,8,71.1,16.3,99.6,0,stable
526,9,70.9,16.0,99.7,0,stable
526,10,71.0,16.6,99.5,0,stable
526,11,72.1,16.6,99.6,0,stable
526,12,72.5,16.8,99.3,0,stable
526,13,72.7,16.3,99.5,0,stable
526,14,73.5,16.1,99.5,0,stable
526,15,74.0,16.1,99.5,0,stable
526,16,74.1,15.8,99.3,0,stable
526,17,73.3,15.9,99.5,0,stable
526,18,73.2,16.1,99.4,0,stable
526,19,72.5,15.6,99.2,0,stable
526,20,74.0,15.9,99.0,0,stable
526,21,73.7,16.3,99.1,0,stable
526,22,73.7,16.2,99.2,0,stable
526,23,73.5,16.5,99.2,0,stable
526,24,74.2,16.1,99.1,0,stable
527,1,77.1,16.5,98.7,0,stable
527,2,77.3,16.6,99.0,0,stable
527,3,75.9,16.9,99.0,0,stable
527,4,76.4,16.9,98.7,0,stable
527,5,76.4,17.3,98.7,0,stable
527,6,76.2,17.1,98.9,0,stable
527,7,77.5,17.0,98.9,0,stable
527,8,77.8,17.4,98.8,0,stable
527,9,77.4,18.0,98.7,0,stable
527,10,77.6,17.7,98.6,0,stable
527,11,78.3,17.6,98.5,0,stable
527,12,79.1,17.5,98.4,0,stable
527,13,77.9,17.4,98.3,0,stable
527,14,77.3,17.8,98.2,0,stable
527,15,76.4,17.6,98.2,0,stable
527,16,77.4,17.4,98.4,0,stable
527,17,76.2,17.2,98.5,0,stable
527,18,77.9,17.1,98.5,0,stable
527,19,78.6,17.7,98.6,0,stable
527,20,78.8,17.7,98.4,0,stable
527,21,78.1,17.6,98.3,0,stable
527,22,77.6,17.8,98.4,0,stable
527,23,78.9,17.4,98.5,0,stable
527,24,78.0,17.9,98.5,0,stable
528,1,75.8,16.5,98.3,0,stable
528,2,73.9,16.6,98.0,0,stable
528,3,74.1,17.0,98.0,0,stable
528,4,73.0,17.6,98.0,0,stable
528,5,75.1,17.7,97.8,0,stable
528,6,74.8,17.7,97.9,0,stable
528,7,74.5,17.5,97.8,0,stable
528,8,73.4,17.6,97.9,0,stable
528,9,74.3,17.4,97.9,0,stable
528,10,74.3,17.3,97.9,0,stable
528,11,74.9,17.7,97.9,0,stable
528,12,77.3,17.5,97.6,0,stable
528,13,77.4,17.7,97.5,0,stable
528,14,76.6,18.3,97.6,0,stable
528,15,75.9,18.1,97.4,0,stable
528,16,74.8,18.5,97.5,0,stable
528,17,75.7,18.6,97.5,0,stable
528,18,74.4,18.3,97.5,0,stable
528,19,74.7,17.6,97.7,0,stable
528,20,76.0,17.3,97.5,0,stable
528,21,76.7,17.4,97.2,0,stable
528,22,76.6,17.4,97.3,0,stable
528,23,75.5,18.0,97.5,0,stable
528,24,74.5,17.9,97.4,0,stable
529,1,80.3,16.5,97.6,0,stable
529,2,79.7,16.9,97.3,0,stable
529,3,80.8,17.0,97.2,0,stable
529,4,82.4,16.2,97.1,0,stable
529,5,81.6,16.4,97.0,0,stable
529,6,80.9,16.6,96.7,0,stable
529,7,81.5,16.7,96.9,0,stable
529,8,80.5,16.7,97.0,0,stable
529,9,81.4,17.0,97.0,0,stable
529,10,81.9,16.5,96.9,0,stable
529,11,81.6,16.6,96.7,0,stable
529,12,81.8,16.8,96.7,0,stable
529,13,81.6,17.0,96.9,0,stable
529,14,81.3,17.1,96.9,0,stable
529,15,83.1,16.9,96.8,0,stable
529,16,82.7,16.7,96.9,0,stable
529,17,80.3,16.7,96.7,0,stable
529,18,81.4,16.4,96.6,0,stable
529,19,80.2,16.4,96.8,0,stable
529,20,79.5,16.5,96.6,0,stable
529,21,80.1,16.4,96.5,0,stable
529,22,79.9,16.8,96.9,0,stable
529,23,79.8,16.7,96.9,0,stable
529,24,80.1,16.5,96.8,0,stable
530,1,82.7,17.3,97.1,0,stable
530,2,83.7,17.5,96.8,0,stable
530,3,83.8,18.0,96.7,0,stable
530,4,85.2,18.2,96.8,0,stable
530,5,86.2,18.1,96.7,0,stable
530,6,86.4,17.7,96.7,0,stable
530,7,85.6,18.2,96.8,0,stable
530,8,86.3,18.4,97.0,0,stable
530,9,86.1,18.0,96.9,0,stable
530,10,85.6,18.0,96.8,0,stable
530,11,85.1,18.0,96.9,0,stable
530,12,86.1,18.4,96.8,0,stable
530,13,85.3,18.4,96.7,0,stable
530,14,85.5,18.0,96.7,0,stable
530,15,85.9,17.8,96.7,0,stable
530,16,85.4,17.9,96.6,0,stable
530,17,85.6,18.1,96.8,0,stable
530,18,85.3,17.9,96.8,0,stable
530,19,84.7,18.0,96.9,0,stable
530,20,84.7,18.1,96.5,0,stable
530,21,84.9,18.4,96.8,0,stable
530,22,83.8,18.4,96.9,0,stable
530,23,83.8,18.4,97.1,0,stable
530,24,84.2,17.9,97.2,0,stable
531,1,80.2,15.6,97.6,0,stable
531,2,78.6,16.2,97.5,0,stable
531,3,77.2,16.1,97.4,0,stable
531,4,77.0,16.0,97.3,0,stable
531,5,77.5,16.1,97.3,0,stable
531,6,78.3,16.2,97.1,0,stable
531,7,76.2,16.4,97.2,0,stable
531,8,75.9,16.5,97.2,0,stable
531,9,75.4,16.5,97.1,0,stable
531,10,76.4,16.7,97.2,0,stable
531,11,77.2,16.4,97.2,0,stable
531,12,78.9,16.3,97.4,0,stable
531,13,78.8,16.2,97.4,0,stable
531,14,77.9,16.2,97.2,0,stable
531,15,77.1,15.8,97.3,0,stable
531,16,77.6,16.1,97.3,0,stable
531,17,78.0,15.9,97.3,0,stable
531,18,76.8,15.7,97.1,0,stable
531,19,78.3,16.1,97.1,0,stable
531,20,79.8,16.1,97.3,0,stable
531,21,78.9,16.0,97.2,0,stable
531,22,77.4,15.8,97.4,0,stable
531,23,78.1,16.3,97.2,0,stable
531,24,76.9,16.3,97.4,0,stable
532,1,73.3,14.4,97.5,0,stable
532,2,72.2,14.5,97.8,0,stable
532,3,71.8,14.1,97.7,0,stable
532,4,72.5,13.9,97.8,0,stable
532,5,71.5,14.2,97.8,0,stable
532,6,71.9,14.0,97.7,0,stable
532,7,71.3,13.7,97.8,0,stable
532,8,70.3,13.7,97.7,0,stable
532,9,69.2,13.5,97.7,0,stable
532,10,69.3,13.8,98.0,0,stable
532,11,70.6,13.5,98.1,0,stable
532,12,70.3,13.7,98.0,0,stable
532,13,70.0,14.3,97.8,0,stable
532,14,70.5,14.3,97.8,0,stable
532,15,71.7,14.4,98.0,0,stable
532,16,71.2,14.0,98.0,0,stable
532,17,70.9,14.1,97.7,0,stable
532,18,71.7,14.0,97.9,0,stable
532,19,70.9,14.1,97.7,0,stable
532,20,70.6,14.2,97.7,0,stable
532,21,71.3,13.6,97.8,0,stable
532,22,70.4,13.3,97.9,0,stable
532,23,70.0,13.5,97.8,0,stable
532,24,70.1,13.4,97.7,0,stable
533,1,79.3,11.6,97.6,0,stable
533,2,79.8,12.1,97.2,0,stable
533,3,79.8,12.4,97.1,0,stable
533,4,80.0,12.4,97.2,0,stable
533,5,79.7,12.2,97.3,0,stable
533,6,78.0,12.2,97.3,0,stable
533,7,78.6,12.7,97.3,0,stable
533,8,78.3,12.9,97.4,0,stable
533,9,79.5,13.1,97.5,0,stable
533,10,80.4,12.5,97.4,0,stable
533,11,80.7,12.6,97.3,0,stable
533,12,81.1,12.4,97.2,0,stable
533,13,80.1,12.7,97.3,0,stable
533,14,80.0,13.2,97.4,0,stable
533,15,78.7,12.9,97.5,0,stable
533,16,78.8,13.1,97.6,0,stable
533,17,79.2,12.5,97.5,0,stable
533,18,79.5,12.8,97.4,0,stable
533,19,78.9,13.1,97.2,0,stable
533,20,79.1,13.0,97.2,0,stable
533,21,78.7,13.0,97.3,0,stable
533,22,79.5,12.7,97.3,0,stable
533,23,78.5,12.2,97.3,0,stable
533,24,79.3,12.2,97.3,0,stable
534,1,81.4,12.7,98.0,0,stable
534,2,82.7,13.0,98.1,0,stable
534,3,82.4,13.2,98.0,0,stable
534,4,81.8,13.3,97.7,0,stable
534,5,81.7,12.7,97.6,0,stable
534,6,81.7,12.8,97.8,0,stable
534,7,82.6,12.9,97.8,0,stable
534,8,82.0,13.0,97.6,0,stable
534,9,82.4,12.6,97.7,0,stable
534,10,82.8,12.9,97.8,0,stable
534,11,84.0,12.7,97.6,0,stable
534,12,83.9,13.0,97.7,0,stable
534,13,82.9,12.7,97.6,0,stable
534,14,81.7,12.5,97.7,0,stable
534,15,82.2,12.6,97.6,0,stable
534,16,82.9,13.1,97.5,0,stable
534,17,82.5,13.0,97.6,0,stable
534,18,81.3,13.4,97.7,0,stable
534,19,81.1,13.2,97.8,0,stable
534,20,82.1,13.1,97.8,0,stable
534,21,83.0,13.2,97.6,0,stable
534,22,82.2,13.3,97.4,0,stable
534,23,82.3,13.0,97.5,0,stable
534,24,82.2,13.6,97.5,0,stable
535,1,80.5,16.3,97.2,0,stable
535,2,81.7,16.8,97.4,0,stable
535,3,81.2,16.8,97.4,0,stable
535,4,80.1,16.3,97.2,0,stable
535,5,81.5,16.2,97.4,0,stable
535,6,80.2,16.4,97.3,0,stable
535,7,81.1,16.8,97.1,0,stable
535,8,81.6,16.9,97.1,0,stable
535,9,81.8,17.0,97.1,0,stable
535,10,80.5,16.9,96.9,0,stable
535,11,79.2,17.0,96.7,0,stable
535,12,79.6,16.9,96.9,0,stable
535,13,81.0,16.8,96.9,0,stable
535,14,81.7,16.8,97.0,0,stable
535,15,82.0,17.1,97.1,0,stable
535,16,82.0,17.2,97.0,0,stable
535,17,82.0,17.0,97.0,0,stable
535,18,80.8,16.4,97.2,0,stable
535,19,81.2,16.4,97.0,0,stable
535,20,81.4,16.7,97.0,0,stable
535,21,81.2,16.9,97.1,0,stable
535,22,80.4,16.8,96.9,0,stable
535,23,81.5,16.8,97.0,0,stable
535,24,82.6,16.5,97.0,0,stable
536,1,80.0,16.9,97.0,0,stable
536,2,82.1,16.6,97.1,0,stable
536,3,83.2,16.6,97.3,0,stable
536,4,83.0,17.4,97.5,0,stable
536,5,84.0,17.3,97.6,0,stable
536,6,84.6,16.9,97.6,0,stable
536,7,84.8,17.1,97.5,0,stable
536,8,86.4,17.1,97.7,0,stable
536,9,86.6,16.6,97.9,0,stable
536,10,86.4,16.9,97.9,0,stable
536,11,86.1,16.9,97.9,0,stable
536,12,85.7,17.4,97.7,0,stable
536,13,85.4,17.3,97.7,0,stable
536,14,85.2,16.9,97.7,0,stable
536,15,84.7,17.3,97.8,0,stable
536,16,84.7,17.3,97.6,0,stable
536,17,84.5,17.2,97.6,0,stable
536,18,84.5,17.3,97.4,0,stable
536,19,83.4,17.6,97.4,0,stable
536,20,82.3,17.3,97.5,0,stable
536,21,82.7,17.4,97.3,0,stable
536,22,84.3,17.1,97.5,0,stable
536,23,83.5,17.3,97.6,0,stable
536,24,84.1,17.6,97.6,0,stable
537,1,85.1,19.4,97.2,0,stable
537,2,85.0,19.4,97.3,0,stable
537,3,83.8,19.0,97.3,0,stable
537,4,84.5,18.7,97.3,0,stable
537,5,81.8,18.9,97.3,0,stable
537,6,82.4,18.8,97.1,0,stable
537,7,83.4,19.1,97.3,0,stable
537,8,82.9,19.2,97.3,0,stable
537,9,82.9,19.2,97.3,0,stable
537,10,83.7,18.8,97.2,0,stable
537,11,82.3,18.6,97.4,0,stable
537,12,81.2,18.8,97.3,0,stable
537,13,81.6,19.2,97.4,0,stable
537,14,82.9,18.5,97.6,0,stable
537,15,83.5,18.8,97.6,0,stable
537,16,83.5,19.2,97.3,0,stable
537,17,83.7,19.3,97.3,0,stable
537,18,82.3,19.5,97.3,0,stable
537,19,82.0,19.2,97.5,0,stable
537,20,83.0,19.4,97.5,0,stable
537,21,82.9,19.5,97.4,0,stable
537,22,83.2,19.6,97.3,0,stable
537,23,82.8,19.3,97.2,0,stable
537,24,82.2,19.3,97.2,0,stable
538,1,83.5,13.0,99.4,0,stable
538,2,84.4,12.9,99.4,0,stable
538,3,85.1,13.3,99.5,0,stable
538,4,84.5,13.5,99.6,0,stable
538,5,84.8,13.6,99.5,0,stable
538,6,84.5,13.2,99.5,0,stable
538,7,82.7,12.8,99.3,0,stable
538,8,84.3,13.2,99.3,0,stable
538,9,84.0,13.3,99.4,0,stable
538,10,84.4,13.2,99.2,0,stable
538,11,84.7,13.1,98.9,0,stable
538,12,83.9,12.9,99.1,0,stable
538,13,83.4,13.1,99.3,0,stable
538,14,82.3,13.1,99.3,0,stable
538,15,83.0,12.7,99.4,0,stable
538,16,83.8,13.0,99.2,0,stable
538,17,84.4,13.2,99.2,0,stable
538,18,84.0,13.6,99.0,0,stable
538,19,82.9,13.7,99.0,0,stable
538,20,83.3,13.4,98.9,0,stable
538,21,82.8,13.6,99.1,0,stable
538,22,83.6,13.7,99.2,0,stable
538,23,82.1,13.7,99.2,0,stable
538,24,82.1,13.4,99.2,0,stable
539,1,80.0,18.6,97.6,0,stable
539,2,79.4,18.6,97.6,0,stable
539,3,80.0,18.6,97.8,0,stable
539,4,78.9,18.7,97.9,0,stable
539,5,78.7,18.5,97.8,0,stable
539,6,79.1,18.3,97.6,0,stable
539,7,79.1,18.1,97.6,0,stable
539,8,78.6,17.9,97.8,0,stable
539,9,78.0,18.3,97.7,0,stable
539,10,77.8,18.4,97.7,0,stable
539,11,79.3,18.2,97.6,0,stable
539,12,79.4,18.1,97.5,0,stable
539,13,79.2,18.2,97.6,0,stable
539,14,80.0,18.4,97.8,0,stable
539,15,78.2,18.0,97.9,0,stable
539,16,78.7,18.3,97.6,0,stable
539,17,78.1,18.1,97.8,0,stable
539,18,78.3,18.3,97.8,0,stable
539,19,78.8,18.5,97.8,0,stable
539,20,78.8,18.2,97.7,0,stable
539,21,78.2,18.3,97.6,0,stable
539,22,78.7,18.6,97.6,0,stable
539,23,78.5,18.7,97.8,0,stable
539,24,77.9,18.1,97.9,0,stable
540,1,78.8,16.9,98.0,0,stable
540,2,78.5,17.0,98.0,0,stable
540,3,77.9,16.8,98.2,0,stable
540,4,78.5,16.5,98.1,0,stable
540,5,78.5,16.5,98.2,0,stable
540,6,78.1,16.3,98.2,0,stable
540,7,79.1,16.1,98.4,0,stable
540,8,78.4,16.5,98.3,0,stable
540,9,78.8,16.8,98.3,0,stable
540,10,79.7,16.6,98.3,0,stable
540,11,77.5,17.0,98.3,0,stable
540,12,77.0,16.9,98.1,0,stable
540,13,77.7,17.1,98.2,0,stable
540,14,77.6,16.8,98.3,0,stable
540,15,76.4,16.5,98.4,0,stable
540,16,77.6,16.7,98.3,0,stable
540,17,78.5,16.5,98.3,0,stable
540,18,79.0,16.7,98.3,0,stable
540,19,80.5,16.9,98.3,0,stable
540,20,79.7,16.6,98.3,0,stable
540,21,79.4,16.8,98.3,0,stable
540,22,78.9,16.6,98.3,0,stable
540,23,78.4,16.4,98.4,0,stable
540,24,79.8,16.6,98.2,0,stable
541,1,71.6,18.0,96.5,0,stable
541,2,73.2,17.6,96.8,0,stable
541,3,74.4,17.6,96.8,0,stable
541,4,74.7,17.7,96.6,0,stable
541,5,76.1,17.7,96.3,0,stable
541,6,76.5,18.1,96.5,0,stable
541,7,76.4,17.9,96.6,0,stable
541,8,76.5,17.8,96.7,0,stable
541,9,76.6,18.0,96.9,0,stable
541,10,76.1,17.4,96.7,0,stable
541,11,75.0,17.5,96.6,0,stable
541,12,75.9,17.4,96.5,0,stable
541,13,76.8,17.4,96.5,0,stable
541,14,75.3,17.3,96.5,0,stable
541,15,75.2,17.4,96.6,0,stable
541,16,75.6,17.5,96.5,0,stable
541,17,74.6,17.7,96.4,0,stable
541,18,74.6,17.4,96.2,0,stable
541,19,74.3,17.6,96.5,0,stable
541,20,74.1,18.4,96.5,0,stable
541,21,74.2,18.5,96.6,0,stable
541,22,74.6,17.9,96.5,0,stable
541,23,75.6,17.7,96.6,0,stable
541,24,75.4,17.7,96.4,0,stable
542,1,71.4,18.8,96.8,0,stable
542,2,72.8,18.3,96.7,0,stable
542,3,73.8,17.6,96.8,0,stable
542,4,74.9,17.9,96.9,0,stable
542,5,74.1,17.8,97.1,0,stable
542,6,74.1,17.7,97.0,0,stable
542,7,75.3,17.1,97.1,0,stable
542,8,74.5,17.4,96.8,0,stable
542,9,74.6,18.0,96.7,0,stable
542,10,74.9,17.8,97.0,0,stable
542,11,75.0,17.8,97.2,0,stable
542,12,75.4,17.8,97.1,0,stable
542,13,76.3,18.0,97.0,0,stable
542,14,74.1,17.3,97.1,0,stable
542,15,73.0,16.8,97.0,0,stable
542,16,75.0,17.3,97.1,0,stable
542,17,75.3,17.5,97.2,0,stable
542,18,74.2,17.8,96.9,0,stable
542,19,74.4,18.1,97.1,0,stable
542,20,75.7,17.8,97.2,0,stable
542,21,76.0,17.6,97.1,0,stable
542,22,76.5,17.4,97.3,0,stable
542,23,77.1,17.7,97.1,0,stable
542,24,77.4,18.0,97.1,0,stable
543,1,72.5,16.9,98.1,0,stable
543,2,72.2,17.2,98.3,0,stable
543,3,72.1,17.8,98.2,0,stable
543,4,72.2,17.5,98.1,0,stable
543,5,71.5,17.2,97.9,0,stable
543,6,71.2,17.3,97.8,0,stable
543,7,71.3,17.2,97.9,0,stable
543,8,71.0,17.6,98.1,0,stable
543,9,71.7,17.6,98.0,0,stable
543,10,73.2,17.7,98.2,0,stable
543,11,73.9,17.9,98.1,0,stable
543,12,73.4,18.1,97.9,0,stable
543,13,71.5,18.1,97.7,0,stable
543,14,71.4,18.0,97.7,0,stable
543,15,71.2,18.0,97.8,0,stable
543,16,71.3,17.9,97.9,0,stable
543,17,72.1,17.6,97.9,0,stable
543,18,72.1,17.3,98.0,0,stable
543,19,71.0,17.4,97.9,0,stable
543,20,71.5,17.4,98.1,0,stable
543,21,72.1,17.4,98.2,0,stable
543,22,72.0,17.3,98.1,0,stable
543,23,71.2,17.1,98.3,0,stable
543,24,72.6,17.1,98.3,0,stable
544,1,78.3,14.1,98.4,0,stable
544,2,76.9,13.8,98.1,0,stable
544,3,76.1,13.9,98.1,0,stable
544,4,75.1,13.8,98.1,0,stable
544,5,75.6,14.0,98.2,0,stable
544,6,77.0,13.9,98.3,0,stable
544,7,75.3,13.6,98.2,0,stable
544,8,75.8,13.6,98.1,0,stable
544,9,77.3,13.8,98.0,0,stable
544,10,77.6,13.7,98.0,0,stable
544,11,78.0,13.6,97.9,0,stable
544,12,78.1,14.0,98.0,0,stable
544,13,77.8,14.1,98.0,0,stable
544,14,76.1,13.7,98.2,0,stable
544,15,76.4,13.6,98.1,0,stable
544,16,76.4,14.2,98.0,0,stable
544,17,75.4,14.1,98.1,0,stable
544,18,76.5,14.5,98.0,0,stable
544,19,76.0,14.5,98.1,0,stable
544,20,76.6,14.2,98.0,0,stable
544,21,77.0,13.6,97.9,0,stable
544,22,77.8,13.6,97.8,0,stable
544,23,76.5,13.6,97.9,0,stable
544,24,76.1,13.6,97.8,0,stable
545,1,76.0,17.8,97.3,0,stable
545,2,76.3,16.8,97.4,0,stable
545,3,75.5,16.8,97.2,0,stable
545,4,76.0,17.3,97.0,0,stable
545,5,76.1,17.3,97.0,0,stable
545,6,76.3,17.0,96.9,0,stable
545,7,76.6,16.4,96.8,0,stable
545,8,77.4,16.3,96.6,0,stable
545,9,76.8,16.2,96.7,0,stable
545,10,79.3,16.6,96.6,0,stable
545,11,80.1,17.1,97.0,0,stable
545,12,80.0,16.7,97.0,0,stable
545,13,78.5,16.2,97.0,0,stable
545,14,76.2,16.4,96.9,0,stable
545,15,76.7,16.2,97.1,0,stable
545,16,78.0,16.1,97.1,0,stable
545,17,76.3,16.5,97.1,0,stable
545,18,76.4,16.5,97.0,0,stable
545,19,77.1,16.3,96.9,0,stable
545,20,76.9,15.9,96.9,0,stable
545,21,76.7,16.3,96.7,0,stable
545,22,76.4,16.2,96.9,0,stable
545,23,75.2,16.2,96.8,0,stable
545,24,75.8,16.5,96.9,0,stable
546,1,76.1,17.3,97.6,0,stable
546,2,76.2,17.6,97.7,0,stable
546,3,76.5,17.0,97.8,0,stable
546,4,76.4,17.0,98.1,0,stable
546,5,76.6,17.1,98.1,0,stable
546,6,77.2,17.2,98.0,0,stable
546,7,77.6,17.4,97.9,0,stable
546,8,77.4,16.8,98.0,0,stable
546,9,77.5,17.0,98.0,0,stable
546,10,78.0,16.8,98.0,0,stable
546,11,78.6,17.1,97.8,0,stable
546,12,77.6,17.1,97.8,0,stable
546,13,76.4,17.0,97.8,0,stable
546,14,76.8,16.8,98.1,0,stable
546,15,75.6,17.1,98.1,0,stable
546,16,76.4,16.8,98.0,0,stable
546,17,77.0,16.8,97.9,0,stable
546,18,77.0,16.8,98.0,0,stable
546,19,76.2,16.9,98.1,0,stable
546,20,76.0,16.3,98.3,0,stable
546,21,76.6,16.5,98.1,0,stable
546,22,75.4,16.7,98.1,0,stable
546,23,76.1,16.8,98.6,0,stable
546,24,75.1,16.6,98.4,0,stable
547,1,72.2,16.2,97.5,0,stable
547,2,71.6,15.8,97.7,0,stable
547,3,69.7,15.8,97.8,0,stable
547,4,70.0,16.1,97.8,0,stable
547,5,72.1,16.2,97.8,0,stable
547,6,72.2,16.2,98.1,0,stable
547,7,71.9,16.4,98.2,0,stable
547,8,73.0,16.7,98.0,0,stable
547,9,71.7,16.9,98.2,0,stable
547,10,71.7,16.5,98.3,0,stable
547,11,70.6,16.1,98.0,0,stable
547,12,70.0,16.2,98.0,0,stable
547,13,69.6,16.3,98.2,0,stable
547,14,69.9,16.2,98.3,0,stable
547,15,70.5,16.5,98.3,0,stable
547,16,70.1,16.4,98.3,0,stable
547,17,71.0,16.0,98.4,0,stable
547,18,70.8,15.6,98.0,0,stable
547,19,71.2,15.8,97.9,0,stable
547,20,71.4,16.3,97.9,0,stable
547,21,71.7,16.1,98.1,0,stable
547,22,71.9,16.6,97.9,0,stable
547,23,72.8,16.1,98.0,0,stable
547,24,71.8,16.2,97.9,0,stable
548,1,76.5,14.1,97.1,0,stable
548,2,77.3,14.1,97.0,0,stable
548,3,77.3,14.0,97.3,0,stable
548,4,78.1,14.1,97.3,0,stable
548,5,76.8,14.0,97.2,0,stable
548,6,75.9,14.3,97.3,0,stable
548,7,75.6,14.3,97.7,0,stable
548,8,75.6,14.6,97.5,0,stable
548,9,76.8,14.4,97.4,0,stable
548,10,76.9,13.9,97.4,0,stable
548,11,75.1,13.9,97.3,0,stable
548,12,75.0,14.0,97.5,0,stable
548,13,76.9,13.6,97.4,0,stable
548,14,76.0,13.7,97.2,0,stable
548,15,75.7,13.9,97.3,0,stable
548,16,77.7,14.4,97.3,0,stable
548,17,77.7,14.3,97.2,0,stable
548,18,77.5,14.1,97.3,0,stable
548,19,77.6,14.5,97.4,0,stable
548,20,76.6,13.9,97.3,0,stable
548,21,74.5,13.8,97.3,0,stable
548,22,75.1,14.1,97.5,0,stable
548,23,75.0,13.8,97.6,0,stable
548,24,75.3,13.9,97.5,0,stable
549,1,75.6,18.1,99.9,0,stable
549,2,76.2,17.9,99.6,0,stable
549,3,76.3,17.7,99.3,0,stable
549,4,77.6,18.0,99.1,0,stable
549,5,78.2,18.0,99.1,0,stable
549,6,76.9,17.8,99.1,0,stable
549,7,76.6,17.9,99.2,0,stable
549,8,75.8,17.9,99.3,0,stable
549,9,75.4,17.8,99.3,0,stable
549,10,76.4,17.6,99.1,0,stable
549,11,75.7,17.7,99.3,0,stable
549,12,74.6,17.6,99.4,0,stable
549,13,75.1,18.1,99.5,0,stable
549,14,75.1,17.9,99.3,0,stable
549,15,75.3,18.1,99.3,0,stable
549,16,75.6,18.1,99.3,0,stable
549,17,77.2,18.1,99.3,0,stable
549,18,76.8,17.7,99.2,0,stable
549,19,77.0,17.6,99.3,0,stable
549,20,76.0,17.7,99.0,0,stable
549,21,74.5,18.3,99.0,0,stable
549,22,74.6,18.3,99.1,0,stable
549,23,75.3,17.9,99.3,0,stable
549,24,75.4,17.9,99.3,0,stable
550,1,70.6,12.7,97.7,0,stable
550,2,70.3,12.7,98.0,0,stable
550,3,68.6,12.4,98.3,0,stable
550,4,68.1,12.6,98.5,0,stable
550,5,69.7,13.0,98.6,0,stable
550,6,70.3,12.6,98.8,0,stable
550,7,69.9,12.4,98.8,0,stable
550,8,69.0,12.1,98.6,0,stable
550,9,68.8,11.8,98.4,0,stable
550,10,70.8,12.1,98.6,0,stable
550,11,69.0,12.2,98.5,0,stable
550,12,69.4,11.9,98.7,0,stable
550,13,68.2,12.1,98.8,0,stable
550,14,68.9,12.1,98.8,0,stable
550,15,69.7,12.4,98.7,0,stable
550,16,69.3,12.3,98.7,0,stable
550,17,68.9,12.4,98.7,0,stable
550,18,68.1,12.4,98.5,0,stable
550,19,68.1,12.8,98.5,0,stable
550,20,68.3,12.6,98.5,0,stable
550,21,68.2,12.2,98.6,0,stable
550,22,67.8,12.3,98.6,0,stable
550,23,68.2,12.5,98.6,0,stable
550,24,67.2,13.0,98.4,0,stable
551,1,69.3,14.4,98.1,0,stable
551,2,68.6,14.7,98.0,0,stable
551,3,68.7,14.8,98.0,0,stable
551,4,68.4,14.9,98.0,0,stable
551,5,69.1,15.2,97.8,0,stable
551,6,69.2,15.3,97.8,0,stable
551,7,69.2,15.6,98.0,0,stable
551,8,70.8,16.1,98.2,0,stable
551,9,71.2,16.0,98.0,0,stable
551,10,71.8,16.0,98.2,0,stable
551,11,72.7,16.2,98.1,0,stable
551,12,72.5,16.1,98.1,0,stable
551,13,71.8,15.8,98.1,0,stable
551,14,71.7,15.8,98.0,0,stable
551,15,71.7,15.4,97.9,0,stable
551,16,71.0,15.4,98.0,0,stable
551,17,71.4,15.4,98.0,0,stable
551,18,72.1,15.6,97.9,0,stable
551,19,71.7,15.9,98.0,0,stable
551,20,72.5,15.7,98.0,0,stable
551,21,72.6,15.4,98.1,0,stable
551,22,72.8,15.5,98.0,0,stable
551,23,72.3,15.4,98.0,0,stable
551,24,72.4,15.7,98.1,0,stable
552,1,83.5,15.1,96.2,0,stable
552,2,82.3,15.5,96.4,0,stable
552,3,80.6,15.5,96.4,0,stable
552,4,79.9,15.3,96.1,0,stable
552,5,79.5,16.0,96.3,0,stable
552,6,80.3,16.0,96.3,0,stable
552,7,79.3,15.8,96.3,0,stable
552,8,79.9,16.3,96.2,0,stable
552,9,81.4,16.5,96.3,0,stable
552,10,81.8,15.8,96.1,0,stable
552,11,80.3,15.9,96.3,0,stable
552,12,81.1,15.9,96.2,0,stable
552,13,80.7,15.7,96.1,0,stable
552,14,81.2,16.0,96.2,0,stable
552,15,82.3,16.0,96.1,0,stable
552,16,80.9,15.9,96.3,0,stable
552,17,81.1,16.0,96.2,0,stable
552,18,80.5,16.4,96.3,0,stable
552,19,80.5,16.4,96.3,0,stable
552,20,80.7,16.1,96.2,0,stable
552,21,80.6,16.0,96.5,0,stable
552,22,80.0,16.1,96.5,0,stable
552,23,79.1,16.2,96.4,0,stable
552,24,78.6,16.1,96.1,0,stable
553,1,77.7,13.7,97.3,0,stable
553,2,77.3,14.2,97.5,0,stable
553,3,78.6,14.6,97.2,0,stable
553,4,79.8,14.9,97.0,0,stable
553,5,80.8,14.8,97.2,0,stable
553,6,80.1,15.1,97.3,0,stable
553,7,79.0,14.7,97.0,0,stable
553,8,79.2,15.0,96.9,0,stable
553,9,79.1,15.1,96.6,0,stable
553,10,79.1,15.4,96.7,0,stable
553,11,79.5,15.0,96.8,0,stable
553,12,80.7,15.3,96.7,0,stable
553,13,81.1,14.8,96.8,0,stable
553,14,80.2,15.0,96.7,0,stable
553,15,79.9,15.4,96.6,0,stable
553,16,79.1,14.9,96.4,0,stable
553,17,80.6,15.7,96.6,0,stable
553,18,79.6,15.4,96.4,0,stable
553,19,79.7,15.3,96.4,0,stable
553,20,81.2,15.8,96.2,0,stable
553,21,81.6,15.7,96.2,0,stable
553,22,80.5,15.4,96.4,0,stable
553,23,78.9,15.3,96.6,0,stable
553,24,78.3,15.0,96.6,0,stable
554,1,80.1,16.4,97.3,0,stable
554,2,80.1,16.1,97.4,0,stable
554,3,79.6,15.8,97.5,0,stable
554,4,79.3,15.9,97.4,0,stable
554,5,79.5,16.2,97.3,0,stable
554,6,78.6,16.1,97.5,0,stable
554,7,78.2,16.2,97.5,0,stable
554,8,77.2,16.0,97.4,0,stable
554,9,78.1,16.1,97.4,0,stable
554,10,79.1,15.5,97.5,0,stable
554,11,80.8,15.9,97.9,0,stable
554,12,79.0,15.8,97.7,0,stable
554,13,77.9,15.7,97.8,0,stable
554,14,76.3,16.1,97.5,0,stable
554,15,76.3,15.7,97.6,0,stable
554,16,77.5,16.0,97.4,0,stable
554,17,78.4,15.9,97.4,0,stable
554,18,79.0,15.6,97.3,0,stable
554,19,78.1,15.9,97.3,0,stable
554,20,78.4,16.2,97.4,0,stable
554,21,79.2,16.4,97.6,0,stable
554,22,79.6,16.8,97.6,0,stable
554,23,80.1,16.7,97.5,0,stable
554,24,79.8,16.1,97.5,0,stable
555,1,75.6,15.9,97.2,0,stable
555,2,78.7,16.1,97.2,0,stable
555,3,78.0,16.3,97.3,0,stable
555,4,79.4,16.9,97.2,0,stable
555,5,79.1,17.0,97.1,0,stable
555,6,81.2,16.9,97.0,0,stable
555,7,80.0,16.7,97.0,0,stable
555,8,79.8,17.3,97.0,0,stable
555,9,80.0,16.7,97.2,0,stable
555,10,79.5,16.8,97.2,0,stable
555,11,79.5,16.9,97.1,0,stable
555,12,80.8,17.3,97.1,0,stable
555,13,81.5,17.1,97.1,0,stable
555,14,79.3,17.2,97.0,0,stable
555,15,80.7,16.9,97.0,0,stable
555,16,79.3,16.8,97.3,0,stable
555,17,79.5,16.9,97.1,0,stable
555,18,80.4,17.0,97.1,0,stable
555,19,79.8,16.9,96.9,0,stable
555,20,80.3,17.0,96.8,0,stable
555,21,78.9,16.8,96.9,0,stable
555,22,79.8,16.5,97.1,0,stable
555,23,79.1,16.4,97.2,0,stable
555,24,80.6,16.3,97.0,0,stable
556,1,71.3,15.2,96.4,0,stable
556,2,71.4,14.5,96.5,0,stable
556,3,71.8,14.3,96.7,0,stable
556,4,71.9,14.1,96.8,0,stable
556,5,72.5,14.2,96.7,0,stable
556,6,72.8,14.1,96.4,0,stable
556,7,72.0,13.8,96.6,0,stable
556,8,72.6,13.5,96.5,0,stable
556,9,70.7,13.7,96.6,0,stable
556,10,70.4,13.5,96.5,0,stable
556,11,70.9,13.7,96.6,0,stable
556,12,71.8,13.9,96.5,0,stable
556,13,71.1,14.1,96.4,0,stable
556,14,70.3,14.3,96.8,0,stable
556,15,71.2,14.1,96.6,0,stable
556,16,71.0,14.0,96.6,0,stable
556,17,71.0,14.1,96.7,0,stable
556,18,70.8,14.4,97.0,0,stable
556,19,70.7,13.9,96.8,0,stable
556,20,70.5,13.6,96.7,0,stable
556,21,70.8,13.9,96.8,0,stable
556,22,71.5,14.1,96.9,0,stable
556,23,72.1,14.6,96.7,0,stable
556,24,71.2,14.1,96.7,0,stable
557,1,77.4,18.5,97.2,0,stable
557,2,76.9,18.4,97.1,0,stable
557,3,76.8,18.3,97.0,0,stable
557,4,76.5,18.0,97.0,0,stable
557,5,76.6,18.2,97.2,0,stable
557,6,76.4,18.7,97.1,0,stable
557,7,77.1,18.9,97.1,0,stable
557,8,76.8,19.1,97.2,0,stable
557,9,76.5,19.1,97.2,0,stable
557,10,77.9,19.0,97.2,0,stable
557,11,77.3,18.5,97.1,0,stable
557,12,77.2,18.3,97.3,0,stable
557,13,76.7,18.4,97.5,0,stable
557,14,78.6,18.6,97.6,0,stable
557,15,77.9,18.5,97.4,0,stable
557,16,78.0,18.8,97.5,0,stable
557,17,76.9,18.6,97.4,0,stable
557,18,77.3,18.7,97.2,0,stable
557,19,77.4,18.9,97.3,0,stable
557,20,76.8,18.7,97.5,0,stable
557,21,76.3,18.7,97.4,0,stable
557,22,76.5,18.7,97.5,0,stable
557,23,77.3,18.8,97.3,0,stable
557,24,77.7,18.8,97.2,0,stable
558,1,87.5,18.6,98.8,0,stable
558,2,88.6,18.2,98.6,0,stable
558,3,87.4,18.0,98.5,0,stable
558,4,87.5,17.7,98.3,0,stable
558,5,88.0,18.0,98.2,0,stable
558,6,87.4,17.9,98.2,0,stable
558,7,86.8,17.6,97.9,0,stable
558,8,86.8,18.1,98.0,0,stable
558,9,86.0,17.9,98.2,0,stable
558,10,86.1,17.9,98.2,0,stable
558,11,86.8,17.6,98.2,0,stable
558,12,88.1,17.5,98.1,0,stable
558,13,87.6,17.7,98.0,0,stable
558,14,86.3,17.8,98.0,0,stable
558,15,86.9,17.5,98.1,0,stable
558,16,86.8,17.4,97.8,0,stable
558,17,87.4,17.4,97.9,0,stable
558,18,86.9,17.8,97.7,0,stable
558,19,87.7,17.7,98.1,0,stable
558,20,87.1,17.4,98.0,0,stable
558,21,88.0,17.4,97.9,0,stable
558,22,88.0,17.3,97.9,0,stable
558,23,88.2,17.4,97.7,0,stable
558,24,87.7,17.8,97.7,0,stable
559,1,78.7,10.8,98.6,0,stable
559,2,78.3,11.6,98.5,0,stable
559,3,77.3,11.5,98.5,0,stable
559,4,77.4,11.6,98.3,0,stable
559,5,77.0,12.0,98.4,0,stable
559,6,76.1,12.0,98.4,0,stable
559,7,76.8,11.9,98.0,0,stable
559,8,77.6,12.0,98.1,0,stable
559,9,76.7,12.0,98.1,0,stable
559,10,77.0,12.4,98.0,0,stable
559,11,77.2,12.4,98.0,0,stable
559,12,75.5,12.4,98.2,0,stable
559,13,75.8,12.5,98.1,0,stable
559,14,76.6,12.5,98.1,0,stable
559,15,74.6,12.3,98.4,0,stable
559,16,74.7,12.5,98.1,0,stable
559,17,75.4,12.6,98.2,0,stable
559,18,76.8,12.4,98.2,0,stable
559,19,76.0,12.2,97.8,0,stable
559,20,75.5,12.1,97.8,0,stable
559,21,76.3,11.9,98.0,0,stable
559,22,75.7,12.1,97.9,0,stable
559,23,74.7,12.2,98.0,0,stable
559,24,76.2,12.0,98.0,0,stable
560,1,79.2,15.9,95.7,0,stable
560,2,77.6,15.9,96.1,0,stable
560,3,76.9,15.8,96.1,0,stable
560,4,76.2,16.3,96.0,0,stable
560,5,75.2,16.2,96.1,0,stable
560,6,73.5,15.8,96.4,0,stable
560,7,73.0,15.7,96.3,0,stable
560,8,71.6,16.1,96.5,0,stable
560,9,72.0,15.8,96.6,0,stable
560,10,73.8,16.1,96.5,0,stable
560,11,72.2,15.8,96.5,0,stable
560,12,73.2,16.0,96.4,0,stable
560,13,71.7,15.9,96.2,0,stable
560,14,72.1,15.7,96.2,0,stable
560,15,71.2,15.7,96.3,0,stable
560,16,70.5,15.7,96.4,0,stable
560,17,70.6,15.9,96.2,0,stable
560,18,72.2,16.0,96.3,0,stable
560,19,71.8,16.3,96.4,0,stable
560,20,71.2,16.5,96.5,0,stable
560,21,70.4,16.4,96.3,0,stable
560,22,71.2,16.0,96.5,0,stable
560,23,71.9,16.3,96.4,0,stable
560,24,72.6,16.2,96.6,0,stable
561,1,80.5,15.0,97.8,0,stable
561,2,80.9,15.1,97.7,0,stable
561,3,80.3,14.8,97.4,0,stable
561,4,80.9,15.2,97.1,0,stable
561,5,79.6,15.4,97.2,0,stable
561,6,80.8,15.3,97.1,0,stable
561,7,80.0,15.0,97.3,0,stable
561,8,78.8,15.1,97.3,0,stable
561,9,78.8,15.0,97.7,0,stable
561,10,78.4,15.0,97.5,0,stable
561,11,78.4,15.1,97.4,0,stable
561,12,78.9,14.9,97.4,0,stable
561,13,78.4,15.0,97.4,0,stable
561,14,78.6,14.8,97.4,0,stable
561,15,80.1,14.8,97.4,0,stable
561,16,80.2,15.3,97.3,0,stable
561,17,79.8,15.1,97.3,0,stable
561,18,79.0,15.3,97.6,0,stable
561,19,79.0,15.3,97.3,0,stable
561,20,78.6,15.1,97.3,0,stable
561,21,79.0,15.1,97.4,0,stable
561,22,77.9,15.3,97.5,0,stable
561,23,77.3,15.3,97.5,0,stable
561,24,77.8,15.1,97.5,0,stable
562,1,86.3,13.2,100.0,0,stable
562,2,84.3,13.3,99.8,0,stable
562,3,85.6,13.0,99.6,0,stable
562,4,85.1,13.2,99.6,0,stable
562,5,84.9,13.1,99.6,0,stable
562,6,84.4,13.2,99.7,0,stable
562,7,84.6,13.0,99.7,0,stable
562,8,85.2,13.1,99.8,0,stable
562,9,83.9,13.1,99.8,0,stable
562,10,85.2,13.2,99.9,0,stable
562,11,84.3,13.1,99.9,0,stable
562,12,82.9,13.3,100.0,0,stable
562,13,83.4,13.1,99.8,0,stable
562,14,82.7,13.3,99.9,0,stable
562,15,84.2,12.6,100.0,0,stable
562,16,84.6,13.3,100.0,0,stable
562,17,84.9,13.3,100.0,0,stable
562,18,84.6,13.1,100.0,0,stable
562,19,83.0,13.4,100.0,0,stable
562,20,83.4,13.5,99.9,0,stable
562,21,84.6,13.3,100.0,0,stable
562,22,83.7,13.5,100.0,0,stable
562,23,85.8,13.7,99.8,0,stable
562,24,85.6,13.3,99.9,0,stable
563,1,75.3,16.9,97.4,0,stable
563,2,75.9,16.3,97.4,0,stable
563,3,73.8,16.0,97.3,0,stable
563,4,75.3,15.9,97.3,0,stable
563,5,74.1,15.9,97.2,0,stable
563,6,75.5,15.8,97.2,0,stable
563,7,74.1,15.3,97.2,0,stable
563,8,73.5,15.5,97.1,0,stable
563,9,73.4,15.9,97.3,0,stable
563,10,73.4,15.9,97.6,0,stable
563,11,72.8,15.9,97.5,0,stable
563,12,72.9,16.4,97.6,0,stable
563,13,72.5,16.2,97.3,0,stable
563,14,72.8,16.3,97.4,0,stable
563,15,73.6,16.4,97.3,0,stable
563,16,73.7,16.4,97.2,0,stable
563,17,73.7,16.4,97.1,0,stable
563,18,73.5,16.1,97.4,0,stable
563,19,73.9,15.8,97.4,0,stable
563,20,73.6,15.8,97.4,0,stable
563,21,74.6,16.1,97.4,0,stable
563,22,74.0,16.4,97.2,0,stable
563,23,72.5,16.3,97.2,0,stable
563,24,72.5,16.2,97.4,0,stable
564,1,76.3,16.5,96.3,0,stable
564,2,76.5,16.7,96.4,0,stable
564,3,79.0,16.6,96.3,0,stable
564,4,78.5,16.5,96.3,0,stable
564,5,78.2,16.6,96.4,0,stable
564,6,78.0,17.3,96.5,0,stable
564,7,79.0,17.2,96.4,0,stable
564,8,78.7,17.5,96.5,0,stable
564,9,78.0,17.4,96.5,0,stable
564,10,78.6,16.9,96.4,0,stable
564,11,78.7,17.0,96.4,0,stable
564,12,77.8,17.1,96.4,0,stable
564,13,79.3,16.5,96.3,0,stable
564,14,77.0,16.5,96.2,0,stable
564,15,77.4,16.8,96.3,0,stable
564,16,78.6,16.5,96.2,0,stable
564,17,78.9,16.8,96.4,0,stable
564,18,77.9,16.8,96.3,0,stable
564,19,77.6,17.0,96.4,0,stable
564,20,78.5,17.2,96.1,0,stable
564,21,77.5,16.6,96.2,0,stable
564,22,76.9,16.4,96.3,0,stable
564,23,75.0,17.0,96.5,0,stable
564,24,75.7,17.0,96.2,0,stable
565,1,85.0,17.2,97.4,0,stable
565,2,86.0,17.4,97.3,0,stable
565,3,85.3,16.6,97.3,0,stable
565,4,84.3,16.7,97.4,0,stable
565,5,82.8,16.8,97.4,0,stable
565,6,84.1,16.9,97.5,0,stable
565,7,83.3,16.7,97.5,0,stable
565,8,82.5,16.6,97.4,0,stable
565,9,84.0,16.6,97.4,0,stable
565,10,84.5,16.6,97.3,0,stable
565,11,83.7,16.6,97.4,0,stable
565,12,83.8,16.9,97.6,0,stable
565,13,84.2,17.2,97.5,0,stable
565,14,83.5,16.9,97.6,0,stable
565,15,83.7,16.5,97.5,0,stable
565,16,82.4,16.5,97.5,0,stable
565,17,81.5,16.5,97.4,0,stable
565,18,82.9,16.4,97.6,0,stable
565,19,83.6,16.4,97.6,0,stable
565,20,83.7,16.1,97.6,0,stable
565,21,82.7,16.7,97.4,0,stable
565,22,83.6,16.4,97.5,0,stable
565,23,83.1,16.6,97.6,0,stable
565,24,84.1,16.4,97.5,0,stable
566,1,87.6,16.0,98.6,0,stable
566,2,85.1,15.8,98.7,0,stable
566,3,84.0,16.0,98.4,0,stable
566,4,82.8,16.0,98.7,0,stable
566,5,83.2,16.4,98.5,0,stable
566,6,82.2,16.0,98.8,0,stable
566,7,81.9,15.9,98.9,0,stable
566,8,82.4,15.6,98.8,0,stable
566,9,83.0,15.7,98.6,0,stable
566,10,82.9,15.8,98.8,0,stable
566,11,80.4,15.8,98.8,0,stable
566,12,80.4,16.0,98.6,0,stable
566,13,80.7,15.7,98.5,0,stable
566,14,81.5,16.3,98.4,0,stable
566,15,81.6,16.3,98.4,0,stable
566,16,80.7,16.5,98.4,0,stable
566,17,82.0,16.5,98.4,0,stable
566,18,82.8,16.5,98.5,0,stable
566,19,83.1,16.2,98.5,0,stable
566,20,83.4,16.3,98.5,0,stable
566,21,82.3,16.5,98.6,0,stable
566,22,82.8,15.8,98.7,0,stable
566,23,82.6,15.8,98.7,0,stable
566,24,82.6,15.4,98.7,0,stable
567,1,79.9,19.2,96.4,0,stable
567,2,79.8,19.1,96.7,0,stable
567,3,80.5,18.9,96.9,0,stable
567,4,80.0,18.8,96.7,0,stable
567,5,79.7,18.3,96.9,0,stable
567,6,79.6,18.5,97.0,0,stable
567,7,81.8,18.7,96.9,0,stable
567,8,82.4,18.2,96.8,0,stable
567,9,81.0,18.3,97.0,0,stable
567,10,80.2,18.0,97.1,0,stable
567,11,81.5,18.2,97.2,0,stable
567,12,80.8,18.4,97.3,0,stable
567,13,80.5,18.1,97.1,0,stable
567,14,80.4,18.1,97.0,0,stable
567,15,79.8,18.3,97.0,0,stable
567,16,80.0,18.1,96.8,0,stable
567,17,80.0,18.3,96.8,0,stable
567,18,80.8,18.1,97.1,0,stable
567,19,80.7,17.9,97.1,0,stable
567,20,80.4,17.9,97.2,0,stable
567,21,80.7,18.2,96.9,0,stable
567,22,81.1,18.4,96.9,0,stable
567,23,81.2,18.4,97.0,0,stable
567,24,81.0,18.2,97.1,0,stable
568,1,87.4,18.6,97.7,0,stable
568,2,86.7,18.5,97.7,0,stable
568,3,86.4,18.7,97.9,0,stable
568,4,85.5,18.6,98.0,0,stable
568,5,86.4,18.5,98.0,0,stable
568,6,86.0,18.2,98.2,0,stable
568,7,85.8,18.2,98.3,0,stable
568,8,85.2,17.9,98.2,0,stable
568,9,85.6,17.9,98.1,0,stable
568,10,86.7,18.3,98.1,0,stable
568,11,86.6,18.4,98.2,0,stable
568,12,87.0,18.6,98.0,0,stable
568,13,85.2,18.5,98.0,0,stable
568,14,84.6,18.3,97.9,0,stable
568,15,85.0,18.2,98.1,0,stable
568,16,86.3,18.3,98.0,0,stable
568,17,86.7,18.3,98.0,0,stable
568,18,86.0,18.7,97.9,0,stable
568,19,86.1,18.9,98.0,0,stable
568,20,85.6,19.2,98.1,0,stable
568,21,85.9,18.9,98.1,0,stable
568,22,85.3,18.4,98.2,0,stable
568,23,86.1,18.3,98.1,0,stable
568,24,84.5,18.2,98.1,0,stable
569,1,84.0,15.6,97.7,0,stable
569,2,82.9,15.7,97.6,0,stable
569,3,82.4,15.7,97.9,0,stable
569,4,81.5,16.0,97.9,0,stable
569,5,80.6,15.4,97.7,0,stable
569,6,81.5,15.5,97.7,0,stable
569,7,80.4,15.6,97.8,0,stable
569,8,79.3,15.6,98.0,0,stable
569,9,79.5,15.3,97.9,0,stable
569,10,80.5,15.5,98.1,0,stable
569,11,80.0,15.8,98.0,0,stable
569,12,80.1,15.8,98.0,0,stable
569,13,79.2,15.6,98.0,0,stable
569,14,77.9,16.1,98.0,0,stable
569,15,78.2,16.7,98.1,0,stable
569,16,78.3,16.0,98.0,0,stable
569,17,79.3,15.7,97.9,0,stable
569,18,79.8,15.7,98.0,0,stable
569,19,80.6,16.0,98.0,0,stable
569,20,80.7,16.2,98.2,0,stable
569,21,80.7,16.4,98.0,0,stable
569,22,81.3,15.8,98.1,0,stable
569,23,80.1,15.2,98.3,0,stable
569,24,79.4,15.1,98.1,0,stable
570,1,80.1,15.0,98.6,0,stable
570,2,79.4,14.6,98.6,0,stable
570,3,78.6,14.6,98.5,0,stable
570,4,78.4,14.7,98.5,0,stable
570,5,78.6,15.1,98.6,0,stable
570,6,79.1,15.1,98.4,0,stable
570,7,80.1,14.9,98.3,0,stable
570,8,79.6,15.0,98.3,0,stable
570,9,79.6,15.0,98.7,0,stable
570,10,80.3,15.0,98.4,0,stable
570,11,80.2,15.1,98.2,0,stable
570,12,80.3,14.9,98.3,0,stable
570,13,81.7,14.4,98.2,0,stable
570,14,81.9,14.6,98.2,0,stable
570,15,80.6,14.9,98.2,0,stable
570,16,79.8,15.2,98.3,0,stable
570,17,80.5,15.4,98.4,0,stable
570,18,80.8,15.2,98.2,0,stable
570,19,80.5,15.0,98.5,0,stable
570,20,81.2,14.6,98.7,0,stable
570,21,79.6,14.7,98.7,0,stable
570,22,79.8,15.3,98.5,0,stable
570,23,81.6,14.6,98.5,0,stable
570,24,80.2,14.8,98.5,0,stable
571,1,82.3,14.5,97.2,0,stable
571,2,83.5,14.0,97.2,0,stable
571,3,84.4,14.0,97.3,0,stable
571,4,84.7,14.2,96.8,0,stable
571,5,85.3,14.2,97.1,0,stable
571,6,86.3,14.3,97.0,0,stable
571,7,85.3,14.3,97.2,0,stable
571,8,85.1,13.9,97.1,0,stable
571,9,85.0,13.5,97.0,0,stable
571,10,84.5,13.8,97.1,0,stable
571,11,83.6,13.7,97.3,0,stable
571,12,84.9,13.8,97.2,0,stable
571,13,85.5,13.7,97.1,0,stable
571,14,85.8,14.0,97.3,0,stable
571,15,87.5,14.0,97.3,0,stable
571,16,87.2,13.9,97.2,0,stable
571,17,87.2,14.3,97.2,0,stable
571,18,85.5,14.2,97.2,0,stable
571,19,84.6,14.5,97.5,0,stable
571,20,85.5,14.8,97.4,0,stable
571,21,84.1,14.5,97.3,0,stable
571,22,84.5,14.3,97.2,0,stable
571,23,85.8,14.1,97.1,0,stable
571,24,85.3,13.9,97.2,0,stable
572,1,79.5,17.3,98.5,0,stable
572,2,78.4,17.6,98.7,0,stable
572,3,79.7,17.5,98.6,0,stable
572,4,79.1,18.0,98.5,0,stable
572,5,80.1,17.8,98.5,0,stable
572,6,81.5,17.8,98.4,0,stable
572,7,81.0,18.2,98.2,0,stable
572,8,79.9,17.9,98.4,0,stable
572,9,80.1,17.9,98.6,0,stable
572,10,80.6,17.9,98.7,0,stable
572,11,80.8,17.9,98.6,0,stable
572,12,80.8,17.6,98.5,0,stable
572,13,79.7,17.6,98.5,0,stable
572,14,80.8,17.4,98.8,0,stable
572,15,81.7,17.7,98.7,0,stable
572,16,81.1,17.8,98.4,0,stable
572,17,81.8,17.9,98.4,0,stable
572,18,82.7,17.9,98.4,0,stable
572,19,83.0,17.9,98.4,0,stable
572,20,82.1,18.0,98.6,0,stable
572,21,83.2,18.0,98.6,0,stable
572,22,83.0,18.5,98.6,0,stable
572,23,83.2,18.0,98.5,0,stable
572,24,82.6,17.5,98.4,0,stable
573,1,78.1,18.0,96.1,0,stable
573,2,78.4,17.9,96.2,0,stable
573,3,80.7,17.6,96.5,0,stable
573,4,81.6,17.9,96.8,0,stable
573,5,81.3,17.7,96.8,0,stable
573,6,82.0,18.1,96.7,0,stable
573,7,81.8,18.4,96.8,0,stable
573,8,81.1,18.2,96.5,0,stable
573,9,82.5,18.1,96.8,0,stable
573,10,82.7,18.3,96.9,0,stable
573,11,83.1,18.0,96.8,0,stable
573,12,83.7,18.4,96.7,0,stable
573,13,82.8,17.6,96.6,0,stable
573,14,83.0,17.3,96.6,0,stable
573,15,83.2,17.7,96.5,0,stable
573,16,83.6,17.4,96.7,0,stable
573,17,83.3,17.7,96.8,0,stable
573,18,83.3,17.7,96.7,0,stable
573,19,82.7,17.8,96.6,0,stable
573,20,81.7,17.5,96.8,0,stable
573,21,81.3,17.3,96.6,0,stable
573,22,81.6,17.8,96.4,0,stable
573,23,82.0,17.3,96.7,0,stable
573,24,82.5,17.5,96.6,0,stable
574,1,79.4,15.8,96.2,0,stable
574,2,81.1,15.8,96.0,0,stable
574,3,81.2,15.3,96.2,0,stable
574,4,81.7,15.4,96.0,0,stable
574,5,82.0,15.1,96.1,0,stable
574,6,82.4,15.1,96.3,0,stable
574,7,81.9,15.1,96.4,0,stable
574,8,81.4,15.1,96.5,0,stable
574,9,81.0,14.3,96.5,0,stable
574,10,81.5,14.9,96.4,0,stable
574,11,82.1,15.1,96.4,0,stable
574,12,81.8,15.3,96.5,0,stable
574,13,82.2,15.1,96.3,0,stable
574,14,80.6,15.1,96.2,0,stable
574,15,80.0,15.1,96.3,0,stable
574,16,80.1,15.4,96.1,0,stable
574,17,79.6,15.4,96.0,0,stable
574,18,80.3,15.6,95.9,0,stable
574,19,80.9,15.4,96.0,0,stable
574,20,81.8,15.1,96.0,0,stable
574,21,80.6,15.0,96.0,0,stable
574,22,79.6,14.4,95.9,0,stable
574,23,79.3,15.0,95.9,0,stable
574,24,79.1,15.1,96.0,0,stable
575,1,72.3,15.2,97.6,0,stable
575,2,70.3,15.1,97.5,0,stable
575,3,69.8,14.6,97.3,0,stable
575,4,69.6,14.6,97.4,0,stable
575,5,69.6,14.6,97.5,0,stable
575,6,69.0,15.0,97.4,0,stable
575,7,69.8,14.8,97.4,0,stable
575,8,70.6,14.2,97.5,0,stable
575,9,70.5,14.1,97.4,0,stable
575,10,70.2,14.0,97.5,0,stable
575,11,68.9,14.0,97.4,0,stable
575,12,70.3,14.3,97.4,0,stable
575,13,69.9,14.1,97.4,0,stable
575,14,68.6,13.9,97.5,0,stable
575,15,67.9,14.2,97.5,0,stable
575,16,68.4,14.5,97.5,0,stable
575,17,70.5,14.6,97.3,0,stable
575,18,70.3,14.2,97.5,0,stable
575,19,69.3,14.2,97.5,0,stable
575,20,69.1,14.2,97.7,0,stable
575,21,69.1,14.0,97.6,0,stable
575,22,69.4,14.3,97.4,0,stable
575,23,70.9,14.4,97.6,0,stable
575,24,70.6,14.2,97.7,0,stable
576,1,71.5,13.4,98.4,0,stable
576,2,72.1,13.0,98.3,0,stable
576,3,72.5,12.8,98.4,0,stable
576,4,72.1,13.1,98.4,0,stable
576,5,72.5,13.5,98.4,0,stable
576,6,72.7,13.4,98.5,0,stable
576,7,71.3,13.2,98.3,0,stable
576,8,70.6,13.0,98.6,0,stable
576,9,70.5,12.9,98.7,0,stable
576,10,71.5,13.1,98.7,0,stable
576,11,70.9,12.8,98.7,0,stable
576,12,69.1,12.8,98.6,0,stable
576,13,70.6,12.5,98.7,0,stable
576,14,72.0,12.5,98.5,0,stable
576,15,72.2,12.5,98.6,0,stable
576,16,73.1,12.6,98.5,0,stable
576,17,72.7,13.0,98.5,0,stable
576,18,73.1,12.6,98.7,0,stable
576,19,74.4,13.0,98.5,0,stable
576,20,72.0,13.1,98.6,0,stable
576,21,74.9,13.1,98.6,0,stable
576,22,72.2,13.2,98.7,0,stable
576,23,70.3,12.9,98.8,0,stable
576,24,72.4,12.7,98.7,0,stable
577,1,80.0,12.6,97.9,0,stable
577,2,80.4,13.1,97.9,0,stable
577,3,79.8,13.5,97.9,0,stable
577,4,79.6,13.6,98.0,0,stable
577,5,79.0,13.6,98.1,0,stable
577,6,79.3,13.6,98.1,0,stable
577,7,80.3,13.6,98.2,0,stable
577,8,81.9,13.6,98.2,0,stable
577,9,82.7,14.0,98.2,0,stable
577,10,82.6,13.7,98.1,0,stable
577,11,82.2,13.7,98.0,0,stable
577,12,80.9,13.3,98.2,0,stable
577,13,80.1,13.6,98.1,0,stable
577,14,81.4,13.5,97.9,0,stable
577,15,79.8,13.7,98.4,0,stable
577,16,78.6,13.5,98.4,0,stable
577,17,81.5,13.5,98.4,0,stable
577,18,82.1,13.6,98.4,0,stable
577,19,81.0,13.5,98.4,0,stable
577,20,82.0,13.5,98.6,0,stable
577,21,81.9,13.4,98.4,0,stable
577,22,79.7,13.2,98.3,0,stable
577,23,80.7,13.5,98.1,0,stable
577,24,80.9,13.8,98.2,0,stable
578,1,66.5,17.0,98.6,0,stable
578,2,66.3,16.1,98.3,0,stable
578,3,65.5,15.4,98.4,0,stable
578,4,66.5,15.1,98.4,0,stable
578,5,67.6,15.4,98.4,0,stable
578,6,66.4,15.1,98.3,0,stable
578,7,65.7,15.1,98.4,0,stable
578,8,65.2,14.9,98.3,0,stable
578,9,65.1,15.2,98.2,0,stable
578,10,65.3,15.2,98.2,0,stable
578,11,65.7,14.9,98.3,0,stable
578,12,64.8,14.8,98.5,0,stable
578,13,63.7,15.3,98.5,0,stable
578,14,63.3,15.1,98.5,0,stable
578,15,64.0,15.4,98.5,0,stable
578,16,63.7,15.7,98.4,0,stable
578,17,63.6,15.7,98.3,0,stable
578,18,63.6,15.5,98.4,0,stable
578,19,63.4,15.4,98.4,0,stable
578,20,65.2,14.9,98.6,0,stable
578,21,65.9,14.8,98.6,0,stable
578,22,66.6,15.4,98.3,0,stable
578,23,65.6,15.2,98.6,0,stable
578,24,65.4,15.4,98.6,0,stable
579,1,77.4,14.8,97.7,0,stable
579,2,78.5,15.0,97.6,0,stable
579,3,78.6,15.1,97.5,0,stable
579,4,78.6,15.4,97.4,0,stable
579,5,79.5,15.4,97.3,0,stable
579,6,78.6,15.2,97.3,0,stable
579,7,79.4,15.3,97.4,0,stable
579,8,79.6,15.4,97.3,0,stable
579,9,80.2,15.7,97.3,0,stable
579,10,79.0,15.7,97.5,0,stable
579,11,79.9,16.0,97.7,0,stable
579,12,79.4,15.8,97.8,0,stable
579,13,80.3,15.6,97.9,0,stable
579,14,80.3,15.6,97.7,0,stable
579,15,80.7,15.8,97.7,0,stable
579,16,80.3,16.0,97.7,0,stable
579,17,81.0,15.7,98.0,0,stable
579,18,80.4,15.9,98.1,0,stable
579,19,80.0,15.4,98.2,0,stable
579,20,79.9,15.9,98.0,0,stable
579,21,80.3,15.7,97.8,0,stable
579,22,79.9,15.8,97.7,0,stable
579,23,78.4,15.9,97.5,0,stable
579,24,79.9,15.9,97.6,0,stable
580,1,71.4,17.8,97.3,0,stable
580,2,72.5,17.5,97.5,0,stable
580,3,73.2,17.1,97.6,0,stable
580,4,73.2,17.2,97.5,0,stable
580,5,72.6,16.6,97.4,0,stable
580,6,71.8,16.2,97.6,0,stable
580,7,71.8,16.9,97.3,0,stable
580,8,72.3,16.8,97.0,0,stable
580,9,73.6,17.1,97.0,0,stable
580,10,72.2,17.3,97.2,0,stable
580,11,71.7,17.0,97.2,0,stable
580,12,70.7,16.9,97.2,0,stable
580,13,71.8,16.9,97.2,0,stable
580,14,73.2,17.4,97.4,0,stable
580,15,72.5,17.5,97.4,0,stable
580,16,73.0,17.3,97.5,0,stable
580,17,72.4,17.2,97.7,0,stable
580,18,73.0,16.4,97.6,0,stable
580,19,72.3,16.3,97.6,0,stable
580,20,70.7,16.4,97.5,0,stable
580,21,70.4,17.0,97.3,0,stable
580,22,70.9,17.0,97.6,0,stable
580,23,72.6,16.8,97.5,0,stable
580,24,73.5,16.7,97.5,0,stable
581,1,75.1,12.5,97.0,0,stable
581,2,74.8,12.4,97.0,0,stable
581,3,75.2,12.9,97.0,0,stable
581,4,76.4,13.1,97.0,0,stable
581,5,76.9,13.1,97.2,0,stable
581,6,76.9,13.0,97.2,0,stable
581,7,77.6,12.8,97.4,0,stable
581,8,75.8,12.9,97.3,0,stable
581,9,74.3,13.4,97.3,0,stable
581,10,73.8,13.4,97.3,0,stable
581,11,74.0,13.4,97.0,0,stable
581,12,74.1,12.7,97.2,0,stable
581,13,74.0,12.9,97.4,0,stable
581,14,73.5,13.0,97.4,0,stable
581,15,73.6,12.6,97.4,0,stable
581,16,73.9,12.6,97.4,0,stable
581,17,73.3,12.8,97.7,0,stable
581,18,74.2,13.1,97.7,0,stable
581,19,75.7,13.1,97.7,0,stable
581,20,74.4,12.9,97.9,0,stable
581,21,74.1,12.8,97.5,0,stable
581,22,74.1,12.6,97.6,0,stable
581,23,74.3,12.9,97.7,0,stable
581,24,74.8,12.8,97.7,0,stable
582,1,72.1,14.6,97.1,0,stable
582,2,74.0,14.2,96.8,0,stable
582,3,73.3,14.5,96.8,0,stable
582,4,73.9,14.6,96.6,0,stable
582,5,73.9,14.3,96.9,0,stable
582,6,73.0,14.0,96.8,0,stable
582,7,73.0,13.6,96.7,0,stable
582,8,73.5,14.0,96.8,0,stable
582,9,72.8,14.3,96.9,0,stable
582,10,72.8,14.3,96.8,0,stable
582,11,73.4,14.3,96.8,0,stable
582,12,72.7,14.4,96.7,0,stable
582,13,73.1,14.5,96.8,0,stable
582,14,72.5,14.6,96.7,0,stable
582,15,73.2,14.7,96.8,0,stable
582,16,72.7,14.2,96.7,0,stable
582,17,73.5,14.1,96.6,0,stable
582,18,74.6,14.5,96.8,0,stable
582,19,73.4,14.3,96.8,0,stable
582,20,71.1,14.2,96.8,0,stable
582,21,72.3,14.3,96.9,0,stable
582,22,73.8,14.5,96.7,0,stable
582,23,72.2,14.4,96.5,0,stable
582,24,73.1,14.6,96.7,0,stable
583,1,77.2,15.1,96.9,0,stable
583,2,76.5,15.3,97.1,0,stable
583,3,76.4,15.3,97.2,0,stable
583,4,78.2,15.5,97.2,0,stable
583,5,76.7,15.1,97.2,0,stable
583,6,75.5,15.3,97.5,0,stable
583,7,75.1,15.6,97.4,0,stable
583,8,74.9,15.6,97.5,0,stable
583,9,75.4,15.7,97.4,0,stable
583,10,76.0,16.0,97.6,0,stable
583,11,77.8,15.9,97.6,0,stable
583,12,76.6,15.8,97.8,0,stable
583,13,77.3,15.7,97.8,0,stable
583,14,76.9,15.8,97.7,0,stable
583,15,76.4,15.9,97.9,0,stable
583,16,75.9,15.8,97.7,0,stable
583,17,76.1,15.6,97.7,0,stable
583,18,77.1,15.9,97.7,0,stable
583,19,77.6,15.9,97.7,0,stable
583,20,76.6,15.9,97.7,0,stable
583,21,77.3,15.6,97.6,0,stable
583,22,77.2,15.3,97.6,0,stable
583,23,76.7,15.5,97.8,0,stable
583,24,75.6,15.7,97.6,0,stable
584,1,80.6,18.0,97.4,0,stable
584,2,81.0,17.8,97.5,0,stable
584,3,82.4,18.1,97.3,0,stable
584,4,82.0,18.7,97.4,0,stable
584,5,82.1,18.6,97.3,0,stable
584,6,81.4,18.3,97.2,0,stable
584,7,81.8,18.7,97.0,0,stable
584,8,81.6,18.4,97.0,0,stable
584,9,82.0,18.6,97.0,0,stable
584,10,82.4,19.0,97.1,0,stable
584,11,83.8,19.0,97.2,0,stable
584,12,82.9,18.9,97.4,0,stable
584,13,81.4,18.9,97.5,0,stable
584,14,81.0,18.7,97.6,0,stable
584,15,81.3,18.9,97.4,0,stable
584,16,80.5,19.0,97.2,0,stable
584,17,80.2,18.5,97.1,0,stable
584,18,81.3,18.6,97.0,0,stable
584,19,81.0,18.7,96.9,0,stable
584,20,80.4,18.8,96.9,0,stable
584,21,81.0,18.7,97.0,0,stable
584,22,80.9,18.6,97.0,0,stable
584,23,80.4,18.8,97.0,0,stable
584,24,80.2,18.6,97.0,0,stable
585,1,77.0,16.1,97.2,0,stable
585,2,77.4,16.2,97.3,0,stable
585,3,78.1,15.8,97.1,0,stable
585,4,79.1,15.3,97.0,0,stable
585,5,79.0,15.0,97.0,0,stable
585,6,77.9,15.3,97.1,0,stable
585,7,81.1,15.3,97.0,0,stable
585,8,81.8,15.6,96.8,0,stable
585,9,80.9,15.5,96.9,0,stable
585,10,81.1,15.6,96.9,0,stable
585,11,80.0,15.6,97.0,0,stable
585,12,81.2,15.1,97.2,0,stable
585,13,80.7,15.1,97.0,0,stable
585,14,80.0,15.3,96.9,0,stable
585,15,78.8,14.7,97.1,0,stable
585,16,79.7,15.2,97.0,0,stable
585,17,82.2,15.1,97.2,0,stable
585,18,82.1,15.5,97.1,0,stable
585,19,80.8,15.5,97.1,0,stable
585,20,80.6,15.7,97.0,0,stable
585,21,81.8,15.5,97.2,0,stable
585,22,81.2,15.2,97.1,0,stable
585,23,80.5,15.4,97.5,0,stable
585,24,81.6,15.4,97.3,0,stable
586,1,68.3,16.0,97.5,0,stable
586,2,68.9,15.5,97.5,0,stable
586,3,71.3,16.2,97.6,0,stable
586,4,71.4,16.5,97.5,0,stable
586,5,73.2,16.9,97.9,0,stable
586,6,73.1,16.9,97.7,0,stable
586,7,73.0,16.5,97.7,0,stable
586,8,74.5,16.3,97.7,0,stable
586,9,74.7,16.9,97.4,0,stable
586,10,75.0,17.0,97.5,0,stable
586,11,75.3,17.1,97.7,0,stable
586,12,74.7,17.1,97.6,0,stable
586,13,74.4,17.0,97.6,0,stable
586,14,73.4,16.6,97.5,0,stable
586,15,75.1,16.8,97.5,0,stable
586,16,76.3,17.2,97.7,0,stable
586,17,76.2,17.2,97.6,0,stable
586,18,76.4,16.9,97.7,0,stable
586,19,75.7,17.1,97.8,0,stable
586,20,75.5,17.1,97.8,0,stable
586,21,74.6,17.3,97.9,0,stable
586,22,74.5,17.1,97.8,0,stable
586,23,74.8,17.4,97.6,0,stable
586,24,75.0,17.0,97.8,0,stable
587,1,60.9,15.4,96.4,0,stable
587,2,61.4,16.0,96.1,0,stable
587,3,61.9,15.8,96.2,0,stable
587,4,61.1,15.3,96.2,0,stable
587,5,61.6,15.0,96.3,0,stable
587,6,61.1,14.8,96.4,0,stable
587,7,62.6,15.2,96.4,0,stable
587,8,63.0,15.3,96.0,0,stable
587,9,62.5,14.4,96.2,0,stable
587,10,62.8,14.9,96.4,0,stable
587,11,64.4,15.1,96.6,0,stable
587,12,63.5,14.9,96.5,0,stable
587,13,62.6,15.1,96.3,0,stable
587,14,62.6,14.9,96.4,0,stable
587,15,61.7,14.7,96.4,0,stable
587,16,61.7,14.5,96.3,0,stable
587,17,61.7,14.7,96.3,0,stable
587,18,60.2,14.9,96.2,0,stable
587,19,60.4,14.7,96.2,0,stable
587,20,61.7,14.7,96.3,0,stable
587,21,61.3,14.7,96.1,0,stable
587,22,61.0,14.8,96.2,0,stable
587,23,61.5,14.7,96.1,0,stable
587,24,62.9,14.3,96.1,0,stable
588,1,82.2,15.1,96.6,0,stable
588,2,84.2,15.7,96.6,0,stable
588,3,84.2,15.8,96.7,0,stable
588,4,84.8,15.7,96.8,0,stable
588,5,86.0,15.8,97.0,0,stable
588,6,85.6,15.8,97.1,0,stable
588,7,85.1,15.9,96.9,0,stable
588,8,85.8,15.9,96.9,0,stable
588,9,85.0,16.2,96.8,0,stable
588,10,84.1,16.2,97.0,0,stable
588,11,82.9,16.1,96.8,0,stable
588,12,83.0,16.2,96.8,0,stable
588,13,83.5,16.2,97.0,0,stable
588,14,82.7,16.2,97.0,0,stable
588,15,83.6,16.4,96.8,0,stable
588,16,83.9,15.8,96.8,0,stable
588,17,84.9,16.0,96.9,0,stable
588,18,84.4,16.2,96.9,0,stable
588,19,85.7,16.1,97.0,0,stable
588,20,86.1,16.3,96.8,0,stable
588,21,84.8,15.8,96.9,0,stable
588,22,85.5,15.8,97.0,0,stable
588,23,83.8,15.7,97.0,0,stable
588,24,83.8,16.3,96.7,0,stable
589,1,74.0,15.5,97.9,0,stable
589,2,74.0,14.8,97.9,0,stable
589,3,74.7,14.6,98.0,0,stable
589,4,75.2,15.3,98.1,0,stable
589,5,74.2,15.7,98.1,0,stable
589,6,74.6,15.3,98.1,0,stable
589,7,75.3,14.9,98.0,0,stable
589,8,74.9,15.4,98.2,0,stable
589,9,75.3,15.4,98.3,0,stable
589,10,76.3,14.9,98.3,0,stable
589,11,75.5,15.0,98.3,0,stable
589,12,76.2,15.0,98.3,0,stable
589,13,76.6,14.9,98.4,0,stable
589,14,78.4,14.7,98.3,0,stable
589,15,77.9,14.4,98.4,0,stable
589,16,76.8,14.6,98.5,0,stable
589,17,76.4,15.0,98.5,0,stable
589,18,76.1,15.0,98.3,0,stable
589,19,75.6,15.1,98.2,0,stable
589,20,75.7,14.6,98.2,0,stable
589,21,76.0,14.7,98.1,0,stable
589,22,76.7,14.8,98.0,0,stable
589,23,76.7,14.9,98.2,0,stable
589,24,76.8,14.8,98.4,0,stable
590,1,75.4,16.1,97.5,0,stable
590,2,73.8,15.6,97.5,0,stable
590,3,74.7,15.7,97.2,0,stable
590,4,74.8,15.7,97.0,0,stable
590,5,74.9,16.0,97.1,0,stable
590,6,74.4,15.3,97.0,0,stable
590,7,74.7,15.6,96.9,0,stable
590,8,74.7,15.4,96.9,0,stable
590,9,73.0,14.8,97.2,0,stable
590,10,74.7,14.6,97.3,0,stable
590,11,76.4,15.3,97.0,0,stable
590,12,75.7,15.1,97.1,0,stable
590,13,75.4,15.2,97.2,0,stable
590,14,74.0,15.8,97.1,0,stable
590,15,74.6,15.8,97.2,0,stable
590,16,75.5,15.8,97.0,0,stable
590,17,74.1,15.7,96.8,0,stable
590,18,73.8,15.3,96.6,0,stable
590,19,73.3,15.0,96.8,0,stable
590,20,74.7,15.0,96.8,0,stable
590,21,74.1,15.3,97.0,0,stable
590,22,74.2,15.3,97.2,0,stable
590,23,74.3,15.6,97.0,0,stable
590,24,74.6,15.3,96.9,0,stable
591,1,78.3,17.9,97.9,0,stable
591,2,79.4,17.7,97.7,0,stable
591,3,80.0,17.6,97.8,0,stable
591,4,80.9,17.5,97.8,0,stable
591,5,81.5,17.5,97.9,0,stable
591,6,81.9,17.2,97.8,0,stable
591,7,81.8,17.2,98.0,0,stable
591,8,82.8,17.2,97.9,0,stable
591,9,82.4,17.2,97.9,0,stable
591,10,80.9,17.0,97.9,0,stable
591,11,81.3,17.2,98.1,0,stable
591,12,81.7,17.2,98.1,0,stable
591,13,81.8,17.7,98.0,0,stable
591,14,81.3,17.5,97.9,0,stable
591,15,82.2,17.4,97.7,0,stable
591,16,80.9,17.1,98.0,0,stable
591,17,80.5,17.1,97.8,0,stable
591,18,81.3,17.3,98.0,0,stable
591,19,81.9,17.3,98.0,0,stable
591,20,81.2,17.2,98.1,0,stable
591,21,80.9,17.2,98.0,0,stable
591,22,80.7,17.4,98.1,0,stable
591,23,79.5,16.9,98.0,0,stable
591,24,79.3,16.7,98.1,0,stable
592,1,68.7,15.7,97.1,0,stable
592,2,68.0,15.3,97.3,0,stable
592,3,67.1,15.4,97.2,0,stable
592,4,68.5,15.6,97.1,0,stable
592,5,67.1,15.8,97.0,0,stable
592,6,67.9,15.5,97.3,0,stable
592,7,67.1,15.4,97.2,0,stable
592,8,66.2,15.7,97.1,0,stable
592,9,67.4,15.5,97.2,0,stable
592,10,67.2,15.5,97.3,0,stable
592,11,67.2,15.2,97.3,0,stable
592,12,67.9,15.4,97.4,0,stable
592,13,68.0,15.6,97.4,0,stable
592,14,66.5,15.8,97.4,0,stable
592,15,67.0,15.4,97.4,0,stable
592,16,67.1,15.1,97.3,0,stable
592,17,66.7,15.2,97.3,0,stable
592,18,66.3,15.4,97.1,0,stable
592,19,67.0,15.4,97.1,0,stable
592,20,68.6,15.6,97.1,0,stable
592,21,67.7,15.5,97.1,0,stable
592,22,66.9,15.6,97.2,0,stable
592,23,67.9,15.5,97.3,0,stable
592,24,68.6,15.8,97.2,0,stable
593,1,87.5,14.5,97.5,0,stable
593,2,86.9,14.7,97.4,0,stable
593,3,86.6,14.7,97.3,0,stable
593,4,86.8,15.0,97.3,0,stable
593,5,86.4,14.8,97.2,0,stable
593,6,88.0,15.0,97.2,0,stable
593,7,86.9,15.1,97.0,0,stable
593,8,87.1,15.3,97.2,0,stable
593,9,86.9,15.6,97.1,0,stable
593,10,86.2,15.2,97.1,0,stable
593,11,86.8,15.8,97.3,0,stable
593,12,87.3,15.4,97.3,0,stable
593,13,87.6,15.2,97.2,0,stable
593,14,88.4,14.8,97.2,0,stable
593,15,87.5,14.6,97.4,0,stable
593,16,88.2,14.2,97.6,0,stable
593,17,87.8,14.9,97.5,0,stable
593,18,86.5,14.4,97.7,0,stable
593,19,85.0,14.3,97.6,0,stable
593,20,86.4,14.7,97.6,0,stable
593,21,85.4,14.8,97.5,0,stable
593,22,86.0,14.8,97.4,0,stable
593,23,86.8,14.8,97.3,0,stable
593,24,87.6,14.6,97.4,0,stable
594,1,76.8,14.4,97.4,0,stable
594,2,76.4,15.0,97.6,0,stable
594,3,77.3,14.9,97.5,0,stable
594,4,77.0,14.9,97.5,0,stable
594,5,77.3,14.8,97.4,0,stable
594,6,77.3,15.4,97.5,0,stable
594,7,74.3,15.1,97.8,0,stable
594,8,72.9,15.5,97.8,0,stable
594,9,74.6,15.4,97.8,0,stable
594,10,74.9,15.5,97.7,0,stable
594,11,74.3,15.7,97.6,0,stable
594,12,76.4,15.8,97.4,0,stable
594,13,77.0,15.5,97.6,0,stable
594,14,78.3,15.4,97.7,0,stable
594,15,77.5,16.0,97.8,0,stable
594,16,76.6,15.9,97.5,0,stable
594,17,76.0,16.2,97.6,0,stable
594,18,74.9,15.8,97.4,0,stable
594,19,75.4,15.8,97.3,0,stable
594,20,75.4,16.1,97.3,0,stable
594,21,74.1,16.1,97.4,0,stable
594,22,73.5,15.7,97.2,0,stable
594,23,73.9,15.6,97.4,0,stable
594,24,73.0,15.4,97.4,0,stable
595,1,78.1,19.0,97.1,0,stable
595,2,78.6,18.5,97.2,0,stable
595,3,78.4,17.9,97.6,0,stable
595,4,78.6,17.4,97.6,0,stable
595,5,77.3,17.2,97.7,0,stable
595,6,76.5,17.0,97.7,0,stable
595,7,76.5,17.1,97.9,0,stable
595,8,76.7,17.5,97.8,0,stable
595,9,76.0,17.5,97.8,0,stable
595,10,76.5,17.1,97.7,0,stable
595,11,75.8,16.9,97.8,0,stable
595,12,75.4,17.2,98.0,0,stable
595,13,76.3,17.2,98.2,0,stable
595,14,77.1,17.2,98.0,0,stable
595,15,76.6,17.2,97.8,0,stable
595,16,76.8,16.9,97.9,0,stable
595,17,76.4,16.7,98.1,0,stable
595,18,76.5,16.4,98.3,0,stable
595,19,77.3,17.2,98.1,0,stable
595,20,77.7,16.9,97.8,0,stable
595,21,76.3,16.9,97.7,0,stable
595,22,75.4,17.3,97.6,0,stable
595,23,76.3,17.2,97.8,0,stable
595,24,76.1,16.9,98.0,0,stable
596,1,68.8,14.6,97.7,0,stable
596,2,71.0,14.6,97.5,0,stable
596,3,71.5,14.8,97.7,0,stable
596,4,71.2,14.9,97.7,0,stable
596,5,71.6,15.0,97.8,0,stable
596,6,72.6,15.5,98.0,0,stable
596,7,70.9,15.6,98.0,0,stable
596,8,70.5,15.9,98.2,0,stable
596,9,71.5,15.9,98.2,0,stable
596,10,70.5,15.7,98.0,0,stable
596,11,70.6,15.7,98.0,0,stable
596,12,70.5,16.0,98.1,0,stable
596,13,70.2,15.3,98.0,0,stable
596,14,70.1,15.5,98.0,0,stable
596,15,71.4,15.5,98.1,0,stable
596,16,71.4,15.8,98.0,0,stable
596,17,71.1,15.3,98.1,0,stable
596,18,71.1,15.2,98.0,0,stable
596,19,71.3,15.2,98.1,0,stable
596,20,72.6,15.7,98.2,0,stable
596,21,71.4,15.7,98.1,0,stable
596,22,71.3,15.7,97.9,0,stable
596,23,71.8,15.7,97.9,0,stable
596,24,71.3,15.3,98.0,0,stable
597,1,76.1,14.1,98.5,0,stable
597,2,77.1,13.8,98.5,0,stable
597,3,77.6,13.7,98.8,0,stable
597,4,78.6,13.5,98.9,0,stable
597,5,78.9,13.4,99.0,0,stable
597,6,78.5,13.9,99.0,0,stable
597,7,77.9,14.2,99.1,0,stable
597,8,78.3,13.6,98.9,0,stable
597,9,78.6,13.6,99.0,0,stable
597,10,80.4,13.5,98.8,0,stable
597,11,79.9,13.9,98.7,0,stable
597,12,78.8,14.0,98.8,0,stable
597,13,77.5,14.4,99.0,0,stable
597,14,77.6,14.5,98.8,0,stable
597,15,77.7,14.4,98.7,0,stable
597,16,78.4,14.4,98.6,0,stable
597,17,77.5,14.2,98.8,0,stable
597,18,77.4,13.9,98.6,0,stable
597,19,77.6,14.0,98.8,0,stable
597,20,77.4,13.7,99.0,0,stable
597,21,76.7,14.1,99.1,0,stable
597,22,76.8,14.1,98.9,0,stable
597,23,76.7,14.0,98.9,0,stable
597,24,78.8,14.0,99.0,0,stable
598,1,75.6,16.2,98.8,0,stable
598,2,77.0,15.7,98.9,0,stable
598,3,77.2,15.6,98.5,0,stable
598,4,77.5,15.6,98.3,0,stable
598,5,78.1,15.4,98.2,0,stable
598,6,79.1,15.6,98.2,0,stable
598,7,79.2,15.5,98.3,0,stable
598,8,78.0,15.8,98.2,0,stable
598,9,77.0,16.0,98.1,0,stable
598,10,77.1,16.1,98.0,0,stable
598,11,76.9,16.4,98.2,0,stable
598,12,77.8,16.3,98.3,0,stable
598,13,78.3,16.3,98.5,0,stable
598,14,77.5,16.0,98.5,0,stable
598,15,79.0,16.0,98.5,0,stable
598,16,77.7,16.1,98.7,0,stable
598,17,77.4,15.7,98.6,0,stable
598,18,78.5,15.9,98.6,0,stable
598,19,78.8,15.6,98.5,0,stable
598,20,78.6,16.0,98.5,0,stable
598,21,78.9,16.4,98.4,0,stable
598,22,78.4,16.4,98.8,0,stable
598,23,76.9,16.4,98.5,0,stable
598,24,77.8,16.4,98.4,0,stable
599,1,84.4,16.9,98.3,0,stable
599,2,83.4,17.1,98.1,0,stable
599,3,83.4,17.0,98.1,0,stable
599,4,84.5,16.5,98.1,0,stable
599,5,84.0,16.2,98.1,0,stable
599,6,83.5,15.7,98.2,0,stable
599,7,83.6,15.7,98.2,0,stable
599,8,83.1,15.8,98.2,0,stable
599,9,83.7,16.0,98.3,0,stable
599,10,84.8,16.2,98.3,0,stable
599,11,85.2,15.9,98.1,0,stable
599,12,82.9,16.2,98.4,0,stable
599,13,84.2,16.5,98.6,0,stable
599,14,83.7,16.7,98.5,0,stable
599,15,83.8,16.7,98.4,0,stable
599,16,83.4,16.3,98.5,0,stable
599,17,82.8,16.2,98.3,0,stable
599,18,82.9,16.3,98.1,0,stable
599,19,83.5,16.7,98.2,0,stable
599,20,84.0,16.4,98.2,0,stable
599,21,84.5,16.1,98.2,0,stable
599,22,83.4,16.2,98.2,0,stable
599,23,84.1,16.2,98.3,0,stable
599,24,83.5,16.4,98.2,0,stable
600,1,69.2,16.6,97.5,0,stable
600,2,70.3,15.9,97.6,0,stable
600,3,70.7,15.5,97.6,0,stable
600,4,70.6,15.3,97.6,0,stable
600,5,70.3,15.4,97.7,0,stable
600,6,68.9,15.5,97.5,0,stable
600,7,69.9,14.8,97.5,0,stable
600,8,69.0,15.5,97.5,0,stable
600,9,68.1,15.5,97.4,0,stable
600,10,67.5,15.3,97.5,0,stable
600,11,68.2,15.1,97.5,0,stable
600,12,68.4,15.2,97.5,0,stable
600,13,67.9,15.4,97.6,0,stable
600,14,68.8,15.6,97.5,0,stable
600,15,69.7,15.2,97.4,0,stable
600,16,68.9,15.2,97.8,0,stable
600,17,69.4,15.0,97.7,0,stable
600,18,69.5,15.6,97.6,0,stable
600,19,68.2,15.6,97.7,0,stable
600,20,68.1,15.6,97.6,0,stable
600,21,68.0,15.4,97.6,0,stable
600,22,68.0,15.4,97.7,0,stable
600,23,69.2,15.5,97.4,0,stable
600,24,68.9,16.1,97.4,0,stable
601,1,75.0,16.3,98.7,1,early_warning
601,2,77.1,17.0,98.5,1,early_warning
601,3,83.1,18.5,97.2,1,early_warning
601,4,89.7,20.9,95.1,1,early_warning
601,5,94.5,21.8,94.4,1,early_warning
601,6,91.0,20.5,95.3,1,early_warning
601,7,84.1,18.5,97.5,1,early_warning
601,8,77.6,16.6,98.9,1,early_warning
601,9,75.7,15.6,99.2,1,early_warning
601,10,76.0,15.1,99.2,1,early_warning
601,11,74.9,15.6,99.3,1,early_warning
601,12,74.5,15.6,99.1,1,early_warning
601,13,74.8,15.9,99.3,1,early_warning
601,14,75.4,16.1,99.4,1,early_warning
601,15,75.7,16.5,99.3,1,early_warning
601,16,75.7,16.2,99.2,1,early_warning
601,17,75.4,16.5,99.3,1,early_warning
601,18,76.0,16.7,99.0,1,early_warning
601,19,77.3,16.8,98.7,1,early_warning
601,20,79.5,16.7,98.6,1,early_warning
601,21,79.6,16.9,98.5,1,early_warning
601,22,78.6,17.3,98.3,1,early_warning
601,23,78.9,17.7,98.2,1,early_warning
601,24,80.4,17.8,98.1,1,early_warning
602,1,74.3,14.0,97.1,1,early_warning
602,2,75.1,14.0,97.4,1,early_warning
602,3,77.9,13.9,97.5,1,early_warning
602,4,78.2,14.4,97.5,1,early_warning
602,5,80.1,15.4,96.9,1,early_warning
602,6,87.3,17.1,95.6,1,early_warning
602,7,93.7,19.3,93.6,1,early_warning
602,8,97.7,20.3,92.7,1,early_warning
602,9,92.7,19.8,93.8,1,early_warning
602,10,84.7,17.3,95.9,1,early_warning
602,11,78.4,15.4,97.0,1,early_warning
602,12,76.3,15.0,97.6,1,early_warning
602,13,75.5,14.5,97.8,1,early_warning
602,14,77.4,14.9,97.7,1,early_warning
602,15,76.8,15.0,97.6,1,early_warning
602,16,78.2,15.2,97.7,1,early_warning
602,17,79.6,15.1,97.6,1,early_warning
602,18,80.2,15.5,97.3,1,early_warning
602,19,78.5,15.4,97.1,1,early_warning
602,20,79.8,15.6,97.1,1,early_warning
602,21,79.5,15.6,97.0,1,early_warning
602,22,79.7,15.9,96.7,1,early_warning
602,23,80.7,16.4,96.8,1,early_warning
602,24,82.1,16.6,96.7,1,early_warning
603,1,84.5,13.8,95.7,1,gradual
603,2,84.7,13.7,95.4,1,gradual
603,3,84.6,13.6,95.5,1,gradual
603,4,84.7,13.9,95.2,1,gradual
603,5,85.5,14.3,94.9,1,gradual
603,6,86.1,14.0,94.9,1,gradual
603,7,87.9,14.5,94.7,1,gradual
603,8,87.9,15.1,94.5,1,gradual
603,9,88.4,15.3,94.3,1,gradual
603,10,89.3,15.4,94.1,1,gradual
603,11,90.4,15.9,94.0,1,gradual
603,12,91.5,16.6,93.6,1,gradual
603,13,92.5,16.9,93.6,1,gradual
603,14,93.8,17.3,93.1,1,gradual
603,15,94.1,17.5,93.0,1,gradual
603,16,94.0,17.6,92.7,1,gradual
603,17,94.3,17.8,92.4,1,gradual
603,18,96.1,17.9,92.3,1,gradual
603,19,98.7,18.1,92.2,1,gradual
603,20,99.0,18.4,92.0,1,gradual
603,21,98.3,18.5,91.9,1,gradual
603,22,98.9,19.1,91.4,1,gradual
603,23,99.3,19.8,91.1,1,gradual
603,24,99.8,20.2,90.8,1,gradual
604,1,78.2,16.0,97.5,1,early_warning
604,2,84.4,17.5,96.1,1,early_warning
604,3,92.4,19.8,94.0,1,early_warning
604,4,96.1,21.1,93.2,1,early_warning
604,5,94.1,20.0,94.3,1,early_warning
604,6,86.6,18.1,96.4,1,early_warning
604,7,80.0,16.5,97.6,1,early_warning
604,8,78.2,16.0,98.0,1,early_warning
604,9,78.8,16.0,98.3,1,early_warning
604,10,77.9,15.9,98.2,1,early_warning
604,11,76.5,15.2,98.4,1,early_warning
604,12,77.9,15.2,98.4,1,early_warning
604,13,78.0,14.9,98.0,1,early_warning
604,14,75.4,15.3,98.2,1,early_warning
604,15,77.1,15.5,98.0,1,early_warning
604,16,77.7,15.6,98.0,1,early_warning
604,17,78.3,15.2,97.9,1,early_warning
604,18,79.1,15.5,97.8,1,early_warning
604,19,79.2,15.4,97.6,1,early_warning
604,20,80.2,15.5,97.3,1,early_warning
604,21,80.6,15.6,97.1,1,early_warning
604,22,81.1,16.5,97.0,1,early_warning
604,23,82.2,16.9,96.8,1,early_warning
604,24,84.8,17.1,96.9,1,early_warning
605,1,69.1,18.2,97.3,1,gradual
605,2,70.4,18.4,97.0,1,gradual
605,3,71.6,18.8,96.9,1,gradual
605,4,73.3,18.8,96.9,1,gradual
605,5,74.1,18.6,96.7,1,gradual
605,6,74.8,18.7,96.3,1,gradual
605,7,76.7,18.8,96.0,1,gradual
605,8,77.2,19.2,95.7,1,gradual
605,9,77.7,19.7,95.6,1,gradual
605,10,79.5,20.1,95.5,1,gradual
605,11,79.8,20.3,95.2,1,gradual
605,12,79.1,21.1,95.0,1,gradual
605,13,80.0,21.4,94.9,1,gradual
605,14,81.2,21.2,94.7,1,gradual
605,15,81.0,21.1,94.4,1,gradual
605,16,82.5,21.0,94.2,1,gradual
605,17,84.4,21.5,93.9,1,gradual
605,18,85.2,21.7,93.6,1,gradual
605,19,85.3,22.1,93.5,1,gradual
605,20,86.9,22.3,93.2,1,gradual
605,21,87.2,22.3,93.0,1,gradual
605,22,86.4,22.8,92.6,1,gradual
605,23,87.7,22.9,92.5,1,gradual
605,24,87.9,23.5,92.5,1,gradual
606,1,84.4,18.5,98.6,1,early_warning
606,2,83.6,19.2,98.6,1,early_warning
606,3,86.8,19.6,98.1,1,early_warning
606,4,91.8,21.2,96.4,1,early_warning
606,5,99.7,23.4,94.7,1,early_warning
606,6,104.0,24.1,93.8,1,early_warning
606,7,100.6,22.7,94.5,1,early_warning
606,8,93.1,20.4,96.4,1,early_warning
606,9,86.5,19.2,97.7,1,early_warning
606,10,85.3,18.7,98.1,1,early_warning
606,11,83.3,18.4,98.3,1,early_warning
606,12,82.3,18.5,98.4,1,early_warning
606,13,82.4,18.4,98.5,1,early_warning
606,14,82.8,18.2,98.6,1,early_warning
606,15,82.5,18.2,98.7,1,early_warning
606,16,83.3,18.4,98.5,1,early_warning
606,17,84.4,19.2,98.4,1,early_warning
606,18,85.9,19.1,98.1,1,early_warning
606,19,85.5,19.4,98.0,1,early_warning
606,20,86.4,19.2,97.9,1,early_warning
606,21,87.1,19.6,97.9,1,early_warning
606,22,86.6,20.1,97.9,1,early_warning
606,23,86.9,20.0,97.8,1,early_warning
606,24,88.9,20.6,97.5,1,early_warning
607,1,86.7,17.7,97.6,1,gradual
607,2,86.7,17.5,97.5,1,gradual
607,3,87.8,17.5,97.0,1,gradual
607,4,89.1,17.5,96.7,1,gradual
607,5,87.0,17.3,96.4,1,gradual
607,6,87.4,17.5,96.3,1,gradual
607,7,88.9,17.8,96.1,1,gradual
607,8,90.6,18.0,95.9,1,gradual
607,9,91.5,18.4,95.7,1,gradual
607,10,92.5,18.7,95.2,1,gradual
607,11,90.9,18.6,94.9,1,gradual
607,12,91.5,19.3,94.7,1,gradual
607,13,90.6,19.8,94.7,1,gradual
607,14,91.4,19.9,94.5,1,gradual
607,15,93.3,20.4,94.2,1,gradual
607,16,95.4,20.6,94.0,1,gradual
607,17,96.1,20.8,93.8,1,gradual
607,18,96.6,21.1,93.5,1,gradual
607,19,98.7,21.1,93.5,1,gradual
607,20,99.6,21.3,93.0,1,gradual
607,21,99.6,22.0,93.0,1,gradual
607,22,99.1,22.1,93.0,1,gradual
607,23,101.1,22.4,92.6,1,gradual
607,24,102.3,22.9,92.5,1,gradual
608,1,78.7,16.8,97.1,1,early_warning
608,2,77.9,16.6,97.0,1,early_warning
608,3,78.1,16.6,96.9,1,early_warning
608,4,77.8,16.6,96.6,1,early_warning
608,5,80.7,17.1,96.0,1,early_warning
608,6,86.0,18.7,94.6,1,early_warning
608,7,95.8,21.0,92.8,1,early_warning
608,8,97.7,22.0,91.7,1,early_warning
608,9,93.4,20.7,92.8,1,early_warning
608,10,85.8,18.3,94.6,1,early_warning
608,11,80.0,16.5,95.8,1,early_warning
608,12,76.6,15.8,96.3,1,early_warning
608,13,77.8,16.1,96.7,1,early_warning
608,14,77.2,16.1,96.7,1,early_warning
608,15,77.6,15.8,96.8,1,early_warning
608,16,77.9,16.0,96.7,1,early_warning
608,17,78.1,16.2,96.5,1,early_warning
608,18,77.7,16.3,96.1,1,early_warning
608,19,78.5,16.7,96.0,1,early_warning
608,20,79.0,17.1,95.8,1,early_warning
608,21,81.3,17.6,95.8,1,early_warning
608,22,80.2,17.7,95.9,1,early_warning
608,23,80.9,17.7,95.8,1,early_warning
608,24,81.0,18.2,95.4,1,early_warning
609,1,92.3,17.1,96.6,1,early_warning
609,2,96.1,18.7,95.2,1,early_warning
609,3,103.3,20.6,93.1,1,early_warning
609,4,108.4,21.8,92.0,1,early_warning
609,5,104.6,20.4,92.9,1,early_warning
609,6,96.8,18.3,94.9,1,early_warning
609,7,92.3,16.6,96.3,1,early_warning
609,8,89.0,16.0,97.0,1,early_warning
609,9,88.1,15.7,97.4,1,early_warning
609,10,88.2,15.6,97.4,1,early_warning
609,11,87.8,15.9,97.3,1,early_warning
609,12,87.5,16.2,97.0,1,early_warning
609,13,87.7,16.4,97.0,1,early_warning
609,14,87.2,16.2,97.0,1,early_warning
609,15,87.3,16.0,96.9,1,early_warning
609,16,87.2,16.2,97.1,1,early_warning
609,17,88.8,16.9,97.1,1,early_warning
609,18,89.9,17.1,96.8,1,early_warning
609,19,89.7,17.4,96.6,1,early_warning
609,20,90.7,16.9,96.5,1,early_warning
609,21,91.9,17.1,96.3,1,early_warning
609,22,93.1,17.4,96.3,1,early_warning
609,23,93.4,18.0,95.9,1,early_warning
609,24,94.8,18.2,95.8,1,early_warning
610,1,80.1,14.1,96.6,1,early_warning
610,2,82.2,15.8,96.3,1,early_warning
610,3,85.5,17.9,94.7,1,early_warning
610,4,93.9,20.1,92.7,1,early_warning
610,5,98.9,20.9,91.8,1,early_warning
610,6,95.6,19.7,92.8,1,early_warning
610,7,87.8,17.4,94.8,1,early_warning
610,8,83.2,15.9,96.1,1,early_warning
610,9,80.7,15.1,96.5,1,early_warning
610,10,79.8,15.1,96.7,1,early_warning
610,11,80.0,15.2,96.9,1,early_warning
610,12,79.1,15.1,96.9,1,early_warning
610,13,80.0,14.6,96.8,1,early_warning
610,14,77.3,14.7,96.7,1,early_warning
610,15,77.0,15.0,96.8,1,early_warning
610,16,78.8,14.9,96.8,1,early_warning
610,17,78.7,15.3,96.6,1,early_warning
610,18,80.0,15.6,96.6,1,early_warning
610,19,82.5,16.0,96.6,1,early_warning
610,20,81.8,16.1,96.4,1,early_warning
610,21,81.7,16.4,96.2,1,early_warning
610,22,83.4,16.8,96.1,1,early_warning
610,23,84.2,17.2,95.9,1,early_warning
610,24,85.4,17.6,95.7,1,early_warning
611,1,80.5,14.8,96.7,1,early_warning
611,2,82.3,15.1,96.0,1,early_warning
611,3,87.3,16.9,94.9,1,early_warning
611,4,95.4,19.2,92.8,1,early_warning
611,5,100.4,20.5,91.9,1,early_warning
611,6,96.0,19.3,92.8,1,early_warning
611,7,87.6,16.9,95.0,1,early_warning
611,8,84.0,15.4,96.4,1,early_warning
611,9,82.6,15.1,96.7,1,early_warning
611,10,81.5,15.0,96.8,1,early_warning
611,11,82.4,14.4,96.8,1,early_warning
611,12,81.7,14.4,96.9,1,early_warning
611,13,80.6,14.2,97.0,1,early_warning
611,14,81.0,14.5,96.9,1,early_warning
611,15,81.2,14.5,97.0,1,early_warning
611,16,81.4,14.9,97.0,1,early_warning
611,17,82.0,15.1,96.9,1,early_warning
611,18,82.3,15.0,96.7,1,early_warning
611,19,83.4,15.7,96.9,1,early_warning
611,20,84.7,15.4,96.5,1,early_warning
611,21,85.0,15.5,96.4,1,early_warning
611,22,84.6,15.9,96.2,1,early_warning
611,23,85.6,16.0,96.2,1,early_warning
611,24,86.7,16.2,95.9,1,early_warning
612,1,76.2,16.1,96.9,1,early_warning
612,2,76.2,16.2,97.0,1,early_warning
612,3,77.9,16.6,96.4,1,early_warning
612,4,84.8,18.7,95.3,1,early_warning
612,5,92.9,21.1,93.5,1,early_warning
612,6,96.7,22.7,92.5,1,early_warning
612,7,91.4,21.3,93.3,1,early_warning
612,8,84.2,19.4,95.3,1,early_warning
612,9,79.0,17.8,96.9,1,early_warning
612,10,78.3,16.8,97.5,1,early_warning
612,11,77.0,17.2,97.7,1,early_warning
612,12,76.6,17.4,97.7,1,early_warning
612,13,76.9,17.2,97.8,1,early_warning
612,14,77.6,17.7,97.6,1,early_warning
612,15,76.7,17.8,97.6,1,early_warning
612,16,77.2,17.5,97.6,1,early_warning
612,17,77.9,17.5,97.4,1,early_warning
612,18,79.4,17.5,97.5,1,early_warning
612,19,80.3,17.9,97.1,1,early_warning
612,20,79.5,18.1,97.0,1,early_warning
612,21,80.6,18.6,97.0,1,early_warning
612,22,81.1,18.6,96.6,1,early_warning
612,23,80.8,18.9,96.6,1,early_warning
612,24,81.2,19.2,96.3,1,early_warning
613,1,75.9,14.4,98.1,1,gradual
613,2,76.6,14.9,98.0,1,gradual
613,3,77.3,15.1,97.6,1,gradual
613,4,77.5,16.0,97.4,1,gradual
613,5,78.5,15.9,97.3,1,gradual
613,6,79.4,16.2,97.1,1,gradual
613,7,81.4,16.7,97.0,1,gradual
613,8,81.7,16.5,96.6,1,gradual
613,9,82.0,16.4,96.5,1,gradual
613,10,82.2,17.4,96.2,1,gradual
613,11,83.6,17.2,96.3,1,gradual
613,12,84.2,17.4,96.1,1,gradual
613,13,85.1,18.3,95.7,1,gradual
613,14,84.5,18.2,95.6,1,gradual
613,15,85.8,19.0,95.1,1,gradual
613,16,86.9,19.2,94.9,1,gradual
613,17,86.8,19.5,94.7,1,gradual
613,18,87.1,19.6,94.4,1,gradual
613,19,86.9,20.2,94.1,1,gradual
613,20,88.2,20.0,93.8,1,gradual
613,21,90.2,20.5,93.6,1,gradual
613,22,90.1,20.4,93.3,1,gradual
613,23,90.8,20.7,93.0,1,gradual
613,24,92.4,21.0,93.0,1,gradual
614,1,68.5,18.0,97.5,1,gradual
614,2,72.2,18.2,97.4,1,gradual
614,3,72.9,18.1,97.0,1,gradual
614,4,72.8,18.3,96.7,1,gradual
614,5,74.1,18.4,96.5,1,gradual
614,6,74.4,19.0,96.4,1,gradual
614,7,76.2,18.9,96.1,1,gradual
614,8,77.5,18.8,95.9,1,gradual
614,9,77.7,18.9,95.7,1,gradual
614,10,78.9,19.3,95.4,1,gradual
614,11,81.3,18.9,95.2,1,gradual
614,12,81.0,19.7,95.3,1,gradual
614,13,83.1,20.3,95.0,1,gradual
614,14,81.8,20.4,94.8,1,gradual
614,15,83.4,20.2,94.5,1,gradual
614,16,82.9,20.7,94.1,1,gradual
614,17,83.8,21.1,94.1,1,gradual
614,18,85.6,21.8,93.9,1,gradual
614,19,86.2,22.2,93.6,1,gradual
614,20,87.6,22.2,93.2,1,gradual
614,21,88.2,22.9,93.1,1,gradual
614,22,88.7,22.5,92.9,1,gradual
614,23,90.0,22.9,92.7,1,gradual
614,24,90.9,23.7,92.5,1,gradual
615,1,88.2,16.3,97.1,1,early_warning
615,2,91.9,18.1,95.7,1,early_warning
615,3,99.3,20.6,93.6,1,early_warning
615,4,103.4,21.6,92.9,1,early_warning
615,5,98.5,20.4,93.8,1,early_warning
615,6,90.8,18.1,95.8,1,early_warning
615,7,83.8,16.6,96.9,1,early_warning
615,8,81.6,15.8,97.3,1,early_warning
615,9,81.6,15.6,97.6,1,early_warning
615,10,81.3,15.5,97.6,1,early_warning
615,11,81.8,15.2,97.6,1,early_warning
615,12,81.9,15.7,97.5,1,early_warning
615,13,82.6,15.9,97.4,1,early_warning
615,14,83.4,16.2,97.4,1,early_warning
615,15,82.3,16.1,97.6,1,early_warning
615,16,82.4,16.1,97.7,1,early_warning
615,17,84.1,16.1,97.5,1,early_warning
615,18,84.1,16.1,97.6,1,early_warning
615,19,85.9,16.5,97.3,1,early_warning
615,20,85.6,16.7,97.1,1,early_warning
615,21,84.1,16.7,96.7,1,early_warning
615,22,85.2,17.1,96.5,1,early_warning
615,23,85.3,17.5,96.5,1,early_warning
615,24,87.2,17.8,96.5,1,early_warning
616,1,81.7,15.9,97.4,1,early_warning
616,2,82.7,16.0,97.1,1,early_warning
616,3,83.9,17.0,96.6,1,early_warning
616,4,89.5,19.1,95.3,1,early_warning
616,5,96.6,21.1,93.2,1,early_warning
616,6,100.3,22.0,92.2,1,early_warning
616,7,98.2,21.4,93.1,1,early_warning
616,8,89.3,19.1,95.2,1,early_warning
616,9,84.2,17.3,96.6,1,early_warning
616,10,82.2,16.5,97.1,1,early_warning
616,11,81.0,16.5,97.1,1,early_warning
616,12,82.3,16.0,97.2,1,early_warning
616,13,81.4,16.0,97.2,1,early_warning
616,14,81.1,16.2,97.1,1,early_warning
616,15,81.2,16.3,97.2,1,early_warning
616,16,81.5,15.9,97.2,1,early_warning
616,17,82.5,16.1,97.3,1,early_warning
616,18,83.4,16.9,96.9,1,early_warning
616,19,83.0,16.9,96.7,1,early_warning
616,20,84.1,17.4,96.6,1,early_warning
616,21,83.7,17.4,96.4,1,early_warning
616,22,84.5,17.8,96.3,1,early_warning
616,23,85.2,18.1,96.1,1,early_warning
616,24,85.6,18.4,95.9,1,early_warning
617,1,81.8,18.0,98.1,1,early_warning
617,2,83.6,18.3,97.5,1,early_warning
617,3,89.9,19.7,96.1,1,early_warning
617,4,98.8,22.2,94.2,1,early_warning
617,5,102.5,23.8,93.3,1,early_warning
617,6,98.7,22.7,94.3,1,early_warning
617,7,90.8,20.1,96.1,1,early_warning
617,8,84.5,18.1,97.4,1,early_warning
617,9,83.0,17.3,98.1,1,early_warning
617,10,83.5,17.2,98.0,1,early_warning
617,11,81.1,17.4,97.9,1,early_warning
617,12,82.2,18.0,98.0,1,early_warning
617,13,83.2,18.0,97.9,1,early_warning
617,14,82.1,18.0,97.9,1,early_warning
617,15,83.2,17.5,97.9,1,early_warning
617,16,83.3,17.5,98.0,1,early_warning
617,17,83.8,17.7,97.8,1,early_warning
617,18,83.5,18.2,97.7,1,early_warning
617,19,83.5,18.2,97.7,1,early_warning
617,20,85.2,18.4,97.5,1,early_warning
617,21,85.8,18.3,97.4,1,early_warning
617,22,85.7,18.4,97.1,1,early_warning
617,23,86.6,18.0,96.9,1,early_warning
617,24,87.2,18.1,96.6,1,early_warning
618,1,82.8,20.2,96.2,1,early_warning
618,2,88.3,21.8,95.1,1,early_warning
618,3,96.8,24.5,93.1,1,early_warning
618,4,100.7,25.8,92.1,1,early_warning
618,5,95.4,24.2,92.8,1,early_warning
618,6,87.7,22.2,94.9,1,early_warning
618,7,81.9,20.2,96.3,1,early_warning
618,8,79.6,19.9,96.9,1,early_warning
618,9,79.2,19.6,97.0,1,early_warning
618,10,79.9,19.9,97.0,1,early_warning
618,11,80.9,19.7,97.0,1,early_warning
618,12,79.5,19.7,97.1,1,early_warning
618,13,79.2,20.0,97.1,1,early_warning
618,14,79.4,20.0,97.1,1,early_warning
618,15,80.0,19.8,97.3,1,early_warning
618,16,79.4,19.7,97.1,1,early_warning
618,17,80.4,19.6,96.8,1,early_warning
618,18,80.5,20.7,96.9,1,early_warning
618,19,81.3,20.8,96.5,1,early_warning
618,20,81.3,20.8,96.3,1,early_warning
618,21,82.6,21.3,96.1,1,early_warning
618,22,82.1,21.7,96.0,1,early_warning
618,23,83.8,21.7,95.8,1,early_warning
618,24,84.1,22.0,95.8,1,early_warning
619,1,77.1,15.9,96.7,1,gradual
619,2,76.6,15.5,96.7,1,gradual
619,3,77.6,15.8,96.3,1,gradual
619,4,78.7,15.8,96.0,1,gradual
619,5,80.1,16.4,95.9,1,gradual
619,6,79.5,16.3,95.8,1,gradual
619,7,80.0,16.2,95.7,1,gradual
619,8,81.3,16.7,95.4,1,gradual
619,9,83.0,16.8,94.9,1,gradual
619,10,82.9,17.1,94.9,1,gradual
619,11,84.8,17.7,94.7,1,gradual
619,12,85.1,17.8,94.5,1,gradual
619,13,84.7,17.9,94.2,1,gradual
619,14,86.9,18.2,93.7,1,gradual
619,15,87.6,18.7,93.5,1,gradual
619,16,87.3,18.9,93.3,1,gradual
619,17,88.1,19.0,93.0,1,gradual
619,18,87.2,19.3,93.1,1,gradual
619,19,87.6,19.5,92.8,1,gradual
619,20,89.1,20.6,92.7,1,gradual
619,21,90.6,20.8,92.3,1,gradual
619,22,91.1,20.9,92.1,1,gradual
619,23,91.8,20.8,91.9,1,gradual
619,24,93.8,20.9,91.6,1,gradual
620,1,78.6,15.0,97.6,1,gradual
620,2,79.4,15.1,97.5,1,gradual
620,3,80.7,15.0,97.1,1,gradual
620,4,80.6,15.1,96.9,1,gradual
620,5,80.9,15.8,96.7,1,gradual
620,6,81.5,16.0,96.6,1,gradual
620,7,82.0,16.0,96.3,1,gradual
620,8,83.7,15.9,95.9,1,gradual
620,9,84.8,16.0,95.4,1,gradual
620,10,85.3,16.7,95.3,1,gradual
620,11,85.9,17.3,95.3,1,gradual
620,12,85.8,17.4,95.2,1,gradual
620,13,88.4,17.5,94.9,1,gradual
620,14,87.9,17.3,94.7,1,gradual
620,15,89.3,17.7,94.4,1,gradual
620,16,89.1,17.9,94.1,1,gradual
620,17,89.8,18.0,93.8,1,gradual
620,18,89.8,18.7,93.5,1,gradual
620,19,91.0,19.1,93.5,1,gradual
620,20,91.4,20.3,93.5,1,gradual
620,21,92.3,20.6,93.2,1,gradual
620,22,92.1,20.5,92.9,1,gradual
620,23,91.6,20.6,92.6,1,gradual
620,24,93.5,20.8,92.5,1,gradual
621,1,82.7,13.8,97.9,1,early_warning
621,2,84.5,14.7,97.2,1,early_warning
621,3,89.1,16.3,95.7,1,early_warning
621,4,97.1,18.1,93.8,1,early_warning
621,5,99.9,19.5,92.6,1,early_warning
621,6,96.5,18.0,93.5,1,early_warning
621,7,90.2,15.6,95.4,1,early_warning
621,8,83.1,13.8,96.9,1,early_warning
621,9,81.6,12.8,97.5,1,early_warning
621,10,82.6,13.2,97.6,1,early_warning
621,11,80.9,14.0,97.6,1,early_warning
621,12,81.3,14.3,97.4,1,early_warning
621,13,82.5,14.2,97.3,1,early_warning
621,14,82.7,13.3,97.4,1,early_warning
621,15,81.4,13.3,97.4,1,early_warning
621,16,82.0,12.9,97.4,1,early_warning
621,17,83.1,12.8,97.5,1,early_warning
621,18,84.6,13.0,97.1,1,early_warning
621,19,83.4,13.4,97.0,1,early_warning
621,20,85.2,14.0,97.0,1,early_warning
621,21,85.2,14.6,97.0,1,early_warning
621,22,86.1,14.3,96.8,1,early_warning
621,23,87.6,14.7,96.4,1,early_warning
621,24,87.5,15.1,96.2,1,early_warning
622,1,75.7,17.9,97.2,1,early_warning
622,2,76.5,17.4,97.0,1,early_warning
622,3,76.4,17.7,96.6,1,early_warning
622,4,80.0,18.6,96.3,1,early_warning
622,5,84.6,20.5,95.0,1,early_warning
622,6,92.9,22.5,92.9,1,early_warning
622,7,95.9,23.8,92.1,1,early_warning
622,8,90.3,22.3,93.0,1,early_warning
622,9,83.9,20.0,95.0,1,early_warning
622,10,78.1,18.8,96.5,1,early_warning
622,11,75.6,18.0,97.1,1,early_warning
622,12,75.3,17.5,97.2,1,early_warning
622,13,75.1,17.6,97.1,1,early_warning
622,14,74.8,17.5,97.1,1,early_warning
622,15,75.7,17.5,97.1,1,early_warning
622,16,75.7,17.6,97.0,1,early_warning
622,17,75.0,18.0,97.0,1,early_warning
622,18,75.2,18.0,96.9,1,early_warning
622,19,75.9,18.3,96.8,1,early_warning
622,20,78.4,18.0,96.6,1,early_warning
622,21,78.0,18.7,96.4,1,early_warning
622,22,78.8,18.9,96.2,1,early_warning
622,23,81.1,18.9,96.0,1,early_warning
622,24,81.7,19.7,95.9,1,early_warning
623,1,82.0,17.6,97.0,1,gradual
623,2,83.0,17.9,96.9,1,gradual
623,3,82.2,18.0,96.8,1,gradual
623,4,84.3,18.2,96.5,1,gradual
623,5,83.8,18.6,96.2,1,gradual
623,6,83.4,18.9,95.9,1,gradual
623,7,84.3,18.9,95.7,1,gradual
623,8,85.1,19.1,95.6,1,gradual
623,9,86.9,19.2,95.2,1,gradual
623,10,86.1,19.4,94.9,1,gradual
623,11,86.2,19.7,94.8,1,gradual
623,12,87.6,20.4,94.6,1,gradual
623,13,88.1,20.2,94.3,1,gradual
623,14,89.5,20.9,94.1,1,gradual
623,15,90.2,21.2,94.0,1,gradual
623,16,89.2,21.4,93.9,1,gradual
623,17,89.4,21.6,93.6,1,gradual
623,18,91.0,22.0,93.4,1,gradual
623,19,92.2,21.9,93.2,1,gradual
623,20,95.1,22.5,92.9,1,gradual
623,21,96.8,22.9,92.7,1,gradual
623,22,97.5,22.9,92.6,1,gradual
623,23,97.5,23.1,92.5,1,gradual
623,24,97.4,23.4,92.1,1,gradual
624,1,77.9,15.4,97.6,1,early_warning
624,2,77.9,15.8,97.6,1,early_warning
624,3,78.6,15.6,97.6,1,early_warning
624,4,80.2,16.2,97.3,1,early_warning
624,5,82.0,16.3,96.8,1,early_warning
624,6,88.1,17.9,95.3,1,early_warning
624,7,95.5,20.6,93.3,1,early_warning
624,8,98.7,21.8,92.1,1,early_warning
624,9,95.0,20.4,93.1,1,early_warning
624,10,86.9,18.1,95.1,1,early_warning
624,11,81.2,16.7,96.5,1,early_warning
624,12,79.6,16.0,97.0,1,early_warning
624,13,78.1,15.7,97.2,1,early_warning
624,14,78.1,16.0,97.3,1,early_warning
624,15,79.2,15.9,97.3,1,early_warning
624,16,78.6,16.1,97.3,1,early_warning
624,17,80.3,16.0,97.3,1,early_warning
624,18,80.1,16.6,97.1,1,early_warning
624,19,81.9,16.6,96.9,1,early_warning
624,20,82.8,16.9,96.8,1,early_warning
624,21,83.1,17.1,96.7,1,early_warning
624,22,82.7,17.1,96.7,1,early_warning
624,23,82.5,17.9,96.5,1,early_warning
624,24,83.3,18.4,96.2,1,early_warning
625,1,75.9,17.7,97.2,1,early_warning
625,2,83.8,19.1,95.7,1,early_warning
625,3,90.3,21.6,93.8,1,early_warning
625,4,93.0,23.0,92.6,1,early_warning
625,5,89.4,21.6,93.7,1,early_warning
625,6,82.1,19.2,95.8,1,early_warning
625,7,76.6,17.8,97.3,1,early_warning
625,8,74.1,17.1,97.9,1,early_warning
625,9,73.0,16.7,98.1,1,early_warning
625,10,73.4,16.8,97.9,1,early_warning
625,11,74.0,17.1,97.8,1,early_warning
625,12,73.1,17.3,97.8,1,early_warning
625,13,72.9,17.3,97.6,1,early_warning
625,14,72.5,17.2,97.7,1,early_warning
625,15,73.8,17.3,97.8,1,early_warning
625,16,73.7,16.9,97.8,1,early_warning
625,17,74.9,17.5,97.7,1,early_warning
625,18,74.7,17.5,97.5,1,early_warning
625,19,76.3,18.2,97.2,1,early_warning
625,20,77.1,17.8,97.0,1,early_warning
625,21,77.7,17.9,96.7,1,early_warning
625,22,78.2,18.1,96.9,1,early_warning
625,23,78.6,18.4,96.7,1,early_warning
625,24,77.9,19.0,96.6,1,early_warning
626,1,80.2,16.9,97.2,1,early_warning
626,2,81.4,16.7,97.0,1,early_warning
626,3,81.8,16.8,97.1,1,early_warning
626,4,83.6,16.9,96.5,1,early_warning
626,5,89.0,18.6,95.1,1,early_warning
626,6,96.3,20.8,92.9,1,early_warning
626,7,100.0,22.4,92.1,1,early_warning
626,8,96.0,21.5,93.0,1,early_warning
626,9,87.3,18.8,95.0,1,early_warning
626,10,81.5,17.0,96.4,1,early_warning
626,11,79.3,15.8,97.0,1,early_warning
626,12,80.2,15.6,97.0,1,early_warning
626,13,79.6,15.6,97.2,1,early_warning
626,14,79.3,15.8,97.3,1,early_warning
626,15,78.9,15.9,97.3,1,early_warning
626,16,80.6,16.1,97.2,1,early_warning
626,17,81.3,16.4,97.0,1,early_warning
626,18,82.6,16.5,97.0,1,early_warning
626,19,83.3,16.2,96.7,1,early_warning
626,20,82.9,17.0,96.7,1,early_warning
626,21,84.4,17.4,96.5,1,early_warning
626,22,84.7,17.4,96.4,1,early_warning
626,23,84.3,17.5,96.3,1,early_warning
626,24,84.8,17.4,96.1,1,early_warning
627,1,72.3,16.2,97.6,1,gradual
627,2,72.5,16.2,97.3,1,gradual
627,3,72.8,16.8,97.1,1,gradual
627,4,74.8,16.7,97.1,1,gradual
627,5,74.7,16.3,96.8,1,gradual
627,6,75.8,16.7,96.6,1,gradual
627,7,76.0,16.8,96.4,1,gradual
627,8,76.0,16.9,96.1,1,gradual
627,9,76.1,17.2,95.9,1,gradual
627,10,78.3,17.3,95.8,1,gradual
627,11,79.8,17.6,95.5,1,gradual
627,12,80.2,17.9,95.4,1,gradual
627,13,80.7,17.6,95.1,1,gradual
627,14,81.4,18.1,94.8,1,gradual
627,15,83.4,18.6,94.4,1,gradual
627,16,83.9,18.9,94.3,1,gradual
627,17,83.4,19.3,94.0,1,gradual
627,18,83.5,20.1,93.7,1,gradual
627,19,85.3,19.8,93.8,1,gradual
627,20,85.3,19.7,93.3,1,gradual
627,21,85.1,19.6,93.3,1,gradual
627,22,86.7,20.1,93.0,1,gradual
627,23,86.6,20.2,92.9,1,gradual
627,24,87.8,20.9,92.5,1,gradual
628,1,74.2,17.5,99.0,1,early_warning
628,2,77.6,18.2,98.1,1,early_warning
628,3,83.4,19.5,96.7,1,early_warning
628,4,92.2,21.7,94.8,1,early_warning
628,5,97.2,22.9,93.9,1,early_warning
628,6,94.8,21.8,94.7,1,early_warning
628,7,86.5,19.9,96.7,1,early_warning
628,8,80.4,18.2,98.1,1,early_warning
628,9,78.0,17.2,98.5,1,early_warning
628,10,77.9,17.0,98.7,1,early_warning
628,11,77.6,17.3,98.8,1,early_warning
628,12,77.4,16.8,98.6,1,early_warning
628,13,77.2,16.9,98.4,1,early_warning
628,14,77.2,17.3,98.6,1,early_warning
628,15,77.4,17.2,98.6,1,early_warning
628,16,76.1,17.0,98.5,1,early_warning
628,17,76.3,16.9,98.4,1,early_warning
628,18,77.6,17.5,98.3,1,early_warning
628,19,78.1,17.8,98.2,1,early_warning
628,20,78.4,18.0,98.0,1,early_warning
628,21,80.1,18.2,97.8,1,early_warning
628,22,80.2,18.7,97.6,1,early_warning
628,23,79.1,19.0,97.5,1,early_warning
628,24,79.8,18.8,97.3,1,early_warning
629,1,74.4,14.8,96.7,1,gradual
629,2,75.3,15.0,96.6,1,gradual
629,3,76.4,15.6,96.3,1,gradual
629,4,76.7,15.7,96.2,1,gradual
629,5,75.9,15.9,96.1,1,gradual
629,6,76.8,16.5,95.6,1,gradual
629,7,78.8,17.1,95.4,1,gradual
629,8,79.4,17.5,95.2,1,gradual
629,9,80.5,17.8,95.1,1,gradual
629,10,80.0,18.1,95.0,1,gradual
629,11,80.9,17.8,94.9,1,gradual
629,12,81.8,18.5,94.8,1,gradual
629,13,81.0,18.6,94.6,1,gradual
629,14,82.6,18.8,94.4,1,gradual
629,15,82.5,19.2,93.9,1,gradual
629,16,83.9,19.5,93.8,1,gradual
629,17,84.0,19.8,93.5,1,gradual
629,18,84.9,19.8,93.2,1,gradual
629,19,85.9,19.9,93.1,1,gradual
629,20,86.4,20.2,92.9,1,gradual
629,21,88.0,21.3,92.6,1,gradual
629,22,87.8,21.1,92.4,1,gradual
629,23,89.3,20.9,92.4,1,gradual
629,24,90.2,21.5,92.3,1,gradual
630,1,82.2,16.2,96.3,1,early_warning
630,2,81.1,16.7,96.2,1,early_warning
630,3,83.1,17.0,95.7,1,early_warning
630,4,89.3,18.7,94.6,1,early_warning
630,5,97.2,21.3,92.5,1,early_warning
630,6,101.4,22.6,91.6,1,early_warning
630,7,97.5,21.9,92.5,1,early_warning
630,8,89.5,19.8,94.7,1,early_warning
630,9,84.2,18.1,96.1,1,early_warning
630,10,82.4,17.3,96.5,1,early_warning
630,11,80.7,17.3,96.5,1,early_warning
630,12,80.1,17.4,96.6,1,early_warning
630,13,79.3,17.4,96.5,1,early_warning
630,14,80.1,17.0,96.6,1,early_warning
630,15,81.3,16.8,96.5,1,early_warning
630,16,80.4,17.2,96.6,1,early_warning
630,17,81.2,17.3,96.5,1,early_warning
630,18,83.2,17.6,96.1,1,early_warning
630,19,83.4,17.6,96.0,1,early_warning
630,20,83.9,18.1,95.9,1,early_warning
630,21,83.4,18.1,95.8,1,early_warning
630,22,84.7,18.6,95.6,1,early_warning
630,23,85.5,18.8,95.5,1,early_warning
630,24,86.0,19.0,95.2,1,early_warning
631,1,74.9,17.7,97.2,1,early_warning
631,2,76.8,17.3,97.2,1,early_warning
631,3,79.4,17.4,97.0,1,early_warning
631,4,82.1,18.1,96.7,1,early_warning
631,5,88.1,19.7,95.2,1,early_warning
631,6,95.9,21.9,93.0,1,early_warning
631,7,100.3,22.7,92.1,1,early_warning
631,8,95.9,21.8,93.2,1,early_warning
631,9,88.3,19.3,95.2,1,early_warning
631,10,83.8,17.6,96.8,1,early_warning
631,11,80.9,16.9,97.1,1,early_warning
631,12,81.4,16.7,97.1,1,early_warning
631,13,80.4,16.8,97.3,1,early_warning
631,14,82.7,16.8,97.3,1,early_warning
631,15,80.9,17.1,97.2,1,early_warning
631,16,79.6,17.3,97.1,1,early_warning
631,17,80.4,17.1,97.1,1,early_warning
631,18,82.3,17.3,96.9,1,early_warning
631,19,82.0,17.0,97.0,1,early_warning
631,20,83.0,17.1,96.8,1,early_warning
631,21,83.8,17.8,96.5,1,early_warning
631,22,83.0,18.1,96.4,1,early_warning
631,23,84.5,18.4,96.3,1,early_warning
631,24,85.0,18.9,96.0,1,early_warning
632,1,79.7,16.0,98.0,1,gradual
632,2,79.2,15.8,97.7,1,gradual
632,3,78.7,15.9,97.6,1,gradual
632,4,80.7,15.8,97.4,1,gradual
632,5,80.5,16.4,97.1,1,gradual
632,6,80.6,16.5,96.8,1,gradual
632,7,81.8,16.7,96.7,1,gradual
632,8,82.2,17.4,96.5,1,gradual
632,9,82.5,17.4,96.5,1,gradual
632,10,82.8,17.3,96.3,1,gradual
632,11,83.7,17.6,96.0,1,gradual
632,12,84.7,18.6,95.8,1,gradual
632,13,85.2,18.4,95.5,1,gradual
632,14,84.7,18.1,95.2,1,gradual
632,15,86.0,18.6,94.9,1,gradual
632,16,85.9,18.5,94.6,1,gradual
632,17,85.8,18.8,94.5,1,gradual
632,18,86.9,19.0,94.5,1,gradual
632,19,88.6,19.4,94.2,1,gradual
632,20,90.8,19.4,93.7,1,gradual
632,21,90.6,20.1,93.4,1,gradual
632,22,91.8,20.6,93.2,1,gradual
632,23,93.2,20.7,93.1,1,gradual
632,24,93.6,21.3,92.8,1,gradual
633,1,71.7,17.4,97.9,1,early_warning
633,2,75.6,18.1,97.3,1,early_warning
633,3,83.1,19.4,95.6,1,early_warning
633,4,90.1,22.0,93.6,1,early_warning
633,5,95.2,23.6,92.8,1,early_warning
633,6,91.7,22.3,93.7,1,early_warning
633,7,84.2,19.8,95.6,1,early_warning
633,8,77.8,18.4,96.9,1,early_warning
633,9,77.0,17.4,97.4,1,early_warning
633,10,76.7,17.4,97.6,1,early_warning
633,11,76.7,17.3,97.5,1,early_warning
633,12,74.9,17.4,97.7,1,early_warning
633,13,75.7,17.3,97.7,1,early_warning
633,14,75.8,17.4,97.6,1,early_warning
633,15,75.5,17.5,97.7,1,early_warning
633,16,77.0,17.7,97.7,1,early_warning
633,17,78.9,17.6,97.5,1,early_warning
633,18,80.1,18.1,97.2,1,early_warning
633,19,81.0,18.0,97.0,1,early_warning
633,20,81.3,18.5,96.8,1,early_warning
633,21,80.6,18.6,96.8,1,early_warning
633,22,80.8,18.9,96.7,1,early_warning
633,23,82.3,19.3,96.3,1,early_warning
633,24,82.7,19.6,96.3,1,early_warning
634,1,78.5,13.7,97.4,1,gradual
634,2,78.1,13.9,97.0,1,gradual
634,3,78.1,14.3,96.8,1,gradual
634,4,80.2,14.4,96.4,1,gradual
634,5,80.8,14.3,96.2,1,gradual
634,6,79.8,14.6,96.0,1,gradual
634,7,80.1,15.0,95.8,1,gradual
634,8,81.0,15.3,95.6,1,gradual
634,9,82.1,15.7,95.3,1,gradual
634,10,82.6,16.2,95.1,1,gradual
634,11,83.5,16.3,94.9,1,gradual
634,12,84.2,16.2,94.7,1,gradual
634,13,84.9,16.9,94.6,1,gradual
634,14,84.3,17.0,94.2,1,gradual
634,15,86.0,17.1,93.9,1,gradual
634,16,87.1,17.9,93.6,1,gradual
634,17,89.4,18.3,93.4,1,gradual
634,18,89.8,18.3,93.5,1,gradual
634,19,90.5,18.2,93.5,1,gradual
634,20,91.4,18.5,93.3,1,gradual
634,21,92.0,19.2,93.0,1,gradual
634,22,92.8,19.3,92.8,1,gradual
634,23,92.1,19.7,92.4,1,gradual
634,24,92.8,19.3,92.2,1,gradual
635,1,71.0,16.4,96.8,1,early_warning
635,2,73.4,16.9,96.2,1,early_warning
635,3,80.7,18.5,95.0,1,early_warning
635,4,87.8,20.9,93.1,1,early_warning
635,5,93.1,21.7,92.0,1,early_warning
635,6,89.0,20.2,92.8,1,early_warning
635,7,81.4,18.0,94.6,1,early_warning
635,8,74.8,16.6,96.0,1,early_warning
635,9,73.2,16.2,96.6,1,early_warning
635,10,72.3,16.3,96.7,1,early_warning
635,11,72.2,16.1,96.7,1,early_warning
635,12,72.2,15.9,96.7,1,early_warning
635,13,72.7,16.5,97.0,1,early_warning
635,14,71.7,16.5,96.9,1,early_warning
635,15,72.2,16.4,97.0,1,early_warning
635,16,73.0,16.5,97.0,1,early_warning
635,17,75.4,16.5,97.0,1,early_warning
635,18,76.0,16.8,96.7,1,early_warning
635,19,75.8,17.2,96.6,1,early_warning
635,20,76.3,17.4,96.5,1,early_warning
635,21,76.8,18.0,96.0,1,early_warning
635,22,76.7,18.3,96.0,1,early_warning
635,23,76.3,18.3,95.9,1,early_warning
635,24,77.9,18.8,96.0,1,early_warning
636,1,75.6,14.9,97.8,1,gradual
636,2,75.8,15.6,97.7,1,gradual
636,3,77.3,16.5,97.4,1,gradual
636,4,78.2,17.0,96.9,1,gradual
636,5,79.8,17.5,96.7,1,gradual
636,6,81.0,17.5,96.6,1,gradual
636,7,82.7,17.7,96.6,1,gradual
636,8,84.1,18.2,96.4,1,gradual
636,9,85.2,18.5,96.1,1,gradual
636,10,85.6,19.4,95.8,1,gradual
636,11,86.0,19.8,95.7,1,gradual
636,12,86.3,19.6,95.4,1,gradual
636,13,84.5,20.1,95.2,1,gradual
636,14,84.7,20.1,95.0,1,gradual
636,15,84.8,20.3,94.9,1,gradual
636,16,85.7,20.6,94.7,1,gradual
636,17,85.8,20.8,94.4,1,gradual
636,18,87.0,21.0,94.1,1,gradual
636,19,88.2,21.0,93.8,1,gradual
636,20,89.5,21.2,93.4,1,gradual
636,21,90.0,21.8,93.5,1,gradual
636,22,90.2,22.2,93.3,1,gradual
636,23,91.5,22.1,93.0,1,gradual
636,24,92.3,22.6,92.8,1,gradual
637,1,75.9,16.2,96.6,1,early_warning
637,2,82.0,17.3,95.0,1,early_warning
637,3,90.0,19.8,92.9,1,early_warning
637,4,92.5,21.5,91.9,1,early_warning
637,5,88.9,20.1,93.1,1,early_warning
637,6,81.7,17.4,95.0,1,early_warning
637,7,76.1,15.9,96.4,1,early_warning
637,8,75.4,15.3,96.7,1,early_warning
637,9,74.0,15.4,97.1,1,early_warning
637,10,73.7,15.1,97.4,1,early_warning
637,11,73.7,15.1,97.2,1,early_warning
637,12,73.9,14.7,97.3,1,early_warning
637,13,73.6,15.1,97.2,1,early_warning
637,14,74.2,15.2,97.2,1,early_warning
637,15,74.8,15.0,97.2,1,early_warning
637,16,75.6,14.9,97.0,1,early_warning
637,17,75.8,15.0,96.8,1,early_warning
637,18,76.1,15.4,96.6,1,early_warning
637,19,76.3,15.4,96.5,1,early_warning
637,20,77.2,16.0,96.5,1,early_warning
637,21,79.0,16.6,96.4,1,early_warning
637,22,79.6,16.7,96.3,1,early_warning
637,23,81.1,17.0,96.2,1,early_warning
637,24,80.8,17.0,96.2,1,early_warning
638,1,79.7,14.6,98.3,1,early_warning
638,2,77.8,14.9,98.4,1,early_warning
638,3,79.5,14.9,98.4,1,early_warning
638,4,79.1,15.1,98.2,1,early_warning
638,5,82.5,16.7,97.8,1,early_warning
638,6,89.0,18.2,96.3,1,early_warning
638,7,95.8,20.8,94.6,1,early_warning
638,8,100.1,21.4,93.3,1,early_warning
638,9,96.7,20.2,94.3,1,early_warning
638,10,88.3,18.1,96.4,1,early_warning
638,11,84.5,16.1,98.0,1,early_warning
638,12,82.7,15.5,98.5,1,early_warning
638,13,81.9,15.4,98.6,1,early_warning
638,14,81.1,15.6,98.6,1,early_warning
638,15,80.5,15.8,98.4,1,early_warning
638,16,81.0,16.0,98.6,1,early_warning
638,17,80.6,16.1,98.4,1,early_warning
638,18,81.8,16.2,98.2,1,early_warning
638,19,82.2,16.7,98.0,1,early_warning
638,20,81.6,17.0,98.0,1,early_warning
638,21,83.5,16.7,97.7,1,early_warning
638,22,84.8,16.8,97.5,1,early_warning
638,23,84.2,17.5,97.6,1,early_warning
638,24,85.4,17.8,97.3,1,early_warning
639,1,76.4,17.4,98.6,1,early_warning
639,2,77.3,17.6,98.2,1,early_warning
639,3,77.8,18.1,97.7,1,early_warning
639,4,84.1,19.9,96.1,1,early_warning
639,5,92.2,22.4,94.1,1,early_warning
639,6,94.6,23.7,92.9,1,early_warning
639,7,90.9,22.3,94.0,1,early_warning
639,8,83.8,20.2,95.9,1,early_warning
639,9,77.6,18.7,97.5,1,early_warning
639,10,74.9,17.9,98.2,1,early_warning
639,11,75.4,17.6,98.1,1,early_warning
639,12,76.0,17.6,98.1,1,early_warning
639,13,75.8,17.7,98.2,1,early_warning
639,14,75.0,17.6,98.3,1,early_warning
639,15,75.0,17.4,98.2,1,early_warning
639,16,74.8,17.2,98.1,1,early_warning
639,17,74.6,17.6,98.0,1,early_warning
639,18,74.3,17.6,97.9,1,early_warning
639,19,73.6,17.6,97.7,1,early_warning
639,20,73.9,18.4,97.6,1,early_warning
639,21,75.5,18.9,97.4,1,early_warning
639,22,75.0,19.4,97.0,1,early_warning
639,23,75.2,19.5,97.1,1,early_warning
639,24,76.2,19.5,97.0,1,early_warning
640,1,75.4,16.4,97.2,1,gradual
640,2,76.3,17.0,97.4,1,gradual
640,3,76.6,17.9,97.2,1,gradual
640,4,78.4,18.0,97.1,1,gradual
640,5,79.0,18.6,97.0,1,gradual
640,6,77.9,18.6,96.5,1,gradual
640,7,78.6,18.6,96.3,1,gradual
640,8,80.4,18.6,96.2,1,gradual
640,9,81.6,18.6,95.9,1,gradual
640,10,83.2,19.2,95.7,1,gradual
640,11,84.0,19.5,95.6,1,gradual
640,12,84.8,19.6,95.4,1,gradual
640,13,84.7,19.7,95.3,1,gradual
640,14,86.0,20.4,95.2,1,gradual
640,15,85.6,21.0,94.9,1,gradual
640,16,86.2,21.3,94.4,1,gradual
640,17,86.3,21.3,94.2,1,gradual
640,18,88.0,21.4,94.2,1,gradual
640,19,88.2,21.7,94.0,1,gradual
640,20,89.9,22.3,93.8,1,gradual
640,21,90.6,22.5,93.8,1,gradual
640,22,91.6,23.0,93.6,1,gradual
640,23,91.9,23.2,93.2,1,gradual
640,24,91.4,22.8,92.8,1,gradual
641,1,72.0,13.0,97.3,1,early_warning
641,2,74.6,12.7,97.6,1,early_warning
641,3,76.0,13.1,97.5,1,early_warning
641,4,76.7,13.2,97.4,1,early_warning
641,5,79.1,14.1,97.1,1,early_warning
641,6,83.5,15.1,95.6,1,early_warning
641,7,92.6,17.5,93.9,1,early_warning
641,8,96.7,18.4,92.8,1,early_warning
641,9,93.1,17.3,93.8,1,early_warning
641,10,84.2,15.1,95.7,1,early_warning
641,11,78.3,13.9,97.0,1,early_warning
641,12,76.1,13.0,97.7,1,early_warning
641,13,75.9,12.7,97.8,1,early_warning
641,14,75.2,12.7,97.6,1,early_warning
641,15,75.9,13.2,97.7,1,early_warning
641,16,76.6,13.3,97.6,1,early_warning
641,17,77.2,13.5,97.7,1,early_warning
641,18,78.0,13.9,97.6,1,early_warning
641,19,78.4,13.3,97.4,1,early_warning
641,20,79.7,13.6,97.1,1,early_warning
641,21,81.1,13.6,96.9,1,early_warning
641,22,82.1,14.4,97.0,1,early_warning
641,23,81.0,14.6,96.6,1,early_warning
641,24,81.3,15.1,96.3,1,early_warning
642,1,77.9,16.4,96.8,1,gradual
642,2,78.2,16.9,96.9,1,gradual
642,3,79.3,17.5,96.6,1,gradual
642,4,78.6,17.8,96.3,1,gradual
642,5,80.5,18.0,96.1,1,gradual
642,6,81.1,18.4,96.0,1,gradual
642,7,82.4,18.8,95.7,1,gradual
642,8,83.3,18.7,95.4,1,gradual
642,9,84.0,18.9,95.4,1,gradual
642,10,83.5,19.3,95.1,1,gradual
642,11,84.0,19.5,94.9,1,gradual
642,12,84.3,19.7,94.5,1,gradual
642,13,86.1,20.4,94.4,1,gradual
642,14,85.5,20.2,94.0,1,gradual
642,15,85.3,20.5,93.9,1,gradual
642,16,86.0,21.0,93.7,1,gradual
642,17,88.0,21.0,93.5,1,gradual
642,18,89.5,21.6,93.4,1,gradual
642,19,92.0,21.4,93.1,1,gradual
642,20,92.5,21.3,92.7,1,gradual
642,21,92.4,21.5,92.6,1,gradual
642,22,93.5,22.0,92.4,1,gradual
642,23,93.6,22.6,92.0,1,gradual
642,24,94.5,22.6,91.9,1,gradual
643,1,75.3,13.7,97.4,1,early_warning
643,2,76.6,14.2,97.2,1,early_warning
643,3,79.8,15.4,96.8,1,early_warning
643,4,85.6,16.8,95.5,1,early_warning
643,5,91.8,19.3,93.4,1,early_warning
643,6,95.7,20.6,92.5,1,early_warning
643,7,91.0,19.1,93.4,1,early_warning
643,8,84.6,17.6,95.4,1,early_warning
643,9,80.2,15.9,96.7,1,early_warning
643,10,79.1,15.6,97.3,1,early_warning
643,11,78.3,15.0,97.3,1,early_warning
643,12,78.9,15.0,97.3,1,early_warning
643,13,79.0,15.4,97.1,1,early_warning
643,14,77.8,15.3,96.9,1,early_warning
643,15,77.8,15.0,96.9,1,early_warning
643,16,78.1,15.2,97.2,1,early_warning
643,17,77.5,15.6,97.1,1,early_warning
643,18,78.8,15.4,96.8,1,early_warning
643,19,79.5,15.9,96.6,1,early_warning
643,20,80.3,16.4,96.3,1,early_warning
643,21,80.5,16.2,96.4,1,early_warning
643,22,81.3,16.2,96.5,1,early_warning
643,23,81.1,16.9,96.3,1,early_warning
643,24,81.4,17.3,96.3,1,early_warning
644,1,81.0,17.9,96.8,1,early_warning
644,2,82.2,17.8,96.5,1,early_warning
644,3,88.2,19.5,95.2,1,early_warning
644,4,95.4,22.0,93.4,1,early_warning
644,5,100.0,22.5,92.4,1,early_warning
644,6,96.0,21.1,93.3,1,early_warning
644,7,88.1,18.8,95.4,1,early_warning
644,8,81.7,17.6,96.9,1,early_warning
644,9,78.6,16.6,97.5,1,early_warning
644,10,78.4,16.4,97.5,1,early_warning
644,11,76.2,16.5,97.5,1,early_warning
644,12,77.5,16.4,97.5,1,early_warning
644,13,76.8,16.5,97.4,1,early_warning
644,14,76.9,16.5,97.6,1,early_warning
644,15,76.4,16.3,97.5,1,early_warning
644,16,78.1,16.1,97.4,1,early_warning
644,17,79.8,17.4,97.2,1,early_warning
644,18,81.4,17.4,96.9,1,early_warning
644,19,82.4,17.4,97.0,1,early_warning
644,20,82.9,17.8,97.0,1,early_warning
644,21,83.3,17.7,96.8,1,early_warning
644,22,83.1,18.1,96.6,1,early_warning
644,23,82.7,18.2,96.5,1,early_warning
644,24,83.4,18.1,96.3,1,early_warning
645,1,81.5,17.5,97.0,1,gradual
645,2,81.8,17.2,97.0,1,gradual
645,3,83.5,17.6,96.9,1,gradual
645,4,83.8,17.7,96.8,1,gradual
645,5,83.9,18.5,96.5,1,gradual
645,6,84.2,18.7,96.2,1,gradual
645,7,85.5,18.0,96.1,1,gradual
645,8,86.0,18.5,95.9,1,gradual
645,9,86.0,18.7,95.5,1,gradual
645,10,85.3,18.7,95.3,1,gradual
645,11,87.9,19.3,95.1,1,gradual
645,12,89.2,19.5,94.8,1,gradual
645,13,90.1,19.6,95.0,1,gradual
645,14,91.7,20.3,94.7,1,gradual
645,15,91.4,20.7,94.6,1,gradual
645,16,91.5,20.7,94.1,1,gradual
645,17,91.4,21.3,93.8,1,gradual
645,18,92.3,21.4,93.6,1,gradual
645,19,94.4,21.5,93.4,1,gradual
645,20,93.7,21.9,93.2,1,gradual
645,21,94.6,22.2,92.7,1,gradual
645,22,94.7,22.5,92.5,1,gradual
645,23,95.7,22.6,92.4,1,gradual
645,24,95.8,23.2,92.2,1,gradual
646,1,81.1,15.1,96.3,1,early_warning
646,2,81.0,15.4,96.2,1,early_warning
646,3,80.4,15.4,96.1,1,early_warning
646,4,81.9,16.1,95.5,1,early_warning
646,5,87.2,18.0,94.3,1,early_warning
646,6,95.8,20.6,92.4,1,early_warning
646,7,97.7,21.7,91.4,1,early_warning
646,8,94.5,21.0,92.4,1,early_warning
646,9,85.9,18.4,94.4,1,early_warning
646,10,81.1,16.3,95.7,1,early_warning
646,11,78.9,15.2,96.4,1,early_warning
646,12,78.5,15.4,96.5,1,early_warning
646,13,78.1,15.5,96.5,1,early_warning
646,14,78.7,15.9,96.5,1,early_warning
646,15,78.4,15.6,96.3,1,early_warning
646,16,78.6,15.7,96.4,1,early_warning
646,17,78.0,15.7,96.2,1,early_warning
646,18,79.6,15.9,96.0,1,early_warning
646,19,81.7,16.3,95.8,1,early_warning
646,20,80.8,16.7,95.8,1,early_warning
646,21,82.8,16.8,95.3,1,early_warning
646,22,83.9,16.7,95.4,1,early_warning
646,23,85.2,16.9,95.3,1,early_warning
646,24,84.5,17.4,95.3,1,early_warning
647,1,72.1,15.7,97.8,1,gradual
647,2,71.5,16.0,97.5,1,gradual
647,3,72.2,16.5,97.6,1,gradual
647,4,71.3,17.2,97.2,1,gradual
647,5,72.4,16.9,97.1,1,gradual
647,6,72.9,17.1,96.9,1,gradual
647,7,74.9,17.7,96.8,1,gradual
647,8,75.2,18.0,96.4,1,gradual
647,9,75.7,18.0,96.4,1,gradual
647,10,75.7,18.7,96.1,1,gradual
647,11,76.7,18.8,95.9,1,gradual
647,12,79.1,18.9,95.5,1,gradual
647,13,79.4,19.5,95.3,1,gradual
647,14,80.0,19.6,94.9,1,gradual
647,15,81.8,20.0,94.9,1,gradual
647,16,83.6,20.1,94.6,1,gradual
647,17,84.5,20.4,94.4,1,gradual
647,18,84.6,20.7,94.2,1,gradual
647,19,83.7,21.4,93.8,1,gradual
647,20,85.5,21.5,93.5,1,gradual
647,21,85.9,21.7,93.4,1,gradual
647,22,87.1,21.8,93.3,1,gradual
647,23,88.2,21.6,93.2,1,gradual
647,24,87.7,22.3,93.0,1,gradual
648,1,83.6,16.7,97.0,1,early_warning
648,2,83.2,16.9,97.0,1,early_warning
648,3,83.0,17.3,97.1,1,early_warning
648,4,82.6,17.3,96.6,1,early_warning
648,5,82.8,17.8,96.1,1,early_warning
648,6,89.5,19.3,94.8,1,early_warning
648,7,98.3,21.6,92.8,1,early_warning
648,8,100.6,22.9,91.9,1,early_warning
648,9,96.6,22.2,93.0,1,early_warning
648,10,86.9,20.3,95.0,1,early_warning
648,11,80.9,18.7,96.2,1,early_warning
648,12,78.4,17.2,96.8,1,early_warning
648,13,79.1,17.2,97.0,1,early_warning
648,14,79.2,17.1,97.1,1,early_warning
648,15,80.4,16.9,97.0,1,early_warning
648,16,79.9,16.7,96.9,1,early_warning
648,17,79.9,17.0,96.9,1,early_warning
648,18,80.1,17.2,96.9,1,early_warning
648,19,81.8,17.4,96.6,1,early_warning
648,20,82.2,17.8,96.5,1,early_warning
648,21,82.6,18.7,96.5,1,early_warning
648,22,82.6,19.0,96.3,1,early_warning
648,23,83.2,18.8,96.3,1,early_warning
648,24,85.2,19.2,95.9,1,early_warning
649,1,86.6,14.5,96.4,1,gradual
649,2,86.0,14.3,96.0,1,gradual
649,3,87.0,14.4,95.7,1,gradual
649,4,87.3,15.0,95.6,1,gradual
649,5,87.3,15.3,95.3,1,gradual
649,6,87.3,15.1,95.2,1,gradual
649,7,85.9,15.1,95.2,1,gradual
649,8,87.1,16.0,94.7,1,gradual
649,9,86.8,16.0,94.3,1,gradual
649,10,88.1,15.9,94.2,1,gradual
649,11,87.0,16.7,94.1,1,gradual
649,12,88.9,16.9,93.8,1,gradual
649,13,88.8,17.3,93.8,1,gradual
649,14,90.4,17.8,93.4,1,gradual
649,15,91.5,18.3,93.2,1,gradual
649,16,91.7,18.5,93.0,1,gradual
649,17,91.8,18.1,92.7,1,gradual
649,18,93.0,18.8,92.7,1,gradual
649,19,93.9,19.2,92.7,1,gradual
649,20,94.2,19.4,92.4,1,gradual
649,21,94.8,19.3,92.2,1,gradual
649,22,96.7,19.3,91.8,1,gradual
649,23,97.7,19.9,91.5,1,gradual
649,24,98.6,20.3,91.3,1,gradual
650,1,69.7,18.5,98.3,1,gradual
650,2,70.7,18.4,98.3,1,gradual
650,3,71.4,18.5,98.0,1,gradual
650,4,73.2,18.6,97.8,1,gradual
650,5,75.1,18.3,97.2,1,gradual
650,6,76.1,18.7,97.1,1,gradual
650,7,77.4,18.9,96.9,1,gradual
650,8,78.6,19.1,96.7,1,gradual
650,9,78.9,19.8,96.5,1,gradual
650,10,80.2,20.4,96.0,1,gradual
650,11,80.1,20.5,96.0,1,gradual
650,12,80.8,20.5,95.7,1,gradual
650,13,80.8,20.8,95.8,1,gradual
650,14,80.7,21.0,95.8,1,gradual
650,15,80.3,21.2,95.7,1,gradual
650,16,81.2,21.9,95.4,1,gradual
650,17,83.0,22.4,94.8,1,gradual
650,18,84.4,22.2,94.8,1,gradual
650,19,85.8,22.6,94.4,1,gradual
650,20,84.6,23.2,94.1,1,gradual
650,21,84.4,23.5,94.0,1,gradual
650,22,85.9,23.6,93.8,1,gradual
650,23,86.7,23.3,93.5,1,gradual
650,24,88.0,23.5,93.1,1,gradual
651,1,71.7,18.7,97.3,1,early_warning
651,2,73.9,19.1,97.4,1,early_warning
651,3,75.8,19.7,97.0,1,early_warning
651,4,81.5,21.4,95.6,1,early_warning
651,5,88.6,23.5,93.8,1,early_warning
651,6,92.7,25.4,92.8,1,early_warning
651,7,88.6,24.0,93.6,1,early_warning
651,8,82.1,21.8,95.5,1,early_warning
651,9,78.3,20.0,97.0,1,early_warning
651,10,75.6,19.6,97.5,1,early_warning
651,11,74.8,19.6,97.6,1,early_warning
651,12,74.8,19.6,97.5,1,early_warning
651,13,75.2,19.4,97.5,1,early_warning
651,14,74.8,19.6,97.6,1,early_warning
651,15,74.8,19.6,97.4,1,early_warning
651,16,75.0,19.4,97.6,1,early_warning
651,17,75.3,19.4,97.5,1,early_warning
651,18,76.1,19.8,97.4,1,early_warning
651,19,77.7,19.7,97.3,1,early_warning
651,20,79.2,19.9,97.2,1,early_warning
651,21,79.7,20.2,97.0,1,early_warning
651,22,80.9,20.5,96.7,1,early_warning
651,23,81.5,20.8,96.7,1,early_warning
651,24,80.3,20.6,96.4,1,early_warning
652,1,72.7,16.3,98.2,1,gradual
652,2,73.9,16.7,97.7,1,gradual
652,3,75.4,16.8,97.5,1,gradual
652,4,77.6,16.8,97.2,1,gradual
652,5,78.1,16.9,97.2,1,gradual
652,6,79.0,17.2,97.1,1,gradual
652,7,80.2,17.5,96.8,1,gradual
652,8,80.9,18.1,96.4,1,gradual
652,9,81.1,18.5,96.2,1,gradual
652,10,81.6,18.7,96.0,1,gradual
652,11,83.1,18.8,95.6,1,gradual
652,12,84.0,19.1,95.6,1,gradual
652,13,85.8,19.2,95.4,1,gradual
652,14,85.8,19.0,95.1,1,gradual
652,15,85.1,19.0,94.8,1,gradual
652,16,84.8,19.5,94.4,1,gradual
652,17,87.0,20.1,94.6,1,gradual
652,18,87.8,20.7,94.1,1,gradual
652,19,88.9,21.2,93.7,1,gradual
652,20,90.6,21.2,93.4,1,gradual
652,21,91.9,21.5,93.0,1,gradual
652,22,92.1,21.7,93.0,1,gradual
652,23,92.3,21.9,92.9,1,gradual
652,24,93.2,21.9,92.6,1,gradual
653,1,79.4,17.1,97.5,1,early_warning
653,2,80.8,16.7,97.5,1,early_warning
653,3,81.0,17.1,97.0,1,early_warning
653,4,83.3,17.9,96.7,1,early_warning
653,5,90.3,19.1,95.4,1,early_warning
653,6,98.2,21.4,93.5,1,early_warning
653,7,101.9,22.8,92.6,1,early_warning
653,8,98.9,21.8,93.5,1,early_warning
653,9,90.2,19.6,95.2,1,early_warning
653,10,83.6,17.4,96.5,1,early_warning
653,11,80.7,16.7,97.1,1,early_warning
653,12,80.7,16.5,97.2,1,early_warning
653,13,81.7,16.7,97.0,1,early_warning
653,14,80.7,16.5,97.2,1,early_warning
653,15,81.7,16.5,97.3,1,early_warning
653,16,80.8,16.7,97.6,1,early_warning
653,17,81.6,17.5,97.4,1,early_warning
653,18,82.4,17.7,97.1,1,early_warning
653,19,83.6,17.9,96.9,1,early_warning
653,20,84.6,17.8,96.8,1,early_warning
653,21,85.6,17.9,96.6,1,early_warning
653,22,85.1,18.3,96.4,1,early_warning
653,23,86.3,18.6,96.4,1,early_warning
653,24,86.4,18.9,96.2,1,early_warning
654,1,80.7,19.4,97.4,1,early_warning
654,2,82.0,20.2,96.7,1,early_warning
654,3,86.7,21.9,95.5,1,early_warning
654,4,93.2,24.5,93.5,1,early_warning
654,5,97.3,25.7,92.7,1,early_warning
654,6,93.6,24.3,93.8,1,early_warning
654,7,84.3,22.1,96.0,1,early_warning
654,8,80.1,20.4,97.4,1,early_warning
654,9,77.6,19.8,97.9,1,early_warning
654,10,77.1,19.6,98.2,1,early_warning
654,11,76.7,19.6,98.2,1,early_warning
654,12,78.0,19.2,97.9,1,early_warning
654,13,78.7,18.9,98.0,1,early_warning
654,14,77.0,18.8,98.1,1,early_warning
654,15,77.2,18.6,98.0,1,early_warning
654,16,77.3,19.1,97.7,1,early_warning
654,17,79.4,19.7,97.4,1,early_warning
654,18,79.5,19.8,97.4,1,early_warning
654,19,79.4,20.2,97.5,1,early_warning
654,20,78.9,20.4,97.4,1,early_warning
654,21,80.3,20.6,97.3,1,early_warning
654,22,79.5,21.0,97.2,1,early_warning
654,23,81.1,21.4,96.9,1,early_warning
654,24,80.7,21.4,96.8,1,early_warning
655,1,73.3,13.5,97.6,1,early_warning
655,2,74.0,13.8,97.4,1,early_warning
655,3,74.1,14.2,97.5,1,early_warning
655,4,73.6,14.4,97.2,1,early_warning
655,5,76.2,14.7,96.8,1,early_warning
655,6,82.1,16.6,95.4,1,early_warning
655,7,90.0,19.1,93.6,1,early_warning
655,8,93.6,20.3,92.4,1,early_warning
655,9,89.6,19.1,93.5,1,early_warning
655,10,82.1,16.9,95.3,1,early_warning
655,11,77.1,15.5,96.6,1,early_warning
655,12,75.2,14.5,97.2,1,early_warning
655,13,73.7,13.7,97.3,1,early_warning
655,14,74.5,13.6,97.6,1,early_warning
655,15,74.7,13.7,97.5,1,early_warning
655,16,73.3,14.0,97.7,1,early_warning
655,17,72.7,14.9,97.6,1,early_warning
655,18,72.9,15.2,97.4,1,early_warning
655,19,75.1,15.2,97.2,1,early_warning
655,20,75.2,15.5,97.2,1,early_warning
655,21,76.9,16.0,97.0,1,early_warning
655,22,77.5,16.0,96.8,1,early_warning
655,23,76.7,16.4,96.8,1,early_warning
655,24,77.3,16.8,96.9,1,early_warning
656,1,79.8,14.7,97.6,1,early_warning
656,2,79.5,14.7,97.8,1,early_warning
656,3,79.5,15.0,97.7,1,early_warning
656,4,78.6,14.7,97.8,1,early_warning
656,5,80.8,15.6,97.4,1,early_warning
656,6,85.3,17.3,95.8,1,early_warning
656,7,93.7,20.0,93.8,1,early_warning
656,8,98.6,21.4,92.8,1,early_warning
656,9,93.2,20.1,93.9,1,early_warning
656,10,85.5,17.4,95.7,1,early_warning
656,11,79.7,15.7,97.2,1,early_warning
656,12,77.4,15.5,97.6,1,early_warning
656,13,76.7,14.9,97.8,1,early_warning
656,14,75.9,14.9,97.9,1,early_warning
656,15,77.6,14.9,97.7,1,early_warning
656,16,77.2,14.8,98.0,1,early_warning
656,17,76.7,15.2,97.8,1,early_warning
656,18,78.3,15.3,97.7,1,early_warning
656,19,78.9,15.7,97.6,1,early_warning
656,20,80.5,16.3,97.5,1,early_warning
656,21,81.4,16.0,97.4,1,early_warning
656,22,81.2,16.2,97.3,1,early_warning
656,23,83.0,16.4,97.1,1,early_warning
656,24,82.8,16.7,97.1,1,early_warning
657,1,94.7,18.9,97.9,1,gradual
657,2,95.8,19.4,97.5,1,gradual
657,3,95.1,20.0,97.2,1,gradual
657,4,96.8,20.4,96.9,1,gradual
657,5,97.1,20.5,96.6,1,gradual
657,6,95.3,20.9,96.3,1,gradual
657,7,95.0,20.6,95.9,1,gradual
657,8,95.9,20.5,95.8,1,gradual
657,9,98.1,21.4,95.5,1,gradual
657,10,100.0,21.9,95.2,1,gradual
657,11,99.9,21.8,95.0,1,gradual
657,12,100.6,21.7,94.9,1,gradual
657,13,101.1,22.0,94.9,1,gradual
657,14,100.7,22.3,94.7,1,gradual
657,15,101.4,22.5,94.5,1,gradual
657,16,101.7,22.9,94.3,1,gradual
657,17,103.1,23.0,94.1,1,gradual
657,18,103.1,23.5,93.9,1,gradual
657,19,103.6,23.8,93.7,1,gradual
657,20,104.0,24.2,93.5,1,gradual
657,21,104.7,24.6,93.6,1,gradual
657,22,106.3,25.0,93.4,1,gradual
657,23,106.9,25.6,92.9,1,gradual
657,24,109.3,25.9,92.6,1,gradual
658,1,80.3,15.3,97.6,1,early_warning
658,2,82.3,16.6,97.0,1,early_warning
658,3,88.2,17.7,95.2,1,early_warning
658,4,95.9,19.7,93.2,1,early_warning
658,5,98.9,21.0,91.9,1,early_warning
658,6,95.6,19.8,92.9,1,early_warning
658,7,86.0,17.4,94.7,1,early_warning
658,8,81.0,15.4,96.2,1,early_warning
658,9,79.1,14.7,96.8,1,early_warning
658,10,78.3,14.6,96.9,1,early_warning
658,11,78.9,14.7,96.9,1,early_warning
658,12,79.5,14.6,97.1,1,early_warning
658,13,79.3,15.4,97.2,1,early_warning
658,14,78.7,15.6,97.2,1,early_warning
658,15,78.5,15.1,97.3,1,early_warning
658,16,78.3,15.1,97.2,1,early_warning
658,17,80.4,15.4,97.1,1,early_warning
658,18,81.2,15.8,96.7,1,early_warning
658,19,80.7,15.9,96.6,1,early_warning
658,20,81.8,16.3,96.3,1,early_warning
658,21,82.7,16.6,96.3,1,early_warning
658,22,84.7,16.7,96.3,1,early_warning
658,23,84.9,17.2,96.1,1,early_warning
658,24,86.5,17.3,96.0,1,early_warning
659,1,77.0,15.9,97.6,1,early_warning
659,2,78.6,16.2,97.4,1,early_warning
659,3,80.5,16.4,96.8,1,early_warning
659,4,85.4,17.9,95.4,1,early_warning
659,5,93.3,20.5,93.4,1,early_warning
659,6,98.2,21.9,92.5,1,early_warning
659,7,94.9,20.9,93.5,1,early_warning
659,8,87.2,18.5,95.5,1,early_warning
659,9,80.2,16.7,96.7,1,early_warning
659,10,77.7,16.1,97.3,1,early_warning
659,11,76.2,16.1,97.2,1,early_warning
659,12,75.8,15.9,97.3,1,early_warning
659,13,76.0,15.8,97.3,1,early_warning
659,14,74.5,15.9,97.4,1,early_warning
659,15,75.4,15.9,97.4,1,early_warning
659,16,76.4,15.7,97.2,1,early_warning
659,17,76.2,15.8,97.3,1,early_warning
659,18,78.2,15.8,97.4,1,early_warning
659,19,79.7,15.6,97.0,1,early_warning
659,20,79.9,16.3,96.7,1,early_warning
659,21,80.7,16.7,96.6,1,early_warning
659,22,79.7,16.6,96.6,1,early_warning
659,23,80.5,16.8,96.5,1,early_warning
659,24,80.8,17.3,96.4,1,early_warning
660,1,76.7,15.3,96.1,1,gradual
660,2,77.4,16.4,96.0,1,gradual
660,3,77.7,17.3,95.6,1,gradual
660,4,78.7,18.0,95.4,1,gradual
660,5,79.1,18.1,95.3,1,gradual
660,6,78.4,18.0,95.2,1,gradual
660,7,79.8,18.7,95.2,1,gradual
660,8,80.9,19.1,94.7,1,gradual
660,9,82.1,19.2,94.6,1,gradual
660,10,82.0,19.2,94.3,1,gradual
660,11,81.4,19.4,94.0,1,gradual
660,12,81.2,19.5,93.9,1,gradual
660,13,82.5,19.9,93.5,1,gradual
660,14,84.0,20.4,93.3,1,gradual
660,15,84.7,20.8,93.1,1,gradual
660,16,86.8,21.0,93.0,1,gradual
660,17,87.5,21.3,92.8,1,gradual
660,18,87.2,21.1,93.0,1,gradual
660,19,88.3,21.6,92.4,1,gradual
660,20,89.7,22.2,92.3,1,gradual
660,21,90.2,22.2,92.1,1,gradual
660,22,90.4,22.3,91.8,1,gradual
660,23,90.4,22.6,91.5,1,gradual
660,24,91.3,23.2,91.2,1,gradual
661,1,74.5,16.3,98.7,1,early_warning
661,2,75.5,16.3,98.2,1,early_warning
661,3,76.7,16.6,97.6,1,early_warning
661,4,82.1,18.0,96.2,1,early_warning
661,5,90.8,20.5,94.1,1,early_warning
661,6,95.2,21.7,93.1,1,early_warning
661,7,91.4,20.7,94.2,1,early_warning
661,8,84.4,18.5,96.1,1,early_warning
661,9,77.7,16.6,97.5,1,early_warning
661,10,75.9,16.2,98.0,1,early_warning
661,11,74.1,16.3,98.0,1,early_warning
661,12,74.6,15.8,97.9,1,early_warning
661,13,74.3,15.8,98.0,1,early_warning
661,14,74.5,16.2,98.0,1,early_warning
661,15,77.1,16.2,98.0,1,early_warning
661,16,76.4,15.6,98.2,1,early_warning
661,17,76.2,16.3,97.9,1,early_warning
661,18,77.7,16.8,97.9,1,early_warning
661,19,78.5,16.9,97.8,1,early_warning
661,20,79.0,16.5,97.7,1,early_warning
661,21,80.0,16.6,97.3,1,early_warning
661,22,80.4,17.4,97.1,1,early_warning
661,23,81.2,17.6,97.2,1,early_warning
661,24,83.0,18.2,97.0,1,early_warning
662,1,87.7,18.0,98.2,1,early_warning
662,2,87.3,18.0,98.0,1,early_warning
662,3,89.1,18.5,97.6,1,early_warning
662,4,94.3,20.7,95.9,1,early_warning
662,5,101.9,22.7,94.1,1,early_warning
662,6,106.0,24.0,93.0,1,early_warning
662,7,102.5,22.8,93.9,1,early_warning
662,8,95.1,20.2,95.9,1,early_warning
662,9,88.3,18.6,97.3,1,early_warning
662,10,85.6,17.9,97.9,1,early_warning
662,11,86.3,17.7,98.0,1,early_warning
662,12,85.5,18.1,98.0,1,early_warning
662,13,85.5,18.2,98.0,1,early_warning
662,14,84.3,18.3,98.1,1,early_warning
662,15,84.4,18.1,98.1,1,early_warning
662,16,84.7,18.3,98.2,1,early_warning
662,17,86.4,18.3,97.9,1,early_warning
662,18,86.4,18.5,97.6,1,early_warning
662,19,86.5,18.9,97.4,1,early_warning
662,20,85.9,19.2,97.2,1,early_warning
662,21,86.5,19.5,97.3,1,early_warning
662,22,87.7,19.8,97.2,1,early_warning
662,23,88.5,19.7,97.0,1,early_warning
662,24,90.5,20.0,96.9,1,early_warning
663,1,89.7,16.2,98.1,1,early_warning
663,2,89.7,16.1,98.0,1,early_warning
663,3,91.0,17.0,97.6,1,early_warning
663,4,96.7,18.3,96.0,1,early_warning
663,5,105.2,20.5,93.9,1,early_warning
663,6,108.2,21.8,93.1,1,early_warning
663,7,104.3,21.1,93.9,1,early_warning
663,8,96.4,18.7,96.1,1,early_warning
663,9,91.8,17.1,97.6,1,early_warning
663,10,89.9,16.3,97.9,1,early_warning
663,11,88.4,15.5,98.2,1,early_warning
663,12,88.1,16.0,98.2,1,early_warning
663,13,86.6,15.8,97.9,1,early_warning
663,14,86.0,15.9,98.1,1,early_warning
663,15,86.1,16.2,98.0,1,early_warning
663,16,87.8,16.1,98.0,1,early_warning
663,17,88.4,16.4,97.9,1,early_warning
663,18,88.6,17.3,97.8,1,early_warning
663,19,88.6,17.4,97.7,1,early_warning
663,20,90.7,17.4,97.4,1,early_warning
663,21,89.8,17.5,97.3,1,early_warning
663,22,91.1,17.5,97.0,1,early_warning
663,23,91.9,17.7,96.8,1,early_warning
663,24,92.4,17.8,96.6,1,early_warning
664,1,71.1,16.6,98.5,1,early_warning
664,2,72.5,16.2,98.8,1,early_warning
664,3,72.8,16.3,98.7,1,early_warning
664,4,74.2,16.9,98.1,1,early_warning
664,5,77.8,18.4,96.5,1,early_warning
664,6,86.6,20.9,94.6,1,early_warning
664,7,91.2,22.6,93.6,1,early_warning
664,8,88.0,21.1,94.5,1,early_warning
664,9,80.1,18.6,96.4,1,early_warning
664,10,74.6,16.8,97.8,1,early_warning
664,11,71.7,16.3,98.3,1,early_warning
664,12,72.4,15.9,98.5,1,early_warning
664,13,72.1,16.1,98.7,1,early_warning
664,14,73.5,16.5,98.5,1,early_warning
664,15,71.5,16.6,98.4,1,early_warning
664,16,71.8,16.9,98.4,1,early_warning
664,17,73.0,16.9,98.4,1,early_warning
664,18,74.8,16.9,98.4,1,early_warning
664,19,75.4,17.0,98.2,1,early_warning
664,20,75.4,17.4,98.0,1,early_warning
664,21,76.6,17.9,97.8,1,early_warning
664,22,75.8,18.2,97.8,1,early_warning
664,23,75.7,18.3,97.6,1,early_warning
664,24,77.9,18.5,97.5,1,early_warning
665,1,77.1,15.7,97.0,1,gradual
665,2,77.0,15.8,97.2,1,gradual
665,3,79.7,16.4,97.0,1,gradual
665,4,79.9,16.8,97.0,1,gradual
665,5,80.2,17.0,96.8,1,gradual
665,6,80.9,17.2,96.6,1,gradual
665,7,81.3,17.3,96.3,1,gradual
665,8,82.8,17.2,96.0,1,gradual
665,9,83.5,17.3,95.8,1,gradual
665,10,85.3,17.6,95.4,1,gradual
665,11,86.8,18.3,95.4,1,gradual
665,12,86.8,18.8,95.2,1,gradual
665,13,88.2,19.0,95.0,1,gradual
665,14,87.1,19.2,94.7,1,gradual
665,15,88.0,19.7,94.4,1,gradual
665,16,87.4,20.0,94.3,1,gradual
665,17,88.6,20.1,94.3,1,gradual
665,18,89.9,20.3,94.1,1,gradual
665,19,91.3,20.2,93.8,1,gradual
665,20,91.2,20.9,93.7,1,gradual
665,21,92.0,21.3,93.5,1,gradual
665,22,93.1,21.5,93.1,1,gradual
665,23,93.6,21.6,92.7,1,gradual
665,24,94.3,21.7,92.4,1,gradual
666,1,79.9,17.2,98.2,1,gradual
666,2,78.1,17.2,98.0,1,gradual
666,3,79.3,17.2,97.7,1,gradual
666,4,78.9,17.5,97.4,1,gradual
666,5,79.3,18.2,97.1,1,gradual
666,6,79.6,18.4,96.7,1,gradual
666,7,79.4,18.3,96.4,1,gradual
666,8,79.5,18.5,96.5,1,gradual
666,9,79.8,18.6,96.2,1,gradual
666,10,80.8,18.6,96.0,1,gradual
666,11,82.2,19.2,95.8,1,gradual
666,12,83.1,19.4,95.3,1,gradual
666,13,82.5,19.9,95.2,1,gradual
666,14,83.5,20.2,95.1,1,gradual
666,15,83.4,20.1,95.0,1,gradual
666,16,86.0,20.6,94.8,1,gradual
666,17,86.4,20.5,94.5,1,gradual
666,18,87.3,20.9,94.4,1,gradual
666,19,88.9,21.0,93.9,1,gradual
666,20,89.6,21.2,93.7,1,gradual
666,21,88.7,21.2,93.5,1,gradual
666,22,88.3,22.2,93.3,1,gradual
666,23,89.2,22.4,93.0,1,gradual
666,24,90.6,22.5,92.8,1,gradual
667,1,78.6,20.3,98.2,1,early_warning
667,2,79.0,20.1,98.0,1,early_warning
667,3,81.5,19.9,97.3,1,early_warning
667,4,87.3,21.4,95.6,1,early_warning
667,5,95.4,23.6,93.6,1,early_warning
667,6,98.5,24.8,92.5,1,early_warning
667,7,95.0,23.5,93.6,1,early_warning
667,8,86.5,21.1,95.5,1,early_warning
667,9,81.8,19.7,96.6,1,early_warning
667,10,79.5,18.6,97.2,1,early_warning
667,11,78.9,18.9,97.2,1,early_warning
667,12,80.1,18.9,97.3,1,early_warning
667,13,78.7,19.0,97.1,1,early_warning
667,14,78.2,18.9,97.3,1,early_warning
667,15,78.6,18.9,97.3,1,early_warning
667,16,77.1,19.1,97.3,1,early_warning
667,17,77.0,19.0,97.1,1,early_warning
667,18,78.2,19.5,97.1,1,early_warning
667,19,80.0,20.2,96.8,1,early_warning
667,20,81.7,20.4,96.8,1,early_warning
667,21,81.8,20.7,96.6,1,early_warning
667,22,82.9,20.5,96.6,1,early_warning
667,23,83.5,20.9,96.5,1,early_warning
667,24,82.7,20.8,96.2,1,early_warning
668,1,77.7,15.3,96.8,1,gradual
668,2,76.9,15.7,96.6,1,gradual
668,3,78.8,15.3,96.5,1,gradual
668,4,79.6,15.3,96.2,1,gradual
668,5,81.4,15.8,95.9,1,gradual
668,6,82.2,15.7,95.9,1,gradual
668,7,80.7,16.3,95.7,1,gradual
668,8,82.5,16.1,95.4,1,gradual
668,9,82.0,16.7,95.0,1,gradual
668,10,83.9,17.0,94.6,1,gradual
668,11,84.3,17.5,94.5,1,gradual
668,12,84.7,18.3,94.2,1,gradual
668,13,84.6,18.3,94.1,1,gradual
668,14,85.7,18.3,93.8,1,gradual
668,15,86.1,18.3,93.6,1,gradual
668,16,87.5,18.8,93.5,1,gradual
668,17,88.7,18.8,93.3,1,gradual
668,18,87.7,19.2,93.0,1,gradual
668,19,88.4,19.5,92.8,1,gradual
668,20,89.6,20.2,92.7,1,gradual
668,21,90.4,20.0,92.6,1,gradual
668,22,92.3,20.3,92.2,1,gradual
668,23,94.6,20.7,91.9,1,gradual
668,24,93.1,20.8,91.6,1,gradual
669,1,76.3,17.4,96.3,1,early_warning
669,2,82.2,18.7,95.0,1,early_warning
669,3,91.3,20.9,93.1,1,early_warning
669,4,94.0,22.4,92.3,1,early_warning
669,5,91.0,20.5,93.7,1,early_warning
669,6,82.7,18.3,95.7,1,early_warning
669,7,77.4,16.8,97.1,1,early_warning
669,8,75.8,16.1,97.5,1,early_warning
669,9,75.1,16.1,97.5,1,early_warning
669,10,75.1,15.3,97.5,1,early_warning
669,11,74.6,15.4,97.6,1,early_warning
669,12,74.2,16.0,97.5,1,early_warning
669,13,75.3,15.6,97.5,1,early_warning
669,14,76.2,15.9,97.6,1,early_warning
669,15,76.3,16.0,97.7,1,early_warning
669,16,76.7,16.0,97.5,1,early_warning
669,17,77.0,16.0,97.4,1,early_warning
669,18,78.2,16.5,97.2,1,early_warning
669,19,78.5,16.7,97.1,1,early_warning
669,20,79.1,17.0,96.9,1,early_warning
669,21,79.2,17.6,96.6,1,early_warning
669,22,80.6,17.8,96.5,1,early_warning
669,23,80.4,17.6,96.4,1,early_warning
669,24,79.9,18.0,96.2,1,early_warning
670,1,89.1,17.1,97.8,1,gradual
670,2,88.6,18.1,97.5,1,gradual
670,3,88.9,18.3,97.3,1,gradual
670,4,89.0,18.7,97.2,1,gradual
670,5,90.0,18.8,97.0,1,gradual
670,6,90.2,19.2,96.7,1,gradual
670,7,91.7,19.7,96.6,1,gradual
670,8,92.8,20.4,96.3,1,gradual
670,9,92.6,20.3,96.0,1,gradual
670,10,95.1,20.3,95.9,1,gradual
670,11,96.8,20.5,95.6,1,gradual
670,12,98.0,20.8,95.3,1,gradual
670,13,98.0,21.0,95.3,1,gradual
670,14,99.0,21.6,95.2,1,gradual
670,15,99.4,21.6,95.2,1,gradual
670,16,99.9,22.0,95.0,1,gradual
670,17,101.1,22.1,94.7,1,gradual
670,18,102.8,22.9,94.7,1,gradual
670,19,102.3,22.8,94.4,1,gradual
670,20,101.2,22.8,93.8,1,gradual
670,21,102.3,23.4,93.7,1,gradual
670,22,102.8,23.3,93.5,1,gradual
670,23,103.6,23.5,93.1,1,gradual
670,24,104.7,24.3,92.8,1,gradual
671,1,72.5,15.2,97.3,1,early_warning
671,2,74.3,15.9,96.8,1,early_warning
671,3,77.9,17.6,95.3,1,early_warning
671,4,86.3,19.6,93.2,1,early_warning
671,5,90.5,20.7,92.3,1,early_warning
671,6,86.7,19.2,93.5,1,early_warning
671,7,78.7,16.5,95.3,1,early_warning
671,8,71.9,15.1,96.6,1,early_warning
671,9,70.3,14.4,97.3,1,early_warning
671,10,68.1,14.4,97.4,1,early_warning
671,11,69.8,14.4,97.4,1,early_warning
671,12,67.4,14.9,97.3,1,early_warning
671,13,66.8,14.8,97.4,1,early_warning
671,14,67.4,14.7,97.3,1,early_warning
671,15,67.3,14.6,97.4,1,early_warning
671,16,69.8,15.1,97.3,1,early_warning
671,17,70.7,15.2,97.0,1,early_warning
671,18,70.9,15.6,96.7,1,early_warning
671,19,71.9,15.6,96.7,1,early_warning
671,20,73.6,15.5,96.5,1,early_warning
671,21,73.1,15.6,96.7,1,early_warning
671,22,73.9,16.0,96.3,1,early_warning
671,23,75.3,16.1,96.1,1,early_warning
671,24,74.8,16.5,96.0,1,early_warning
672,1,75.8,15.8,98.4,1,gradual
672,2,77.0,16.2,98.3,1,gradual
672,3,77.1,16.4,98.1,1,gradual
672,4,79.4,16.7,98.1,1,gradual
672,5,79.7,17.5,98.0,1,gradual
672,6,79.5,17.4,97.9,1,gradual
672,7,81.7,17.7,97.5,1,gradual
672,8,81.7,17.8,97.4,1,gradual
672,9,82.4,18.2,97.2,1,gradual
672,10,81.6,18.4,96.9,1,gradual
672,11,81.6,18.7,96.7,1,gradual
672,12,81.7,18.9,96.4,1,gradual
672,13,82.6,19.2,96.2,1,gradual
672,14,85.5,19.3,96.1,1,gradual
672,15,86.8,19.6,96.0,1,gradual
672,16,87.0,20.0,95.9,1,gradual
672,17,88.5,20.9,95.6,1,gradual
672,18,88.9,21.3,95.2,1,gradual
672,19,89.1,21.3,95.1,1,gradual
672,20,90.0,21.4,94.9,1,gradual
672,21,91.1,21.7,94.7,1,gradual
672,22,91.9,21.7,94.4,1,gradual
672,23,90.8,22.0,94.2,1,gradual
672,24,92.3,22.4,94.1,1,gradual
673,1,77.4,13.9,97.5,1,early_warning
673,2,78.0,13.7,97.7,1,early_warning
673,3,78.9,13.8,97.4,1,early_warning
673,4,80.8,14.7,96.6,1,early_warning
673,5,86.4,16.4,95.1,1,early_warning
673,6,94.5,19.1,93.3,1,early_warning
673,7,97.5,19.8,92.1,1,early_warning
673,8,93.8,18.6,93.2,1,early_warning
673,9,86.7,16.7,95.3,1,early_warning
673,10,81.4,14.9,96.6,1,early_warning
673,11,80.2,14.2,97.0,1,early_warning
673,12,78.9,14.3,97.0,1,early_warning
673,13,78.4,14.2,97.3,1,early_warning
673,14,77.6,14.2,97.2,1,early_warning
673,15,77.5,14.6,97.2,1,early_warning
673,16,77.5,14.4,97.2,1,early_warning
673,17,77.4,14.6,97.2,1,early_warning
673,18,78.6,14.5,97.2,1,early_warning
673,19,80.6,14.5,97.0,1,early_warning
673,20,81.9,14.6,97.0,1,early_warning
673,21,83.2,15.0,96.9,1,early_warning
673,22,83.4,15.5,96.5,1,early_warning
673,23,84.1,15.7,96.1,1,early_warning
673,24,83.5,16.3,95.9,1,early_warning
674,1,80.3,16.6,97.0,1,gradual
674,2,80.8,16.9,96.7,1,gradual
674,3,81.9,17.2,96.6,1,gradual
674,4,81.6,17.5,96.4,1,gradual
674,5,83.4,18.4,96.2,1,gradual
674,6,83.2,18.3,96.1,1,gradual
674,7,83.0,18.5,96.0,1,gradual
674,8,83.4,18.8,95.8,1,gradual
674,9,84.9,18.8,95.6,1,gradual
674,10,84.9,19.1,95.3,1,gradual
674,11,85.6,19.3,95.2,1,gradual
674,12,87.0,19.6,95.0,1,gradual
674,13,88.4,19.6,94.6,1,gradual
674,14,88.6,20.1,94.5,1,gradual
674,15,89.9,20.1,94.5,1,gradual
674,16,90.9,19.8,94.3,1,gradual
674,17,92.5,20.5,93.9,1,gradual
674,18,93.0,20.9,93.4,1,gradual
674,19,93.9,21.4,93.4,1,gradual
674,20,93.9,21.7,93.3,1,gradual
674,21,94.1,21.7,93.1,1,gradual
674,22,93.7,22.1,92.8,1,gradual
674,23,94.2,22.3,92.6,1,gradual
674,24,95.0,22.6,92.3,1,gradual
675,1,65.0,14.2,97.5,1,early_warning
675,2,66.6,14.6,96.8,1,early_warning
675,3,71.8,16.0,95.4,1,early_warning
675,4,78.5,18.6,93.3,1,early_warning
675,5,82.9,19.8,92.5,1,early_warning
675,6,79.4,18.7,93.6,1,early_warning
675,7,71.7,16.1,95.4,1,early_warning
675,8,67.5,14.4,97.1,1,early_warning
675,9,64.9,14.0,97.7,1,early_warning
675,10,64.9,14.3,97.8,1,early_warning
675,11,65.3,14.0,97.7,1,early_warning
675,12,64.9,13.5,97.7,1,early_warning
675,13,66.3,14.2,97.8,1,early_warning
675,14,67.2,14.6,97.7,1,early_warning
675,15,66.7,14.2,97.5,1,early_warning
675,16,65.9,14.4,97.5,1,early_warning
675,17,66.1,14.3,97.2,1,early_warning
675,18,66.2,14.7,96.9,1,early_warning
675,19,67.1,14.8,97.0,1,early_warning
675,20,66.7,15.1,97.1,1,early_warning
675,21,65.6,14.8,97.0,1,early_warning
675,22,66.7,15.2,96.9,1,early_warning
675,23,68.1,15.7,96.6,1,early_warning
675,24,69.3,15.8,96.5,1,early_warning
676,1,72.8,15.8,97.9,1,gradual
676,2,73.6,16.6,97.7,1,gradual
676,3,73.3,16.7,97.7,1,gradual
676,4,74.8,17.0,97.8,1,gradual
676,5,75.9,17.4,97.6,1,gradual
676,6,76.7,17.7,97.2,1,gradual
676,7,77.1,17.8,96.9,1,gradual
676,8,76.0,18.1,96.6,1,gradual
676,9,78.9,18.4,96.5,1,gradual
676,10,79.6,18.2,96.4,1,gradual
676,11,80.5,18.5,96.2,1,gradual
676,12,81.2,18.4,95.9,1,gradual
676,13,82.0,19.2,95.6,1,gradual
676,14,82.8,19.5,95.4,1,gradual
676,15,84.1,20.0,95.4,1,gradual
676,16,84.7,20.6,95.3,1,gradual
676,17,84.8,20.7,95.0,1,gradual
676,18,85.6,20.9,94.6,1,gradual
676,19,86.2,21.2,94.4,1,gradual
676,20,86.9,21.2,94.0,1,gradual
676,21,86.9,21.0,93.9,1,gradual
676,22,88.1,21.8,93.5,1,gradual
676,23,88.7,22.1,93.5,1,gradual
676,24,89.7,22.5,93.4,1,gradual
677,1,77.8,14.7,96.5,1,early_warning
677,2,77.2,14.9,96.5,1,early_warning
677,3,76.6,14.7,96.6,1,early_warning
677,4,78.5,15.6,96.1,1,early_warning
677,5,83.6,17.5,94.8,1,early_warning
677,6,91.0,19.8,92.7,1,early_warning
677,7,95.6,20.8,91.5,1,early_warning
677,8,92.0,20.0,92.5,1,early_warning
677,9,83.9,17.5,94.4,1,early_warning
677,10,78.5,15.5,96.0,1,early_warning
677,11,77.1,14.6,96.5,1,early_warning
677,12,76.4,14.7,96.3,1,early_warning
677,13,75.1,14.6,96.5,1,early_warning
677,14,75.2,14.5,96.7,1,early_warning
677,15,75.3,14.5,96.5,1,early_warning
677,16,75.4,14.3,96.5,1,early_warning
677,17,76.3,14.5,96.5,1,early_warning
677,18,76.8,15.1,96.4,1,early_warning
677,19,76.4,15.6,96.3,1,early_warning
677,20,78.0,16.0,96.0,1,early_warning
677,21,79.2,16.2,95.7,1,early_warning
677,22,78.5,16.4,95.5,1,early_warning
677,23,78.1,16.8,95.4,1,early_warning
677,24,78.6,16.7,95.4,1,early_warning
678,1,80.8,16.9,96.5,1,gradual
678,2,81.3,17.2,96.2,1,gradual
678,3,80.5,17.8,96.1,1,gradual
678,4,81.1,18.0,96.1,1,gradual
678,5,82.9,18.3,95.9,1,gradual
678,6,83.1,18.6,95.7,1,gradual
678,7,84.6,18.9,95.2,1,gradual
678,8,84.5,18.9,95.1,1,gradual
678,9,85.0,19.4,94.9,1,gradual
678,10,85.3,20.0,94.4,1,gradual
678,11,86.2,20.0,94.2,1,gradual
678,12,86.5,20.1,94.0,1,gradual
678,13,87.4,20.3,93.7,1,gradual
678,14,88.8,20.9,93.5,1,gradual
678,15,89.4,21.0,93.4,1,gradual
678,16,90.3,20.9,93.2,1,gradual
678,17,90.7,21.1,92.9,1,gradual
678,18,91.5,21.4,92.7,1,gradual
678,19,90.8,21.9,92.6,1,gradual
678,20,92.1,22.1,92.5,1,gradual
678,21,92.6,22.8,92.1,1,gradual
678,22,93.0,23.0,92.1,1,gradual
678,23,93.5,23.5,91.8,1,gradual
678,24,94.4,23.8,91.6,1,gradual
679,1,81.8,17.2,98.6,1,gradual
679,2,81.1,17.3,98.2,1,gradual
679,3,82.6,17.2,97.6,1,gradual
679,4,84.4,17.1,97.5,1,gradual
679,5,83.0,17.2,97.3,1,gradual
679,6,83.4,17.4,97.0,1,gradual
679,7,83.1,17.3,96.8,1,gradual
679,8,84.7,17.7,96.5,1,gradual
679,9,84.8,17.9,96.6,1,gradual
679,10,85.5,18.5,96.2,1,gradual
679,11,86.9,18.6,95.8,1,gradual
679,12,87.2,18.4,95.7,1,gradual
679,13,87.9,18.6,95.3,1,gradual
679,14,86.5,19.2,95.4,1,gradual
679,15,88.1,19.8,95.2,1,gradual
679,16,90.4,20.2,94.9,1,gradual
679,17,90.9,20.6,94.8,1,gradual
679,18,90.4,20.8,94.6,1,gradual
679,19,89.8,20.9,94.3,1,gradual
679,20,91.5,21.6,94.2,1,gradual
679,21,93.3,21.5,93.9,1,gradual
679,22,94.1,21.4,93.4,1,gradual
679,23,94.9,22.0,93.2,1,gradual
679,24,95.1,22.0,92.8,1,gradual
680,1,79.6,17.9,95.7,1,early_warning
680,2,85.2,19.6,94.4,1,early_warning
680,3,91.5,21.8,92.5,1,early_warning
680,4,96.2,23.7,91.7,1,early_warning
680,5,93.0,22.8,92.8,1,early_warning
680,6,83.7,20.5,94.8,1,early_warning
680,7,78.5,19.1,96.0,1,early_warning
680,8,76.8,18.4,96.6,1,early_warning
680,9,75.8,18.7,96.6,1,early_warning
680,10,76.5,18.3,96.7,1,early_warning
680,11,76.4,18.4,96.6,1,early_warning
680,12,78.0,18.4,96.8,1,early_warning
680,13,77.5,18.3,96.9,1,early_warning
680,14,76.1,18.4,96.8,1,early_warning
680,15,76.0,18.8,96.9,1,early_warning
680,16,75.6,18.4,96.8,1,early_warning
680,17,76.8,18.4,96.5,1,early_warning
680,18,78.4,18.4,96.3,1,early_warning
680,19,78.5,19.0,96.1,1,early_warning
680,20,78.4,19.1,96.1,1,early_warning
680,21,78.6,19.5,95.9,1,early_warning
680,22,78.8,19.6,96.1,1,early_warning
680,23,79.5,19.6,96.0,1,early_warning
680,24,80.7,20.3,95.8,1,early_warning
681,1,78.7,16.6,97.4,1,early_warning
681,2,81.3,17.5,96.9,1,early_warning
681,3,85.9,19.1,95.4,1,early_warning
681,4,95.5,21.8,93.5,1,early_warning
681,5,100.1,23.0,92.7,1,early_warning
681,6,96.2,21.9,93.5,1,early_warning
681,7,88.6,19.1,95.5,1,early_warning
681,8,81.7,17.6,97.0,1,early_warning
681,9,79.8,16.7,97.6,1,early_warning
681,10,79.6,16.8,97.6,1,early_warning
681,11,79.4,16.9,97.8,1,early_warning
681,12,79.3,16.7,97.7,1,early_warning
681,13,79.5,16.4,97.6,1,early_warning
681,14,79.8,16.2,97.4,1,early_warning
681,15,80.1,16.5,97.6,1,early_warning
681,16,81.0,16.3,97.4,1,early_warning
681,17,81.0,17.1,97.3,1,early_warning
681,18,80.0,16.9,97.4,1,early_warning
681,19,81.7,17.4,97.1,1,early_warning
681,20,82.2,17.7,96.9,1,early_warning
681,21,82.0,17.7,96.6,1,early_warning
681,22,83.0,18.4,96.6,1,early_warning
681,23,83.6,18.8,96.4,1,early_warning
681,24,84.3,18.5,96.4,1,early_warning
682,1,89.8,17.1,98.4,1,early_warning
682,2,88.4,17.3,98.0,1,early_warning
682,3,88.2,17.1,97.9,1,early_warning
682,4,90.0,17.7,97.5,1,early_warning
682,5,96.0,19.3,96.0,1,early_warning
682,6,102.3,21.7,94.0,1,early_warning
682,7,106.2,23.2,92.9,1,early_warning
682,8,102.4,21.9,93.7,1,early_warning
682,9,94.3,18.9,95.8,1,early_warning
682,10,87.9,17.2,97.2,1,early_warning
682,11,84.9,16.7,97.5,1,early_warning
682,12,85.8,16.6,98.0,1,early_warning
682,13,84.5,16.4,97.7,1,early_warning
682,14,85.0,16.4,97.6,1,early_warning
682,15,85.7,16.6,97.5,1,early_warning
682,16,85.5,16.4,97.8,1,early_warning
682,17,85.3,17.0,97.6,1,early_warning
682,18,86.1,17.4,97.5,1,early_warning
682,19,87.3,17.1,97.6,1,early_warning
682,20,88.6,17.7,97.6,1,early_warning
682,21,89.7,18.0,97.4,1,early_warning
682,22,91.5,18.3,97.1,1,early_warning
682,23,92.0,18.5,96.8,1,early_warning
682,24,93.1,19.1,96.5,1,early_warning
683,1,73.4,14.7,97.7,1,early_warning
683,2,74.9,15.0,97.6,1,early_warning
683,3,77.0,15.5,96.9,1,early_warning
683,4,81.8,17.3,95.5,1,early_warning
683,5,90.5,19.7,93.7,1,early_warning
683,6,95.1,20.8,92.6,1,early_warning
683,7,91.7,19.6,93.6,1,early_warning
683,8,82.8,17.2,95.7,1,early_warning
683,9,75.5,15.4,97.1,1,early_warning
683,10,73.7,15.2,97.8,1,early_warning
683,11,73.4,14.8,97.9,1,early_warning
683,12,74.6,15.1,97.7,1,early_warning
683,13,74.6,14.9,97.8,1,early_warning
683,14,74.0,15.0,97.9,1,early_warning
683,15,73.6,15.1,97.9,1,early_warning
683,16,73.8,15.4,97.8,1,early_warning
683,17,74.0,15.5,97.8,1,early_warning
683,18,75.3,15.9,97.7,1,early_warning
683,19,76.6,16.0,97.5,1,early_warning
683,20,77.3,15.8,97.4,1,early_warning
683,21,78.7,15.7,97.0,1,early_warning
683,22,79.0,16.0,96.8,1,early_warning
683,23,78.5,16.3,97.0,1,early_warning
683,24,78.5,16.9,96.8,1,early_warning
684,1,90.5,17.5,98.1,1,gradual
684,2,90.5,17.8,97.8,1,gradual
684,3,89.3,18.2,97.6,1,gradual
684,4,91.0,18.2,97.3,1,gradual
684,5,90.8,18.3,96.9,1,gradual
684,6,91.0,18.8,96.7,1,gradual
684,7,91.9,18.9,96.6,1,gradual
684,8,92.8,18.8,96.3,1,gradual
684,9,92.4,19.4,96.0,1,gradual
684,10,93.1,19.8,95.6,1,gradual
684,11,93.7,20.4,95.5,1,gradual
684,12,95.1,20.6,95.2,1,gradual
684,13,95.0,20.6,94.9,1,gradual
684,14,95.3,20.9,94.9,1,gradual
684,15,96.1,21.0,94.7,1,gradual
684,16,97.0,21.8,94.8,1,gradual
684,17,97.9,22.2,94.4,1,gradual
684,18,98.2,22.3,94.2,1,gradual
684,19,98.6,22.8,93.8,1,gradual
684,20,99.4,22.8,93.5,1,gradual
684,21,98.9,23.2,93.5,1,gradual
684,22,100.5,23.5,93.5,1,gradual
684,23,102.1,23.5,93.1,1,gradual
684,24,103.0,23.6,92.6,1,gradual
685,1,84.4,17.2,96.6,1,early_warning
685,2,84.6,16.8,96.7,1,early_warning
685,3,85.8,17.0,96.5,1,early_warning
685,4,86.9,17.5,95.8,1,early_warning
685,5,92.1,19.7,94.3,1,early_warning
685,6,100.2,22.0,92.4,1,early_warning
685,7,104.2,23.2,91.6,1,early_warning
685,8,100.8,21.9,92.5,1,early_warning
685,9,93.9,19.2,94.5,1,early_warning
685,10,87.3,17.8,96.0,1,early_warning
685,11,85.3,17.2,96.4,1,early_warning
685,12,85.3,17.1,96.5,1,early_warning
685,13,85.6,16.8,96.6,1,early_warning
685,14,83.7,17.0,96.4,1,early_warning
685,15,83.9,17.0,96.6,1,early_warning
685,16,83.7,17.0,96.7,1,early_warning
685,17,83.6,16.9,96.4,1,early_warning
685,18,84.9,17.6,96.3,1,early_warning
685,19,86.1,17.9,96.2,1,early_warning
685,20,85.0,17.8,96.3,1,early_warning
685,21,85.8,17.8,95.9,1,early_warning
685,22,87.3,17.8,95.9,1,early_warning
685,23,88.6,18.4,95.7,1,early_warning
685,24,88.5,19.3,95.6,1,early_warning
686,1,68.7,15.3,96.9,1,gradual
686,2,70.1,15.7,96.8,1,gradual
686,3,70.4,15.9,96.6,1,gradual
686,4,71.2,16.2,96.5,1,gradual
686,5,70.7,16.5,96.4,1,gradual
686,6,72.6,16.3,96.3,1,gradual
686,7,73.5,16.5,95.9,1,gradual
686,8,73.0,16.8,95.7,1,gradual
686,9,73.6,17.1,95.6,1,gradual
686,10,74.7,17.2,95.5,1,gradual
686,11,74.6,17.3,95.3,1,gradual
686,12,78.1,17.4,95.2,1,gradual
686,13,78.0,18.1,94.9,1,gradual
686,14,78.1,18.7,94.8,1,gradual
686,15,79.3,18.8,94.7,1,gradual
686,16,81.1,18.9,94.5,1,gradual
686,17,81.1,19.1,94.1,1,gradual
686,18,81.5,19.6,93.8,1,gradual
686,19,81.1,20.0,93.7,1,gradual
686,20,81.7,20.5,93.5,1,gradual
686,21,83.6,20.4,93.1,1,gradual
686,22,84.7,20.5,92.9,1,gradual
686,23,85.3,20.5,92.6,1,gradual
686,24,86.0,20.9,92.4,1,gradual
687,1,72.5,16.6,98.3,1,gradual
687,2,71.7,17.5,98.0,1,gradual
687,3,72.7,18.1,97.9,1,gradual
687,4,73.9,18.4,97.8,1,gradual
687,5,74.4,18.7,97.7,1,gradual
687,6,74.0,19.4,97.3,1,gradual
687,7,75.2,19.8,97.1,1,gradual
687,8,76.8,20.2,97.1,1,gradual
687,9,76.0,20.3,97.0,1,gradual
687,10,78.4,20.4,96.6,1,gradual
687,11,79.4,20.5,96.1,1,gradual
687,12,80.1,20.6,96.0,1,gradual
687,13,80.9,21.2,95.8,1,gradual
687,14,82.0,20.7,95.5,1,gradual
687,15,81.8,20.7,95.4,1,gradual
687,16,82.7,21.5,95.3,1,gradual
687,17,83.7,21.7,95.0,1,gradual
687,18,84.2,21.6,95.0,1,gradual
687,19,84.1,21.7,94.7,1,gradual
687,20,85.0,22.5,94.5,1,gradual
687,21,85.9,23.1,94.2,1,gradual
687,22,86.5,23.4,93.8,1,gradual
687,23,86.5,23.2,93.4,1,gradual
687,24,87.4,23.4,93.2,1,gradual
688,1,77.8,14.2,97.5,1,early_warning
688,2,76.2,14.4,97.3,1,early_warning
688,3,76.2,14.8,97.6,1,early_warning
688,4,76.7,14.9,97.4,1,early_warning
688,5,77.4,15.2,97.1,1,early_warning
688,6,82.8,16.9,95.5,1,early_warning
688,7,89.5,19.6,93.5,1,early_warning
688,8,94.1,20.7,92.4,1,early_warning
688,9,90.2,19.1,93.5,1,early_warning
688,10,83.3,17.2,95.6,1,early_warning
688,11,77.2,15.5,96.9,1,early_warning
688,12,75.0,15.0,97.5,1,early_warning
688,13,75.6,14.6,97.8,1,early_warning
688,14,74.9,14.5,97.6,1,early_warning
688,15,75.3,14.5,97.6,1,early_warning
688,16,73.3,14.9,97.7,1,early_warning
688,17,75.6,15.5,97.5,1,early_warning
688,18,76.0,15.5,97.3,1,early_warning
688,19,76.0,15.6,97.1,1,early_warning
688,20,77.8,15.9,96.9,1,early_warning
688,21,78.9,16.1,96.8,1,early_warning
688,22,78.5,16.1,96.8,1,early_warning
688,23,78.4,16.5,96.7,1,early_warning
688,24,80.9,16.8,96.5,1,early_warning
689,1,84.3,17.5,97.6,1,gradual
689,2,85.5,17.6,97.3,1,gradual
689,3,86.5,17.3,97.3,1,gradual
689,4,87.4,17.4,97.1,1,gradual
689,5,87.7,17.7,97.0,1,gradual
689,6,89.5,18.2,96.9,1,gradual
689,7,89.5,18.3,96.9,1,gradual
689,8,90.8,18.4,96.5,1,gradual
689,9,92.1,18.8,96.2,1,gradual
689,10,91.4,18.8,96.1,1,gradual
689,11,92.0,19.6,95.8,1,gradual
689,12,93.6,19.8,95.7,1,gradual
689,13,94.5,20.1,95.5,1,gradual
689,14,94.0,20.6,95.2,1,gradual
689,15,95.9,20.8,95.1,1,gradual
689,16,97.0,20.8,94.8,1,gradual
689,17,96.3,21.1,94.5,1,gradual
689,18,96.6,21.0,94.3,1,gradual
689,19,96.8,21.2,94.1,1,gradual
689,20,97.9,21.5,93.8,1,gradual
689,21,100.3,21.7,93.4,1,gradual
689,22,101.0,22.2,93.2,1,gradual
689,23,100.4,22.2,93.1,1,gradual
689,24,100.4,22.1,92.9,1,gradual
690,1,78.8,15.7,97.6,1,early_warning
690,2,79.2,15.3,97.4,1,early_warning
690,3,79.4,15.3,97.5,1,early_warning
690,4,80.1,15.4,97.5,1,early_warning
690,5,82.2,16.6,97.1,1,early_warning
690,6,88.6,18.4,95.8,1,early_warning
690,7,95.6,20.9,93.7,1,early_warning
690,8,98.3,21.9,92.7,1,early_warning
690,9,93.3,20.7,93.6,1,early_warning
690,10,85.5,18.3,95.8,1,early_warning
690,11,81.1,16.4,97.1,1,early_warning
690,12,79.6,15.7,97.7,1,early_warning
690,13,80.7,15.9,97.6,1,early_warning
690,14,79.8,15.0,97.8,1,early_warning
690,15,79.9,15.4,97.4,1,early_warning
690,16,80.4,15.8,97.4,1,early_warning
690,17,81.5,15.9,97.4,1,early_warning
690,18,81.3,16.1,97.3,1,early_warning
690,19,81.3,16.4,97.0,1,early_warning
690,20,81.9,16.8,97.0,1,early_warning
690,21,81.2,16.9,96.8,1,early_warning
690,22,82.1,17.3,96.7,1,early_warning
690,23,82.3,17.9,96.5,1,early_warning
690,24,83.6,18.4,96.4,1,early_warning
691,1,75.9,16.2,95.8,1,early_warning
691,2,75.7,16.5,96.3,1,early_warning
691,3,74.5,16.6,96.5,1,early_warning
691,4,74.0,16.6,96.4,1,early_warning
691,5,76.0,18.2,95.9,1,early_warning
691,6,80.5,19.4,94.6,1,early_warning
691,7,89.4,21.8,92.7,1,early_warning
691,8,93.1,23.0,91.5,1,early_warning
691,9,88.9,22.3,92.8,1,early_warning
691,10,81.4,19.5,94.7,1,early_warning
691,11,77.1,17.3,96.1,1,early_warning
691,12,75.6,17.1,96.9,1,early_warning
691,13,74.7,16.8,97.1,1,early_warning
691,14,74.0,16.6,97.1,1,early_warning
691,15,73.6,16.8,96.8,1,early_warning
691,16,73.1,16.6,96.7,1,early_warning
691,17,74.7,16.7,96.6,1,early_warning
691,18,75.2,17.4,96.5,1,early_warning
691,19,75.1,18.2,96.3,1,early_warning
691,20,75.9,18.3,96.0,1,early_warning
691,21,76.1,18.3,95.8,1,early_warning
691,22,76.7,18.5,95.7,1,early_warning
691,23,78.8,18.8,95.7,1,early_warning
691,24,78.8,18.6,95.7,1,early_warning
692,1,90.3,16.8,96.2,1,early_warning
692,2,89.1,16.9,96.4,1,early_warning
692,3,88.0,16.6,96.5,1,early_warning
692,4,88.1,16.9,96.1,1,early_warning
692,5,91.1,18.2,95.7,1,early_warning
692,6,95.9,19.5,94.6,1,early_warning
692,7,103.6,21.6,92.7,1,early_warning
692,8,108.1,22.7,91.7,1,early_warning
692,9,103.1,21.4,92.5,1,early_warning
692,10,95.8,19.0,94.7,1,early_warning
692,11,90.9,17.5,96.0,1,early_warning
692,12,88.6,17.0,96.5,1,early_warning
692,13,88.8,17.2,96.6,1,early_warning
692,14,87.3,16.9,96.7,1,early_warning
692,15,86.8,17.0,96.6,1,early_warning
692,16,87.1,16.5,96.6,1,early_warning
692,17,88.0,16.7,96.5,1,early_warning
692,18,90.0,16.8,96.4,1,early_warning
692,19,91.6,17.2,96.0,1,early_warning
692,20,91.4,17.8,95.9,1,early_warning
692,21,90.9,18.3,95.9,1,early_warning
692,22,90.6,18.6,95.7,1,early_warning
692,23,91.6,19.0,95.8,1,early_warning
692,24,90.9,19.3,95.5,1,early_warning
693,1,77.7,15.4,99.3,1,early_warning
693,2,77.5,15.8,98.7,1,early_warning
693,3,78.5,16.7,97.9,1,early_warning
693,4,84.7,18.3,96.5,1,early_warning
693,5,92.5,21.1,94.3,1,early_warning
693,6,96.1,22.2,93.1,1,early_warning
693,7,91.7,20.7,94.3,1,early_warning
693,8,83.5,18.5,96.3,1,early_warning
693,9,77.4,17.2,97.9,1,early_warning
693,10,74.6,16.8,98.6,1,early_warning
693,11,74.7,16.4,98.6,1,early_warning
693,12,73.0,16.1,98.4,1,early_warning
693,13,72.6,16.4,98.6,1,early_warning
693,14,73.6,16.1,98.4,1,early_warning
693,15,73.9,15.7,98.4,1,early_warning
693,16,73.8,16.1,98.4,1,early_warning
693,17,75.0,16.7,98.3,1,early_warning
693,18,75.9,17.1,98.3,1,early_warning
693,19,76.4,17.3,98.2,1,early_warning
693,20,77.2,17.7,97.8,1,early_warning
693,21,78.2,17.2,97.7,1,early_warning
693,22,77.2,17.8,97.5,1,early_warning
693,23,78.1,18.1,97.4,1,early_warning
693,24,80.0,18.2,97.3,1,early_warning
694,1,88.3,16.6,96.1,1,early_warning
694,2,95.4,17.9,95.0,1,early_warning
694,3,103.3,20.2,93.0,1,early_warning
694,4,106.1,21.3,92.1,1,early_warning
694,5,101.7,20.0,93.3,1,early_warning
694,6,93.3,17.3,95.5,1,early_warning
694,7,86.8,15.3,96.7,1,early_warning
694,8,86.4,15.0,97.2,1,early_warning
694,9,86.4,14.5,97.1,1,early_warning
694,10,85.8,15.1,97.3,1,early_warning
694,11,85.5,15.3,97.1,1,early_warning
694,12,87.0,15.2,97.2,1,early_warning
694,13,87.1,14.8,97.3,1,early_warning
694,14,85.5,15.3,97.2,1,early_warning
694,15,86.5,15.2,97.2,1,early_warning
694,16,85.9,15.2,97.3,1,early_warning
694,17,86.5,15.4,97.2,1,early_warning
694,18,86.8,15.6,97.1,1,early_warning
694,19,87.4,15.8,96.9,1,early_warning
694,20,87.8,16.5,96.8,1,early_warning
694,21,88.2,16.6,96.7,1,early_warning
694,22,89.5,16.6,96.6,1,early_warning
694,23,90.3,16.8,96.2,1,early_warning
694,24,89.2,17.3,96.2,1,early_warning
695,1,74.5,16.3,97.3,1,gradual
695,2,73.2,16.5,97.0,1,gradual
695,3,74.7,16.8,96.9,1,gradual
695,4,75.3,17.1,96.7,1,gradual
695,5,76.7,17.5,96.6,1,gradual
695,6,78.4,17.9,96.4,1,gradual
695,7,78.8,18.4,96.2,1,gradual
695,8,78.6,18.4,96.0,1,gradual
695,9,80.1,18.4,96.0,1,gradual
695,10,80.2,18.9,95.7,1,gradual
695,11,80.5,19.1,95.4,1,gradual
695,12,81.5,19.0,95.2,1,gradual
695,13,81.5,19.9,94.9,1,gradual
695,14,83.6,20.4,94.6,1,gradual
695,15,84.2,20.5,94.4,1,gradual
695,16,84.9,20.7,94.0,1,gradual
695,17,86.8,21.4,93.9,1,gradual
695,18,88.3,21.9,93.5,1,gradual
695,19,87.2,21.9,93.3,1,gradual
695,20,88.5,22.1,93.2,1,gradual
695,21,89.1,22.2,93.1,1,gradual
695,22,88.2,22.2,93.1,1,gradual
695,23,90.4,22.1,92.8,1,gradual
695,24,90.6,22.7,92.6,1,gradual
696,1,70.9,18.6,96.1,1,early_warning
696,2,73.4,19.1,95.6,1,early_warning
696,3,79.9,20.6,94.5,1,early_warning
696,4,87.5,22.3,92.5,1,early_warning
696,5,91.8,23.4,91.4,1,early_warning
696,6,88.5,22.4,92.5,1,early_warning
696,7,81.3,20.0,94.3,1,early_warning
696,8,74.4,18.3,95.8,1,early_warning
696,9,72.7,17.4,96.3,1,early_warning
696,10,72.8,17.1,96.2,1,early_warning
696,11,72.8,16.9,96.3,1,early_warning
696,12,72.0,16.6,96.5,1,early_warning
696,13,73.1,16.6,96.5,1,early_warning
696,14,73.2,16.9,96.4,1,early_warning
696,15,71.7,16.8,96.3,1,early_warning
696,16,73.4,16.9,96.3,1,early_warning
696,17,73.8,17.4,96.1,1,early_warning
696,18,75.2,17.5,95.9,1,early_warning
696,19,75.2,17.7,95.4,1,early_warning
696,20,76.1,18.4,95.4,1,early_warning
696,21,75.9,18.6,95.3,1,early_warning
696,22,77.7,18.9,95.1,1,early_warning
696,23,77.3,19.0,95.1,1,early_warning
696,24,77.5,18.9,95.0,1,early_warning
697,1,76.4,14.6,96.9,1,gradual
697,2,78.5,15.0,96.9,1,gradual
697,3,79.9,15.1,96.6,1,gradual
697,4,81.6,14.9,96.2,1,gradual
697,5,82.5,15.8,96.0,1,gradual
697,6,83.7,16.1,95.5,1,gradual
697,7,83.3,16.5,95.4,1,gradual
697,8,84.7,16.8,95.1,1,gradual
697,9,84.9,16.9,95.1,1,gradual
697,10,86.5,17.3,94.7,1,gradual
697,11,87.9,17.7,94.6,1,gradual
697,12,87.6,17.8,94.3,1,gradual
697,13,88.6,17.9,94.1,1,gradual
697,14,87.9,18.2,94.0,1,gradual
697,15,89.9,18.3,93.7,1,gradual
697,16,91.4,18.4,93.5,1,gradual
697,17,92.0,18.9,93.2,1,gradual
697,18,92.2,19.3,92.9,1,gradual
697,19,92.7,19.5,92.6,1,gradual
697,20,94.7,19.2,92.5,1,gradual
697,21,93.7,19.7,92.3,1,gradual
697,22,94.4,20.1,92.1,1,gradual
697,23,95.4,20.2,91.9,1,gradual
697,24,95.1,20.5,91.6,1,gradual
698,1,78.6,14.0,97.8,1,gradual
698,2,78.0,13.9,97.6,1,gradual
698,3,79.7,14.9,97.4,1,gradual
698,4,81.1,15.4,97.4,1,gradual
698,5,80.8,15.2,97.0,1,gradual
698,6,81.2,15.7,97.0,1,gradual
698,7,81.9,15.8,96.7,1,gradual
698,8,82.8,16.1,96.2,1,gradual
698,9,82.6,16.3,96.0,1,gradual
698,10,84.7,16.7,96.0,1,gradual
698,11,85.1,16.6,95.6,1,gradual
698,12,85.6,17.0,95.6,1,gradual
698,13,85.8,17.5,95.3,1,gradual
698,14,86.6,17.7,95.1,1,gradual
698,15,87.6,18.2,94.8,1,gradual
698,16,89.1,18.6,94.6,1,gradual
698,17,89.6,18.3,94.3,1,gradual
698,18,90.4,18.4,94.0,1,gradual
698,19,91.5,18.7,94.0,1,gradual
698,20,92.6,18.9,93.8,1,gradual
698,21,94.0,19.2,93.4,1,gradual
698,22,93.1,19.9,93.2,1,gradual
698,23,93.1,20.3,93.1,1,gradual
698,24,94.3,20.8,92.8,1,gradual
699,1,74.6,13.2,97.8,1,gradual
699,2,74.7,14.1,97.8,1,gradual
699,3,76.0,14.6,97.8,1,gradual
699,4,76.2,15.1,97.7,1,gradual
699,5,76.7,15.2,97.5,1,gradual
699,6,76.1,15.7,97.4,1,gradual
699,7,77.1,15.9,97.0,1,gradual
699,8,77.8,16.4,96.7,1,gradual
699,9,79.7,16.9,96.5,1,gradual
699,10,81.5,17.0,96.2,1,gradual
699,11,83.5,17.5,95.9,1,gradual
699,12,84.6,17.4,95.8,1,gradual
699,13,84.8,17.7,95.6,1,gradual
699,14,84.9,18.0,95.6,1,gradual
699,15,85.6,18.3,95.4,1,gradual
699,16,85.0,18.7,95.3,1,gradual
699,17,86.6,18.3,95.0,1,gradual
699,18,86.7,19.0,94.7,1,gradual
699,19,86.9,19.3,94.4,1,gradual
699,20,87.7,19.5,94.3,1,gradual
699,21,89.4,19.9,93.8,1,gradual
699,22,90.3,20.2,93.6,1,gradual
699,23,90.9,20.2,93.5,1,gradual
699,24,92.1,20.2,93.3,1,gradual
700,1,75.1,14.7,97.2,1,early_warning
700,2,74.4,14.1,97.2,1,early_warning
700,3,74.3,15.0,97.0,1,early_warning
700,4,75.1,15.8,96.6,1,early_warning
700,5,80.4,17.5,95.3,1,early_warning
700,6,88.2,19.6,93.3,1,early_warning
700,7,92.3,20.8,92.5,1,early_warning
700,8,89.9,19.2,93.4,1,early_warning
700,9,81.0,16.4,95.3,1,early_warning
700,10,74.8,15.4,96.8,1,early_warning
700,11,72.5,14.8,97.2,1,early_warning
700,12,73.8,14.7,97.4,1,early_warning
700,13,73.0,14.7,97.5,1,early_warning
700,14,73.0,14.8,97.4,1,early_warning
700,15,74.7,14.8,97.3,1,early_warning
700,16,75.0,14.9,97.5,1,early_warning
700,17,74.9,15.5,97.1,1,early_warning
700,18,76.0,15.8,97.0,1,early_warning
700,19,75.9,15.8,96.9,1,early_warning
700,20,75.9,15.4,96.9,1,early_warning
700,21,76.4,15.4,96.6,1,early_warning
700,22,76.1,16.0,96.5,1,early_warning
700,23,77.4,16.6,96.4,1,early_warning
700,24,78.1,16.5,95.9,1,early_warning
701,1,79.9,16.8,97.0,1,early_warning
701,2,84.2,18.3,95.4,1,early_warning
701,3,90.8,21.0,93.8,1,early_warning
701,4,94.4,22.2,92.9,1,early_warning
701,5,91.3,21.0,93.7,1,early_warning
701,6,84.3,18.2,95.7,1,early_warning
701,7,78.9,17.1,96.9,1,early_warning
701,8,75.6,16.5,97.4,1,early_warning
701,9,74.5,16.3,97.4,1,early_warning
701,10,73.3,16.1,97.4,1,early_warning
701,11,73.0,16.3,97.4,1,early_warning
701,12,74.0,16.5,97.5,1,early_warning
701,13,73.5,16.7,97.6,1,early_warning
701,14,73.8,16.3,97.3,1,early_warning
701,15,72.7,16.6,97.4,1,early_warning
701,16,71.9,16.2,97.5,1,early_warning
701,17,73.2,16.7,97.4,1,early_warning
701,18,73.8,16.4,97.1,1,early_warning
701,19,75.7,16.8,96.8,1,early_warning
701,20,77.0,17.2,97.0,1,early_warning
701,21,78.9,17.6,96.7,1,early_warning
701,22,78.8,18.4,96.4,1,early_warning
701,23,77.5,18.6,96.1,1,early_warning
701,24,77.8,18.4,96.1,1,early_warning
702,1,77.3,17.0,96.8,1,early_warning
702,2,78.7,17.9,96.3,1,early_warning
702,3,84.1,19.1,94.9,1,early_warning
702,4,89.9,21.1,93.2,1,early_warning
702,5,94.4,22.1,92.5,1,early_warning
702,6,89.3,20.8,93.5,1,early_warning
702,7,81.9,18.3,95.3,1,early_warning
702,8,77.0,16.5,96.7,1,early_warning
702,9,75.0,16.1,97.0,1,early_warning
702,10,74.1,15.8,97.2,1,early_warning
702,11,74.1,15.8,97.1,1,early_warning
702,12,73.1,15.7,96.9,1,early_warning
702,13,74.6,16.0,97.1,1,early_warning
702,14,75.0,16.2,96.9,1,early_warning
702,15,74.5,16.2,97.0,1,early_warning
702,16,75.1,16.0,97.2,1,early_warning
702,17,75.5,16.2,97.2,1,early_warning
702,18,74.7,16.5,97.3,1,early_warning
702,19,75.1,16.8,97.1,1,early_warning
702,20,75.8,17.4,96.8,1,early_warning
702,21,74.9,17.7,96.5,1,early_warning
702,22,76.7,17.9,96.3,1,early_warning
702,23,77.4,18.5,96.3,1,early_warning
702,24,77.6,18.5,95.9,1,early_warning
703,1,76.5,15.9,98.0,1,early_warning
703,2,76.5,16.4,97.4,1,early_warning
703,3,81.9,18.5,95.9,1,early_warning
703,4,88.0,20.7,93.9,1,early_warning
703,5,91.8,22.2,93.0,1,early_warning
703,6,88.2,21.1,94.0,1,early_warning
703,7,81.7,18.6,95.9,1,early_warning
703,8,76.5,16.6,97.2,1,early_warning
703,9,75.0,15.8,97.9,1,early_warning
703,10,73.8,16.1,97.9,1,early_warning
703,11,72.7,15.6,97.7,1,early_warning
703,12,72.6,15.4,97.9,1,early_warning
703,13,72.9,15.2,98.0,1,early_warning
703,14,73.2,15.4,98.0,1,early_warning
703,15,73.3,15.2,97.9,1,early_warning
703,16,73.2,15.6,97.8,1,early_warning
703,17,73.8,16.0,97.6,1,early_warning
703,18,74.2,16.0,97.8,1,early_warning
703,19,75.3,16.6,97.6,1,early_warning
703,20,75.5,16.4,97.6,1,early_warning
703,21,76.1,17.0,97.3,1,early_warning
703,22,77.4,16.7,97.1,1,early_warning
703,23,77.4,16.9,97.2,1,early_warning
703,24,77.9,17.1,97.0,1,early_warning
704,1,82.0,17.3,96.7,1,early_warning
704,2,84.6,17.7,96.3,1,early_warning
704,3,88.2,19.0,95.1,1,early_warning
704,4,95.0,21.2,93.0,1,early_warning
704,5,99.9,22.3,92.1,1,early_warning
704,6,95.8,21.3,92.9,1,early_warning
704,7,89.4,18.8,94.8,1,early_warning
704,8,83.3,16.9,96.2,1,early_warning
704,9,81.6,16.9,96.7,1,early_warning
704,10,80.9,16.8,96.9,1,early_warning
704,11,80.6,17.2,97.1,1,early_warning
704,12,81.4,17.0,97.1,1,early_warning
704,13,81.7,16.8,97.0,1,early_warning
704,14,82.4,16.7,97.1,1,early_warning
704,15,83.4,16.7,96.8,1,early_warning
704,16,83.3,16.7,96.9,1,early_warning
704,17,83.7,17.1,97.1,1,early_warning
704,18,82.9,17.6,96.7,1,early_warning
704,19,84.5,17.6,96.8,1,early_warning
704,20,85.7,17.9,96.4,1,early_warning
704,21,86.4,18.0,96.3,1,early_warning
704,22,86.7,18.0,96.3,1,early_warning
704,23,87.3,18.7,95.9,1,early_warning
704,24,87.9,18.3,95.8,1,early_warning
705,1,78.8,14.0,98.9,1,early_warning
705,2,78.2,13.8,99.0,1,early_warning
705,3,77.6,13.5,98.9,1,early_warning
705,4,79.6,13.5,98.5,1,early_warning
705,5,82.0,14.1,98.0,1,early_warning
705,6,87.7,15.5,96.5,1,early_warning
705,7,95.9,17.9,94.6,1,early_warning
705,8,100.1,18.8,93.9,1,early_warning
705,9,96.4,17.9,94.7,1,early_warning
705,10,88.7,15.3,96.6,1,early_warning
705,11,83.4,14.0,98.0,1,early_warning
705,12,80.7,13.7,98.5,1,early_warning
705,13,79.7,13.6,98.5,1,early_warning
705,14,79.2,13.6,98.5,1,early_warning
705,15,79.5,13.4,98.5,1,early_warning
705,16,79.9,13.2,98.7,1,early_warning
705,17,81.0,12.9,98.6,1,early_warning
705,18,80.1,13.1,98.5,1,early_warning
705,19,81.6,13.7,98.2,1,early_warning
705,20,82.7,14.1,98.0,1,early_warning
705,21,82.9,14.1,97.8,1,early_warning
705,22,82.7,14.3,97.7,1,early_warning
705,23,84.8,14.9,97.6,1,early_warning
705,24,83.2,15.0,97.5,1,early_warning
706,1,74.2,14.4,98.2,1,early_warning
706,2,76.4,14.3,97.9,1,early_warning
706,3,79.4,15.2,97.0,1,early_warning
706,4,85.2,17.0,95.6,1,early_warning
706,5,93.6,19.5,93.7,1,early_warning
706,6,97.7,20.9,92.6,1,early_warning
706,7,94.3,19.9,93.6,1,early_warning
706,8,86.1,18.2,95.3,1,early_warning
706,9,80.2,16.6,96.7,1,early_warning
706,10,77.9,15.7,97.2,1,early_warning
706,11,78.9,15.5,97.4,1,early_warning
706,12,78.1,15.4,97.2,1,early_warning
706,13,77.3,15.5,97.4,1,early_warning
706,14,76.8,15.7,97.5,1,early_warning
706,15,77.1,15.4,97.4,1,early_warning
706,16,77.8,15.4,97.6,1,early_warning
706,17,77.3,15.5,97.4,1,early_warning
706,18,78.8,15.8,97.1,1,early_warning
706,19,78.5,15.8,96.8,1,early_warning
706,20,79.2,16.0,96.7,1,early_warning
706,21,79.6,16.3,96.9,1,early_warning
706,22,81.6,16.5,96.7,1,early_warning
706,23,81.5,16.9,96.6,1,early_warning
706,24,82.0,17.2,96.1,1,early_warning
707,1,84.3,19.0,95.4,1,early_warning
707,2,82.6,19.1,95.5,1,early_warning
707,3,83.2,19.0,95.5,1,early_warning
707,4,85.1,19.4,95.0,1,early_warning
707,5,89.3,21.1,94.0,1,early_warning
707,6,96.4,23.5,91.8,1,early_warning
707,7,101.0,24.4,90.9,1,early_warning
707,8,97.5,23.3,92.0,1,early_warning
707,9,89.7,20.9,94.1,1,early_warning
707,10,84.3,19.1,95.4,1,early_warning
707,11,83.3,18.3,95.9,1,early_warning
707,12,83.5,18.2,96.1,1,early_warning
707,13,82.5,17.8,96.5,1,early_warning
707,14,82.5,17.8,96.3,1,early_warning
707,15,82.6,18.4,96.1,1,early_warning
707,16,81.4,18.2,96.3,1,early_warning
707,17,82.4,18.7,96.1,1,early_warning
707,18,81.7,18.8,95.8,1,early_warning
707,19,82.1,19.3,95.5,1,early_warning
707,20,82.7,20.1,95.4,1,early_warning
707,21,83.7,19.8,95.1,1,early_warning
707,22,85.2,20.0,95.1,1,early_warning
707,23,86.1,20.3,94.8,1,early_warning
707,24,87.2,20.8,94.5,1,early_warning
708,1,73.9,16.3,97.9,1,gradual
708,2,76.6,16.1,97.7,1,gradual
708,3,76.7,16.5,97.5,1,gradual
708,4,76.7,16.7,97.3,1,gradual
708,5,77.0,16.8,97.1,1,gradual
708,6,77.2,17.2,96.8,1,gradual
708,7,76.6,17.3,96.7,1,gradual
708,8,76.7,17.6,96.4,1,gradual
708,9,77.9,17.5,96.1,1,gradual
708,10,78.9,17.5,96.1,1,gradual
708,11,79.1,17.9,95.7,1,gradual
708,12,79.8,18.1,95.6,1,gradual
708,13,80.9,18.2,95.3,1,gradual
708,14,81.5,18.2,95.3,1,gradual
708,15,82.9,18.7,95.0,1,gradual
708,16,83.5,19.0,94.7,1,gradual
708,17,82.9,19.1,94.4,1,gradual
708,18,84.3,19.4,94.2,1,gradual
708,19,85.6,19.3,94.0,1,gradual
708,20,85.6,19.4,93.7,1,gradual
708,21,86.0,20.3,93.6,1,gradual
708,22,87.3,20.6,93.5,1,gradual
708,23,88.3,21.2,93.2,1,gradual
708,24,87.4,21.7,92.9,1,gradual
709,1,77.5,15.0,96.8,1,gradual
709,2,78.7,15.1,96.4,1,gradual
709,3,78.8,15.3,96.1,1,gradual
709,4,78.3,15.3,95.8,1,gradual
709,5,78.6,16.0,95.8,1,gradual
709,6,80.6,16.3,95.9,1,gradual
709,7,81.6,16.1,95.4,1,gradual
709,8,82.7,16.0,95.3,1,gradual
709,9,83.8,16.7,94.8,1,gradual
709,10,84.4,16.8,94.7,1,gradual
709,11,84.2,17.5,94.7,1,gradual
709,12,85.1,17.4,94.4,1,gradual
709,13,86.7,18.2,94.2,1,gradual
709,14,88.1,18.4,94.0,1,gradual
709,15,89.8,18.3,93.8,1,gradual
709,16,88.9,18.8,93.4,1,gradual
709,17,88.8,19.1,93.0,1,gradual
709,18,90.6,19.4,93.0,1,gradual
709,19,92.4,19.5,92.6,1,gradual
709,20,93.6,19.7,92.4,1,gradual
709,21,94.1,20.2,92.2,1,gradual
709,22,93.5,20.6,91.9,1,gradual
709,23,94.3,20.5,91.7,1,gradual
709,24,95.0,20.9,91.7,1,gradual
710,1,78.6,17.4,98.3,1,early_warning
710,2,79.7,17.5,98.3,1,early_warning
710,3,81.0,17.4,98.1,1,early_warning
710,4,84.4,18.1,97.5,1,early_warning
710,5,89.6,19.4,96.2,1,early_warning
710,6,97.0,22.0,94.4,1,early_warning
710,7,100.6,22.9,93.5,1,early_warning
710,8,96.7,21.8,94.5,1,early_warning
710,9,89.9,19.6,96.5,1,early_warning
710,10,85.3,17.9,97.9,1,early_warning
710,11,83.9,17.6,98.4,1,early_warning
710,12,83.2,17.5,98.5,1,early_warning
710,13,81.4,17.4,98.6,1,early_warning
710,14,81.1,17.3,98.6,1,early_warning
710,15,80.7,17.3,98.6,1,early_warning
710,16,80.5,17.7,98.6,1,early_warning
710,17,82.3,17.9,98.4,1,early_warning
710,18,82.7,17.7,98.3,1,early_warning
710,19,84.2,17.9,98.0,1,early_warning
710,20,83.7,18.6,97.8,1,early_warning
710,21,85.5,18.4,97.7,1,early_warning
710,22,86.9,18.9,97.3,1,early_warning
710,23,87.9,19.0,97.1,1,early_warning
710,24,87.6,19.7,96.9,1,early_warning
711,1,78.4,18.9,97.2,1,gradual
711,2,78.8,19.3,97.1,1,gradual
711,3,80.1,19.4,96.8,1,gradual
711,4,81.3,19.4,96.8,1,gradual
711,5,83.4,19.9,96.4,1,gradual
711,6,85.4,19.7,96.0,1,gradual
711,7,85.7,19.6,95.8,1,gradual
711,8,86.7,19.9,95.9,1,gradual
711,9,86.8,20.3,95.7,1,gradual
711,10,87.4,20.5,95.5,1,gradual
711,11,89.6,20.5,95.2,1,gradual
711,12,91.2,20.9,95.0,1,gradual
711,13,91.9,21.1,94.9,1,gradual
711,14,93.4,21.5,94.9,1,gradual
711,15,93.1,22.1,94.4,1,gradual
711,16,93.3,22.5,93.7,1,gradual
711,17,94.9,22.3,93.6,1,gradual
711,18,94.3,22.4,93.2,1,gradual
711,19,94.6,22.9,93.1,1,gradual
711,20,94.3,23.0,93.3,1,gradual
711,21,94.7,22.4,93.1,1,gradual
711,22,95.7,22.8,92.7,1,gradual
711,23,96.3,23.5,92.6,1,gradual
711,24,98.8,23.9,92.3,1,gradual
712,1,76.0,16.4,96.4,1,gradual
712,2,77.2,16.5,96.0,1,gradual
712,3,77.6,17.0,95.8,1,gradual
712,4,78.3,17.4,95.6,1,gradual
712,5,79.0,17.3,95.6,1,gradual
712,6,80.8,17.6,95.3,1,gradual
712,7,81.5,18.0,94.9,1,gradual
712,8,82.5,18.1,94.9,1,gradual
712,9,83.5,18.4,94.4,1,gradual
712,10,84.1,18.8,94.2,1,gradual
712,11,84.5,19.1,94.0,1,gradual
712,12,84.5,19.5,93.4,1,gradual
712,13,86.0,19.9,93.2,1,gradual
712,14,86.3,20.5,92.9,1,gradual
712,15,88.4,20.7,92.8,1,gradual
712,16,86.4,20.9,92.8,1,gradual
712,17,87.0,21.5,92.4,1,gradual
712,18,90.5,21.6,92.3,1,gradual
712,19,93.0,21.6,91.9,1,gradual
712,20,92.1,21.5,91.6,1,gradual
712,21,92.8,22.2,91.5,1,gradual
712,22,94.2,22.3,91.4,1,gradual
712,23,94.9,22.4,91.2,1,gradual
712,24,94.4,22.4,91.0,1,gradual
713,1,81.1,19.1,97.1,1,early_warning
713,2,82.0,19.7,97.2,1,early_warning
713,3,81.9,19.4,97.2,1,early_warning
713,4,83.7,19.0,96.8,1,early_warning
713,5,86.9,19.6,96.3,1,early_warning
713,6,92.5,21.6,94.9,1,early_warning
713,7,101.3,23.8,92.9,1,early_warning
713,8,104.6,24.3,91.9,1,early_warning
713,9,100.5,23.1,92.6,1,early_warning
713,10,93.9,20.8,94.6,1,early_warning
713,11,88.3,19.0,96.2,1,early_warning
713,12,84.4,18.5,96.6,1,early_warning
713,13,83.2,18.5,96.8,1,early_warning
713,14,83.1,18.4,96.9,1,early_warning
713,15,83.4,18.3,96.9,1,early_warning
713,16,83.1,18.6,96.7,1,early_warning
713,17,82.8,19.0,96.5,1,early_warning
713,18,85.2,19.7,96.6,1,early_warning
713,19,86.6,20.0,96.3,1,early_warning
713,20,87.7,20.3,96.3,1,early_warning
713,21,87.4,20.5,96.2,1,early_warning
713,22,88.9,20.1,96.1,1,early_warning
713,23,88.6,20.2,95.7,1,early_warning
713,24,88.3,20.2,95.6,1,early_warning
714,1,83.7,17.5,97.7,1,early_warning
714,2,83.1,17.3,97.4,1,early_warning
714,3,84.3,17.8,97.0,1,early_warning
714,4,90.0,19.2,95.7,1,early_warning
714,5,97.5,21.5,93.7,1,early_warning
714,6,101.4,22.7,92.8,1,early_warning
714,7,97.9,21.3,93.8,1,early_warning
714,8,89.4,18.8,95.7,1,early_warning
714,9,84.8,17.5,97.3,1,early_warning
714,10,83.0,16.9,97.6,1,early_warning
714,11,83.6,16.9,97.8,1,early_warning
714,12,83.0,17.3,97.9,1,early_warning
714,13,83.3,17.5,97.8,1,early_warning
714,14,82.8,17.5,97.7,1,early_warning
714,15,81.4,17.4,97.6,1,early_warning
714,16,82.2,16.8,97.7,1,early_warning
714,17,82.5,17.4,97.5,1,early_warning
714,18,83.3,18.0,97.5,1,early_warning
714,19,84.4,17.6,97.4,1,early_warning
714,20,84.2,17.3,97.1,1,early_warning
714,21,84.4,17.6,97.0,1,early_warning
714,22,85.6,18.0,96.9,1,early_warning
714,23,87.7,18.8,96.7,1,early_warning
714,24,87.8,19.1,96.6,1,early_warning
715,1,80.3,14.0,97.2,1,early_warning
715,2,82.3,14.4,96.7,1,early_warning
715,3,89.2,16.1,95.5,1,early_warning
715,4,96.0,18.5,93.4,1,early_warning
715,5,99.9,19.7,92.4,1,early_warning
715,6,96.2,18.5,93.6,1,early_warning
715,7,88.8,16.0,95.7,1,early_warning
715,8,83.1,14.2,96.9,1,early_warning
715,9,80.5,13.4,97.5,1,early_warning
715,10,79.6,13.8,97.4,1,early_warning
715,11,78.9,13.6,97.5,1,early_warning
715,12,79.5,13.6,97.8,1,early_warning
715,13,80.4,13.4,97.6,1,early_warning
715,14,79.8,13.2,97.7,1,early_warning
715,15,80.4,13.3,97.7,1,early_warning
715,16,79.2,13.2,97.7,1,early_warning
715,17,80.9,13.2,97.4,1,early_warning
715,18,81.6,13.8,97.3,1,early_warning
715,19,82.8,13.9,97.5,1,early_warning
715,20,83.7,14.6,97.2,1,early_warning
715,21,82.9,15.3,96.9,1,early_warning
715,22,84.8,15.3,96.8,1,early_warning
715,23,84.3,15.9,96.6,1,early_warning
715,24,86.0,15.9,96.5,1,early_warning
716,1,86.0,15.9,96.0,1,gradual
716,2,86.4,16.0,96.1,1,gradual
716,3,86.9,16.9,95.8,1,gradual
716,4,89.2,16.9,95.6,1,gradual
716,5,91.2,17.1,95.6,1,gradual
716,6,92.2,17.7,95.5,1,gradual
716,7,92.6,17.9,95.1,1,gradual
716,8,92.2,17.9,95.0,1,gradual
716,9,92.8,18.5,94.6,1,gradual
716,10,93.8,19.1,94.4,1,gradual
716,11,94.9,19.3,94.3,1,gradual
716,12,96.8,19.7,94.1,1,gradual
716,13,95.8,19.9,94.0,1,gradual
716,14,96.8,19.8,93.6,1,gradual
716,15,97.3,19.8,93.3,1,gradual
716,16,97.8,20.2,93.0,1,gradual
716,17,98.9,20.7,92.7,1,gradual
716,18,99.4,20.9,92.6,1,gradual
716,19,99.7,21.2,92.3,1,gradual
716,20,99.9,21.7,92.1,1,gradual
716,21,102.5,21.8,91.8,1,gradual
716,22,102.0,21.9,91.6,1,gradual
716,23,101.7,21.7,91.6,1,gradual
716,24,101.8,21.8,91.5,1,gradual
717,1,70.1,14.0,96.9,1,gradual
717,2,72.8,14.2,96.7,1,gradual
717,3,76.6,14.6,96.4,1,gradual
717,4,76.2,14.8,96.2,1,gradual
717,5,78.1,14.9,96.1,1,gradual
717,6,79.8,15.4,95.9,1,gradual
717,7,79.1,15.6,95.8,1,gradual
717,8,80.1,15.6,95.6,1,gradual
717,9,81.7,16.0,95.5,1,gradual
717,10,83.1,16.1,95.3,1,gradual
717,11,82.6,16.2,95.2,1,gradual
717,12,84.0,16.4,95.0,1,gradual
717,13,84.5,16.5,94.6,1,gradual
717,14,84.3,16.7,94.4,1,gradual
717,15,85.6,16.9,94.1,1,gradual
717,16,86.4,17.4,94.0,1,gradual
717,17,86.8,17.8,93.7,1,gradual
717,18,87.7,18.2,93.6,1,gradual
717,19,89.1,18.0,93.3,1,gradual
717,20,89.3,18.4,93.1,1,gradual
717,21,90.4,19.1,93.0,1,gradual
717,22,90.0,19.3,92.8,1,gradual
717,23,89.9,19.7,92.3,1,gradual
717,24,89.7,19.7,92.0,1,gradual
718,1,74.6,17.6,97.2,1,gradual
718,2,74.2,17.8,97.0,1,gradual
718,3,75.3,17.8,96.9,1,gradual
718,4,77.3,17.7,96.8,1,gradual
718,5,78.7,18.0,96.5,1,gradual
718,6,78.4,18.5,96.3,1,gradual
718,7,80.0,19.1,96.0,1,gradual
718,8,80.1,19.5,96.0,1,gradual
718,9,80.6,19.8,95.9,1,gradual
718,10,79.9,19.5,95.6,1,gradual
718,11,80.5,19.5,95.2,1,gradual
718,12,83.0,19.9,94.9,1,gradual
718,13,82.4,20.3,94.5,1,gradual
718,14,83.4,21.0,94.4,1,gradual
718,15,83.4,21.2,94.3,1,gradual
718,16,84.0,21.3,94.1,1,gradual
718,17,84.9,21.3,93.8,1,gradual
718,18,84.8,21.4,93.7,1,gradual
718,19,85.6,21.8,93.6,1,gradual
718,20,86.1,22.3,93.3,1,gradual
718,21,87.6,22.7,93.1,1,gradual
718,22,88.8,22.7,93.0,1,gradual
718,23,89.0,22.5,92.7,1,gradual
718,24,90.1,23.3,92.4,1,gradual
719,1,70.4,16.2,96.3,1,gradual
719,2,71.4,16.6,96.1,1,gradual
719,3,73.0,16.1,96.1,1,gradual
719,4,73.1,15.9,95.9,1,gradual
719,5,75.0,15.9,95.7,1,gradual
719,6,76.1,16.2,95.6,1,gradual
719,7,76.3,16.6,95.5,1,gradual
719,8,77.8,16.6,95.3,1,gradual
719,9,78.7,17.5,95.0,1,gradual
719,10,79.1,17.5,95.0,1,gradual
719,11,80.0,18.1,94.8,1,gradual
719,12,80.4,18.2,94.5,1,gradual
719,13,82.3,18.2,94.5,1,gradual
719,14,82.4,18.9,94.1,1,gradual
719,15,84.1,19.0,93.8,1,gradual
719,16,84.9,19.0,93.3,1,gradual
719,17,82.6,19.3,93.3,1,gradual
719,18,84.1,19.6,93.0,1,gradual
719,19,85.0,19.7,92.9,1,gradual
719,20,86.4,20.0,92.5,1,gradual
719,21,85.4,20.5,92.2,1,gradual
719,22,86.9,20.6,92.1,1,gradual
719,23,88.2,20.9,92.0,1,gradual
719,24,88.3,21.2,91.6,1,gradual
720,1,86.6,15.7,96.8,1,gradual
720,2,87.1,16.1,96.8,1,gradual
720,3,87.9,16.3,96.8,1,gradual
720,4,88.3,16.8,96.6,1,gradual
720,5,88.0,17.0,96.4,1,gradual
720,6,89.0,17.2,96.1,1,gradual
720,7,89.1,17.4,95.9,1,gradual
720,8,89.7,17.6,95.7,1,gradual
720,9,90.7,18.0,95.3,1,gradual
720,10,92.6,17.9,95.1,1,gradual
720,11,92.1,18.2,94.9,1,gradual
720,12,92.6,18.3,94.9,1,gradual
720,13,92.4,18.7,94.6,1,gradual
720,14,93.1,18.9,94.2,1,gradual
720,15,96.0,19.2,94.1,1,gradual
720,16,95.6,19.4,93.7,1,gradual
720,17,97.1,19.9,93.5,1,gradual
720,18,97.4,20.2,93.2,1,gradual
720,19,99.2,20.6,93.2,1,gradual
720,20,101.0,20.4,93.0,1,gradual
720,21,101.8,20.6,92.9,1,gradual
720,22,101.1,20.8,92.5,1,gradual
720,23,102.2,21.4,92.3,1,gradual
720,24,101.9,21.7,92.1,1,gradual
721,1,81.9,15.1,96.2,1,gradual
721,2,80.8,15.1,96.2,1,gradual
721,3,80.3,15.5,96.0,1,gradual
721,4,82.5,16.3,95.9,1,gradual
721,5,83.8,16.1,95.7,1,gradual
721,6,83.6,16.0,95.6,1,gradual
721,7,83.4,16.8,95.4,1,gradual
721,8,84.4,17.0,95.0,1,gradual
721,9,85.2,17.4,94.8,1,gradual
721,10,85.4,17.4,94.6,1,gradual
721,11,86.2,17.9,94.4,1,gradual
721,12,88.0,18.0,94.3,1,gradual
721,13,86.9,18.7,94.0,1,gradual
721,14,88.9,19.1,93.7,1,gradual
721,15,88.1,19.2,93.5,1,gradual
721,16,88.7,19.5,93.3,1,gradual
721,17,90.8,19.4,93.3,1,gradual
721,18,92.1,19.3,92.9,1,gradual
721,19,92.3,19.9,92.7,1,gradual
721,20,92.5,20.0,92.5,1,gradual
721,21,92.5,20.3,92.1,1,gradual
721,22,94.4,20.7,91.7,1,gradual
721,23,95.1,20.6,91.5,1,gradual
721,24,96.8,21.0,91.5,1,gradual
722,1,71.6,16.0,97.6,1,early_warning
722,2,71.9,15.9,97.8,1,early_warning
722,3,72.6,16.0,97.8,1,early_warning
722,4,74.4,16.5,97.7,1,early_warning
722,5,78.7,17.0,97.1,1,early_warning
722,6,84.2,18.9,95.8,1,early_warning
722,7,93.3,21.3,93.9,1,early_warning
722,8,98.1,22.8,92.7,1,early_warning
722,9,91.8,21.2,93.8,1,early_warning
722,10,84.2,18.7,95.8,1,early_warning
722,11,78.5,17.4,97.1,1,early_warning
722,12,75.3,16.7,97.6,1,early_warning
722,13,75.5,17.0,97.8,1,early_warning
722,14,75.9,16.6,97.7,1,early_warning
722,15,76.9,16.3,97.8,1,early_warning
722,16,76.4,16.2,97.5,1,early_warning
722,17,76.4,16.8,97.4,1,early_warning
722,18,76.4,17.4,97.5,1,early_warning
722,19,77.3,17.6,97.2,1,early_warning
722,20,79.0,17.7,97.1,1,early_warning
722,21,79.6,18.1,96.9,1,early_warning
722,22,80.2,18.2,96.7,1,early_warning
722,23,81.2,18.3,96.4,1,early_warning
722,24,81.9,18.9,96.4,1,early_warning
723,1,78.2,17.6,97.5,1,early_warning
723,2,76.9,18.0,97.4,1,early_warning
723,3,77.4,17.9,97.1,1,early_warning
723,4,78.7,19.0,96.3,1,early_warning
723,5,84.6,20.5,95.0,1,early_warning
723,6,92.6,22.9,93.0,1,early_warning
723,7,97.3,24.1,92.0,1,early_warning
723,8,93.8,23.1,93.1,1,early_warning
723,9,85.4,20.8,95.0,1,early_warning
723,10,77.7,18.9,96.6,1,early_warning
723,11,76.4,18.6,97.0,1,early_warning
723,12,75.1,18.6,97.0,1,early_warning
723,13,76.2,18.3,97.1,1,early_warning
723,14,75.7,17.6,97.2,1,early_warning
723,15,76.5,17.8,97.1,1,early_warning
723,16,76.7,18.0,97.2,1,early_warning
723,17,76.6,17.9,96.9,1,early_warning
723,18,77.3,18.5,96.8,1,early_warning
723,19,77.8,18.5,96.8,1,early_warning
723,20,77.8,18.4,96.5,1,early_warning
723,21,79.1,18.5,96.3,1,early_warning
723,22,81.2,19.2,96.1,1,early_warning
723,23,81.8,19.8,96.1,1,early_warning
723,24,82.6,20.2,96.1,1,early_warning
724,1,61.2,16.9,96.5,1,gradual
724,2,63.5,17.2,96.3,1,gradual
724,3,64.8,17.1,96.2,1,gradual
724,4,66.8,17.7,95.8,1,gradual
724,5,67.7,18.0,95.7,1,gradual
724,6,67.3,18.0,95.6,1,gradual
724,7,69.4,18.4,95.5,1,gradual
724,8,70.3,18.3,95.3,1,gradual
724,9,70.9,18.6,95.1,1,gradual
724,10,71.7,19.1,94.7,1,gradual
724,11,72.6,19.5,94.3,1,gradual
724,12,72.6,19.8,94.1,1,gradual
724,13,73.0,20.1,93.8,1,gradual
724,14,73.2,20.5,93.4,1,gradual
724,15,74.2,20.6,93.3,1,gradual
724,16,76.4,19.9,92.8,1,gradual
724,17,77.5,20.7,92.8,1,gradual
724,18,78.2,21.0,92.5,1,gradual
724,19,79.2,21.1,92.4,1,gradual
724,20,80.6,21.5,92.4,1,gradual
724,21,81.2,21.9,91.9,1,gradual
724,22,81.4,22.2,91.7,1,gradual
724,23,82.0,22.4,91.3,1,gradual
724,24,82.1,22.8,91.3,1,gradual
725,1,78.5,16.6,97.2,1,gradual
725,2,79.5,16.7,97.2,1,gradual
725,3,79.9,17.4,96.8,1,gradual
725,4,81.4,17.8,96.5,1,gradual
725,5,81.1,17.8,96.4,1,gradual
725,6,81.7,18.3,96.0,1,gradual
725,7,82.2,18.7,95.8,1,gradual
725,8,83.6,19.1,95.6,1,gradual
725,9,84.3,19.5,95.3,1,gradual
725,10,85.2,19.2,95.1,1,gradual
725,11,86.7,19.0,94.8,1,gradual
725,12,88.0,19.2,94.7,1,gradual
725,13,89.6,19.7,94.5,1,gradual
725,14,87.8,20.4,94.4,1,gradual
725,15,87.4,20.6,93.9,1,gradual
725,16,87.5,20.6,93.8,1,gradual
725,17,88.4,19.9,93.8,1,gradual
725,18,90.2,20.3,93.6,1,gradual
725,19,91.4,20.9,93.0,1,gradual
725,20,93.8,21.4,92.9,1,gradual
725,21,93.4,21.4,92.5,1,gradual
725,22,93.5,21.6,92.3,1,gradual
725,23,94.9,22.0,92.1,1,gradual
725,24,95.4,22.3,92.0,1,gradual
726,1,84.7,15.9,97.6,1,gradual
726,2,85.2,16.0,97.4,1,gradual
726,3,85.2,16.2,97.4,1,gradual
726,4,86.4,16.5,97.2,1,gradual
726,5,86.6,17.2,96.9,1,gradual
726,6,89.0,17.9,96.7,1,gradual
726,7,89.7,17.8,96.7,1,gradual
726,8,89.9,17.7,96.4,1,gradual
726,9,90.2,18.0,96.2,1,gradual
726,10,89.8,18.1,96.0,1,gradual
726,11,90.1,18.1,95.6,1,gradual
726,12,91.2,19.1,95.5,1,gradual
726,13,92.1,19.1,95.5,1,gradual
726,14,94.6,19.1,95.1,1,gradual
726,15,94.5,19.6,94.9,1,gradual
726,16,95.5,19.8,94.6,1,gradual
726,17,95.3,19.7,94.4,1,gradual
726,18,96.7,20.3,94.0,1,gradual
726,19,98.4,20.8,93.9,1,gradual
726,20,99.2,21.1,93.7,1,gradual
726,21,100.0,21.7,93.4,1,gradual
726,22,101.1,21.6,93.0,1,gradual
726,23,100.8,21.7,92.9,1,gradual
726,24,100.9,22.0,93.0,1,gradual
727,1,85.1,17.9,96.2,1,early_warning
727,2,84.6,18.0,96.1,1,early_warning
727,3,85.7,18.1,96.2,1,early_warning
727,4,87.5,19.0,95.6,1,early_warning
727,5,94.1,20.5,94.3,1,early_warning
727,6,100.7,22.7,92.4,1,early_warning
727,7,104.0,24.1,91.3,1,early_warning
727,8,100.1,23.0,92.3,1,early_warning
727,9,92.6,20.7,94.3,1,early_warning
727,10,87.1,18.6,95.7,1,early_warning
727,11,84.4,18.1,96.2,1,early_warning
727,12,83.1,17.7,96.1,1,early_warning
727,13,83.3,17.4,96.2,1,early_warning
727,14,83.4,17.8,96.3,1,early_warning
727,15,81.7,17.4,96.4,1,early_warning
727,16,84.0,17.6,96.3,1,early_warning
727,17,84.7,17.4,96.1,1,early_warning
727,18,84.9,18.2,96.2,1,early_warning
727,19,85.2,18.9,96.2,1,early_warning
727,20,85.1,19.2,96.1,1,early_warning
727,21,86.5,19.3,96.0,1,early_warning
727,22,86.5,19.3,95.6,1,early_warning
727,23,87.6,19.6,95.2,1,early_warning
727,24,88.6,19.9,95.1,1,early_warning
728,1,83.6,12.8,99.3,1,gradual
728,2,83.9,13.2,99.2,1,gradual
728,3,85.3,13.6,99.0,1,gradual
728,4,86.3,14.2,98.8,1,gradual
728,5,85.2,14.4,98.4,1,gradual
728,6,85.9,14.9,98.4,1,gradual
728,7,86.2,15.3,98.2,1,gradual
728,8,86.4,15.5,98.0,1,gradual
728,9,87.7,15.7,97.4,1,gradual
728,10,89.8,15.7,97.2,1,gradual
728,11,88.5,15.7,97.1,1,gradual
728,12,89.4,15.8,97.0,1,gradual
728,13,89.4,16.5,96.6,1,gradual
728,14,89.7,17.0,96.4,1,gradual
728,15,90.5,17.4,96.0,1,gradual
728,16,93.1,17.2,96.0,1,gradual
728,17,94.8,17.7,95.6,1,gradual
728,18,94.2,17.8,95.7,1,gradual
728,19,93.9,18.3,95.6,1,gradual
728,20,94.4,18.9,95.5,1,gradual
728,21,96.0,18.5,95.2,1,gradual
728,22,96.8,19.2,94.9,1,gradual
728,23,97.7,19.3,94.6,1,gradual
728,24,98.4,19.5,94.3,1,gradual
729,1,78.9,17.1,98.1,1,early_warning
729,2,78.1,17.1,98.1,1,early_warning
729,3,78.7,16.9,97.9,1,early_warning
729,4,77.4,17.1,97.9,1,early_warning
729,5,80.4,17.7,97.3,1,early_warning
729,6,86.1,19.8,95.8,1,early_warning
729,7,94.9,22.5,93.9,1,early_warning
729,8,97.9,23.5,92.8,1,early_warning
729,9,94.4,22.7,93.9,1,early_warning
729,10,87.2,20.7,95.9,1,early_warning
729,11,81.4,19.2,97.1,1,early_warning
729,12,79.2,18.0,97.6,1,early_warning
729,13,78.5,18.0,97.8,1,early_warning
729,14,78.6,17.4,97.9,1,early_warning
729,15,79.9,17.4,97.8,1,early_warning
729,16,79.7,17.8,97.8,1,early_warning
729,17,81.0,17.9,97.7,1,early_warning
729,18,81.4,18.3,97.5,1,early_warning
729,19,81.0,18.3,97.6,1,early_warning
729,20,81.1,18.6,97.3,1,early_warning
729,21,81.9,18.9,97.0,1,early_warning
729,22,81.8,19.0,97.0,1,early_warning
729,23,80.7,18.9,96.7,1,early_warning
729,24,81.5,19.0,96.3,1,early_warning
730,1,79.3,18.2,97.6,1,early_warning
730,2,81.0,17.8,97.8,1,early_warning
730,3,83.1,18.4,97.4,1,early_warning
730,4,89.6,19.7,96.1,1,early_warning
730,5,97.1,22.3,93.9,1,early_warning
730,6,99.4,23.0,93.0,1,early_warning
730,7,95.8,21.4,94.0,1,early_warning
730,8,87.1,19.2,95.8,1,early_warning
730,9,82.2,17.5,97.3,1,early_warning
730,10,81.1,16.8,97.8,1,early_warning
730,11,81.0,17.0,97.8,1,early_warning
730,12,79.6,16.9,98.1,1,early_warning
730,13,81.1,17.2,98.2,1,early_warning
730,14,80.5,17.0,98.1,1,early_warning
730,15,79.4,16.8,97.8,1,early_warning
730,16,78.0,16.8,97.9,1,early_warning
730,17,81.0,17.2,97.8,1,early_warning
730,18,80.9,17.4,97.9,1,early_warning
730,19,81.9,17.6,97.5,1,early_warning
730,20,84.0,17.4,97.5,1,early_warning
730,21,82.8,17.9,97.4,1,early_warning
730,22,83.9,18.3,96.9,1,early_warning
730,23,84.6,18.7,97.0,1,early_warning
730,24,84.9,18.9,96.9,1,early_warning
731,1,78.2,17.3,97.1,1,early_warning
731,2,77.3,17.0,96.9,1,early_warning
731,3,79.7,17.3,96.4,1,early_warning
731,4,84.8,19.0,95.0,1,early_warning
731,5,92.6,21.4,93.0,1,early_warning
731,6,96.5,22.6,92.0,1,early_warning
731,7,91.8,21.9,93.2,1,early_warning
731,8,83.6,19.6,95.1,1,early_warning
731,9,79.3,17.8,96.6,1,early_warning
731,10,77.1,16.7,97.1,1,early_warning
731,11,75.1,16.6,97.2,1,early_warning
731,12,74.9,15.6,97.1,1,early_warning
731,13,75.1,16.1,97.2,1,early_warning
731,14,75.3,16.0,97.2,1,early_warning
731,15,74.6,15.9,97.2,1,early_warning
731,16,77.6,16.7,97.4,1,early_warning
731,17,78.2,17.2,97.3,1,early_warning
731,18,78.7,17.1,97.1,1,early_warning
731,19,77.3,17.1,97.0,1,early_warning
731,20,78.6,17.7,96.8,1,early_warning
731,21,78.9,17.6,96.5,1,early_warning
731,22,80.9,18.0,96.1,1,early_warning
731,23,81.0,18.0,95.9,1,early_warning
731,24,81.9,18.6,96.0,1,early_warning
732,1,83.2,16.8,97.4,1,early_warning
732,2,83.6,17.0,97.4,1,early_warning
732,3,86.2,17.9,97.0,1,early_warning
732,4,91.1,19.9,95.6,1,early_warning
732,5,98.4,21.9,93.5,1,early_warning
732,6,102.6,23.0,92.6,1,early_warning
732,7,98.5,21.7,93.6,1,early_warning
732,8,90.4,19.5,95.4,1,early_warning
732,9,84.5,18.4,96.8,1,early_warning
732,10,84.1,17.6,97.2,1,early_warning
732,11,84.2,17.0,97.4,1,early_warning
732,12,83.7,17.3,97.5,1,early_warning
732,13,83.9,17.3,97.4,1,early_warning
732,14,82.6,17.6,97.5,1,early_warning
732,15,82.0,17.3,97.5,1,early_warning
732,16,82.3,17.2,97.4,1,early_warning
732,17,82.9,17.2,97.2,1,early_warning
732,18,83.7,17.3,97.3,1,early_warning
732,19,84.5,17.9,97.0,1,early_warning
732,20,84.5,18.2,96.9,1,early_warning
732,21,84.9,18.4,96.6,1,early_warning
732,22,86.7,18.6,96.6,1,early_warning
732,23,87.8,18.5,96.3,1,early_warning
732,24,87.8,18.9,96.0,1,early_warning
733,1,91.5,17.7,96.1,1,gradual
733,2,91.7,16.9,96.3,1,gradual
733,3,92.8,16.9,96.0,1,gradual
733,4,92.1,16.7,95.7,1,gradual
733,5,92.3,17.0,95.7,1,gradual
733,6,91.8,17.2,95.5,1,gradual
733,7,91.9,17.5,95.1,1,gradual
733,8,93.2,17.6,95.0,1,gradual
733,9,92.5,18.2,94.7,1,gradual
733,10,93.8,18.5,94.5,1,gradual
733,11,94.8,18.5,94.5,1,gradual
733,12,96.3,19.0,94.5,1,gradual
733,13,96.9,19.5,94.2,1,gradual
733,14,97.0,19.9,93.9,1,gradual
733,15,98.1,19.9,93.6,1,gradual
733,16,99.5,19.9,93.5,1,gradual
733,17,97.9,20.0,93.4,1,gradual
733,18,98.3,20.4,93.0,1,gradual
733,19,100.1,20.6,92.8,1,gradual
733,20,100.8,20.8,92.4,1,gradual
733,21,101.5,21.4,92.2,1,gradual
733,22,103.3,21.0,92.2,1,gradual
733,23,103.2,21.7,91.8,1,gradual
733,24,103.5,22.0,91.6,1,gradual
734,1,84.5,16.3,97.6,1,gradual
734,2,83.7,15.9,97.5,1,gradual
734,3,84.7,16.0,97.2,1,gradual
734,4,85.7,16.0,97.1,1,gradual
734,5,85.4,16.4,96.8,1,gradual
734,6,87.0,16.8,96.9,1,gradual
734,7,87.7,16.7,96.7,1,gradual
734,8,88.8,16.9,96.4,1,gradual
734,9,88.9,17.3,96.2,1,gradual
734,10,90.4,17.4,96.0,1,gradual
734,11,90.3,17.6,95.7,1,gradual
734,12,91.0,17.8,95.4,1,gradual
734,13,91.4,18.0,95.2,1,gradual
734,14,92.9,18.2,95.4,1,gradual
734,15,93.1,18.7,94.9,1,gradual
734,16,94.2,18.6,94.7,1,gradual
734,17,94.6,18.9,94.5,1,gradual
734,18,94.5,19.3,94.4,1,gradual
734,19,95.8,19.6,94.3,1,gradual
734,20,94.7,19.7,94.2,1,gradual
734,21,98.1,19.7,93.9,1,gradual
734,22,99.1,20.6,93.7,1,gradual
734,23,98.6,20.2,93.4,1,gradual
734,24,99.4,20.5,92.8,1,gradual
735,1,71.7,16.5,97.7,1,gradual
735,2,74.1,16.3,97.3,1,gradual
735,3,76.1,16.3,97.0,1,gradual
735,4,77.1,16.5,96.7,1,gradual
735,5,79.1,17.2,96.3,1,gradual
735,6,80.6,17.6,96.1,1,gradual
735,7,80.4,17.8,95.8,1,gradual
735,8,79.1,18.2,95.6,1,gradual
735,9,80.5,18.4,95.6,1,gradual
735,10,81.7,18.8,95.3,1,gradual
735,11,82.8,18.8,95.2,1,gradual
735,12,82.1,18.8,95.3,1,gradual
735,13,83.4,18.8,95.1,1,gradual
735,14,83.7,19.8,94.5,1,gradual
735,15,84.1,19.7,94.2,1,gradual
735,16,84.7,19.7,94.1,1,gradual
735,17,86.1,20.0,93.9,1,gradual
735,18,87.2,20.3,93.5,1,gradual
735,19,87.9,20.9,93.3,1,gradual
735,20,91.2,21.2,93.3,1,gradual
735,21,89.9,21.3,93.1,1,gradual
735,22,91.2,21.5,92.7,1,gradual
735,23,90.1,21.7,92.5,1,gradual
735,24,90.1,21.5,92.3,1,gradual
736,1,88.2,20.0,97.7,1,early_warning
736,2,92.4,20.8,96.8,1,early_warning
736,3,99.0,21.9,95.5,1,early_warning
736,4,107.8,23.9,93.4,1,early_warning
736,5,111.4,24.9,92.4,1,early_warning
736,6,107.6,24.0,93.5,1,early_warning
736,7,100.4,21.6,95.7,1,early_warning
736,8,95.0,19.9,97.1,1,early_warning
736,9,90.9,19.4,97.7,1,early_warning
736,10,92.1,18.9,98.0,1,early_warning
736,11,92.0,18.7,97.8,1,early_warning
736,12,91.8,19.0,97.9,1,early_warning
736,13,91.2,19.3,97.7,1,early_warning
736,14,92.2,19.6,97.7,1,early_warning
736,15,91.4,19.4,97.9,1,early_warning
736,16,93.2,19.3,97.6,1,early_warning
736,17,93.3,19.3,97.5,1,early_warning
736,18,92.5,19.2,97.5,1,early_warning
736,19,92.5,19.8,97.2,1,early_warning
736,20,95.8,20.2,97.0,1,early_warning
736,21,96.7,19.8,97.3,1,early_warning
736,22,97.0,19.9,96.9,1,early_warning
736,23,97.7,20.6,96.6,1,early_warning
736,24,98.7,20.7,96.7,1,early_warning
737,1,79.0,13.9,98.8,1,gradual
737,2,78.2,14.9,98.4,1,gradual
737,3,79.2,15.3,98.0,1,gradual
737,4,78.7,15.4,97.6,1,gradual
737,5,80.9,16.0,97.7,1,gradual
737,6,81.7,16.0,97.5,1,gradual
737,7,81.8,16.5,97.4,1,gradual
737,8,81.6,16.8,97.1,1,gradual
737,9,83.6,17.5,96.9,1,gradual
737,10,84.8,17.4,96.6,1,gradual
737,11,85.4,17.8,96.3,1,gradual
737,12,85.5,18.0,96.0,1,gradual
737,13,85.9,18.3,95.8,1,gradual
737,14,86.5,18.3,95.7,1,gradual
737,15,86.8,18.5,95.4,1,gradual
737,16,86.5,19.2,95.2,1,gradual
737,17,86.0,19.6,94.9,1,gradual
737,18,87.8,19.8,94.7,1,gradual
737,19,89.1,20.0,94.5,1,gradual
737,20,90.4,20.6,94.2,1,gradual
737,21,90.4,20.5,93.8,1,gradual
737,22,91.3,20.8,93.6,1,gradual
737,23,93.1,20.9,93.4,1,gradual
737,24,92.8,21.3,93.1,1,gradual
738,1,77.6,17.4,97.7,1,gradual
738,2,76.1,17.6,97.5,1,gradual
738,3,76.6,18.1,97.4,1,gradual
738,4,76.9,18.2,97.1,1,gradual
738,5,77.3,18.3,97.0,1,gradual
738,6,78.9,18.2,96.8,1,gradual
738,7,78.1,18.6,96.4,1,gradual
738,8,78.7,19.1,96.0,1,gradual
738,9,79.8,19.5,95.9,1,gradual
738,10,79.9,19.1,95.6,1,gradual
738,11,81.2,19.3,95.3,1,gradual
738,12,82.3,19.7,95.2,1,gradual
738,13,83.5,19.8,94.8,1,gradual
738,14,82.5,20.0,94.8,1,gradual
738,15,82.2,20.0,94.7,1,gradual
738,16,82.4,19.7,94.4,1,gradual
738,17,83.4,20.2,94.4,1,gradual
738,18,84.8,20.6,94.1,1,gradual
738,19,85.7,20.9,94.0,1,gradual
738,20,87.2,21.2,93.8,1,gradual
738,21,88.3,21.3,93.7,1,gradual
738,22,89.3,21.7,93.4,1,gradual
738,23,89.9,22.1,93.0,1,gradual
738,24,91.4,22.6,92.6,1,gradual
739,1,80.8,14.9,97.4,1,gradual
739,2,80.3,15.4,97.5,1,gradual
739,3,80.8,16.0,97.0,1,gradual
739,4,82.3,16.1,96.6,1,gradual
739,5,81.4,16.2,96.4,1,gradual
739,6,82.6,16.4,96.3,1,gradual
739,7,83.3,16.9,96.2,1,gradual
739,8,84.4,17.2,96.0,1,gradual
739,9,84.3,17.0,95.7,1,gradual
739,10,85.0,17.3,95.5,1,gradual
739,11,85.9,17.0,95.2,1,gradual
739,12,86.8,17.5,95.3,1,gradual
739,13,87.6,17.3,94.8,1,gradual
739,14,88.2,17.7,94.9,1,gradual
739,15,89.5,18.0,94.7,1,gradual
739,16,88.6,18.1,94.5,1,gradual
739,17,87.7,18.6,93.9,1,gradual
739,18,89.4,18.9,93.6,1,gradual
739,19,90.3,19.4,93.5,1,gradual
739,20,91.0,19.5,93.3,1,gradual
739,21,94.2,19.6,93.4,1,gradual
739,22,94.7,19.9,93.0,1,gradual
739,23,95.4,20.1,92.8,1,gradual
739,24,95.1,20.5,92.6,1,gradual
740,1,72.9,16.6,98.1,1,early_warning
740,2,73.2,16.6,97.8,1,early_warning
740,3,74.0,16.4,97.6,1,early_warning
740,4,75.9,17.6,97.2,1,early_warning
740,5,81.3,19.1,95.7,1,early_warning
740,6,88.9,21.5,93.5,1,early_warning
740,7,94.4,22.2,92.3,1,early_warning
740,8,90.4,21.2,93.6,1,early_warning
740,9,82.8,18.8,95.6,1,early_warning
740,10,78.4,16.6,97.0,1,early_warning
740,11,75.2,16.1,97.5,1,early_warning
740,12,74.5,16.0,97.6,1,early_warning
740,13,74.4,16.2,97.5,1,early_warning
740,14,74.0,16.0,97.5,1,early_warning
740,15,73.1,15.9,97.4,1,early_warning
740,16,73.7,16.1,97.3,1,early_warning
740,17,73.6,16.6,97.2,1,early_warning
740,18,74.1,16.8,97.1,1,early_warning
740,19,75.4,17.1,97.0,1,early_warning
740,20,76.6,17.2,96.9,1,early_warning
740,21,77.0,17.9,96.9,1,early_warning
740,22,77.5,17.7,96.8,1,early_warning
740,23,80.1,17.9,96.6,1,early_warning
740,24,80.1,18.4,96.3,1,early_warning
741,1,87.8,18.2,97.6,1,early_warning
741,2,92.8,19.8,96.4,1,early_warning
741,3,99.2,22.1,94.5,1,early_warning
741,4,102.0,23.4,93.6,1,early_warning
741,5,98.4,22.3,94.3,1,early_warning
741,6,90.6,20.1,95.9,1,early_warning
741,7,85.8,19.0,97.4,1,early_warning
741,8,82.4,18.0,97.9,1,early_warning
741,9,81.5,17.8,98.1,1,early_warning
741,10,80.2,17.9,98.2,1,early_warning
741,11,80.9,17.9,98.1,1,early_warning
741,12,81.6,17.9,98.0,1,early_warning
741,13,81.4,17.6,97.9,1,early_warning
741,14,80.4,17.4,98.1,1,early_warning
741,15,81.3,17.7,98.3,1,early_warning
741,16,81.0,17.5,98.2,1,early_warning
741,17,83.0,17.7,97.8,1,early_warning
741,18,83.0,17.8,97.9,1,early_warning
741,19,84.4,18.4,97.5,1,early_warning
741,20,84.6,18.8,97.4,1,early_warning
741,21,86.1,19.0,97.2,1,early_warning
741,22,85.7,19.5,97.1,1,early_warning
741,23,85.5,19.5,97.0,1,early_warning
741,24,86.5,19.9,96.9,1,early_warning
742,1,72.3,18.6,96.7,1,early_warning
742,2,76.9,20.5,95.5,1,early_warning
742,3,84.3,23.2,93.5,1,early_warning
742,4,87.7,24.6,92.6,1,early_warning
742,5,85.5,23.4,93.6,1,early_warning
742,6,75.7,20.6,95.5,1,early_warning
742,7,71.5,18.5,96.9,1,early_warning
742,8,71.3,18.1,97.6,1,early_warning
742,9,70.1,18.3,98.0,1,early_warning
742,10,69.7,18.5,97.7,1,early_warning
742,11,68.3,18.6,97.9,1,early_warning
742,12,69.4,18.7,97.9,1,early_warning
742,13,68.1,18.6,97.9,1,early_warning
742,14,69.6,18.6,98.0,1,early_warning
742,15,69.2,18.1,98.1,1,early_warning
742,16,68.8,18.2,97.8,1,early_warning
742,17,69.9,19.1,97.6,1,early_warning
742,18,70.0,19.0,97.5,1,early_warning
742,19,70.8,19.2,97.1,1,early_warning
742,20,70.4,19.3,97.1,1,early_warning
742,21,72.2,19.4,97.1,1,early_warning
742,22,73.9,20.2,96.8,1,early_warning
742,23,73.1,20.6,96.5,1,early_warning
742,24,73.3,20.8,96.3,1,early_warning
743,1,80.5,14.1,95.6,1,early_warning
743,2,87.2,15.7,94.5,1,early_warning
743,3,95.4,17.7,92.4,1,early_warning
743,4,100.1,18.9,91.7,1,early_warning
743,5,96.1,17.7,92.6,1,early_warning
743,6,87.7,15.4,94.7,1,early_warning
743,7,81.4,13.7,96.0,1,early_warning
743,8,79.7,13.4,96.4,1,early_warning
743,9,78.7,12.8,96.6,1,early_warning
743,10,79.1,12.9,96.7,1,early_warning
743,11,78.4,12.8,96.6,1,early_warning
743,12,78.9,12.6,96.8,1,early_warning
743,13,79.5,12.7,96.9,1,early_warning
743,14,79.6,12.8,96.9,1,early_warning
743,15,78.5,12.9,96.8,1,early_warning
743,16,79.3,13.0,97.1,1,early_warning
743,17,79.5,12.9,96.7,1,early_warning
743,18,80.7,13.3,96.5,1,early_warning
743,19,81.9,13.5,96.6,1,early_warning
743,20,81.5,13.9,96.6,1,early_warning
743,21,83.2,14.4,96.4,1,early_warning
743,22,83.3,14.5,96.2,1,early_warning
743,23,83.1,14.5,96.0,1,early_warning
743,24,84.7,14.6,96.0,1,early_warning
744,1,76.5,15.6,96.9,1,early_warning
744,2,76.8,15.5,97.0,1,early_warning
744,3,77.9,15.9,96.7,1,early_warning
744,4,84.2,17.1,95.3,1,early_warning
744,5,93.0,19.2,93.5,1,early_warning
744,6,96.9,20.4,92.3,1,early_warning
744,7,92.8,19.0,93.2,1,early_warning
744,8,84.8,17.3,95.3,1,early_warning
744,9,80.0,15.2,96.5,1,early_warning
744,10,77.4,14.4,96.9,1,early_warning
744,11,76.3,14.3,97.2,1,early_warning
744,12,76.7,14.4,97.3,1,early_warning
744,13,78.6,14.3,97.2,1,early_warning
744,14,78.7,14.5,97.4,1,early_warning
744,15,77.6,13.9,97.4,1,early_warning
744,16,76.5,14.5,97.3,1,early_warning
744,17,77.7,14.8,97.0,1,early_warning
744,18,78.2,15.3,97.1,1,early_warning
744,19,79.8,15.5,96.7,1,early_warning
744,20,80.3,16.1,96.6,1,early_warning
744,21,80.6,16.1,96.7,1,early_warning
744,22,82.0,16.9,96.3,1,early_warning
744,23,83.9,17.1,96.3,1,early_warning
744,24,82.9,17.0,96.3,1,early_warning
745,1,82.2,15.8,96.9,1,early_warning
745,2,84.3,17.0,96.5,1,early_warning
745,3,88.9,18.7,95.2,1,early_warning
745,4,95.9,21.2,93.3,1,early_warning
745,5,100.9,22.4,92.1,1,early_warning
745,6,95.8,21.1,93.0,1,early_warning
745,7,87.2,18.4,95.0,1,early_warning
745,8,81.2,17.0,96.3,1,early_warning
745,9,80.3,16.5,96.7,1,early_warning
745,10,79.5,15.6,96.7,1,early_warning
745,11,80.7,16.1,96.8,1,early_warning
745,12,79.8,16.0,96.9,1,early_warning
745,13,79.3,16.3,97.0,1,early_warning
745,14,79.5,16.5,96.8,1,early_warning
745,15,80.3,16.6,96.7,1,early_warning
745,16,78.1,16.5,97.0,1,early_warning
745,17,79.9,16.6,96.8,1,early_warning
745,18,82.0,16.8,96.7,1,early_warning
745,19,82.8,17.1,96.7,1,early_warning
745,20,83.1,17.2,96.2,1,early_warning
745,21,83.0,18.1,96.1,1,early_warning
745,22,83.7,18.3,95.9,1,early_warning
745,23,85.2,18.2,95.7,1,early_warning
745,24,85.9,18.7,95.7,1,early_warning
746,1,73.0,16.8,97.0,1,early_warning
746,2,80.5,18.1,95.8,1,early_warning
746,3,89.4,19.7,94.1,1,early_warning
746,4,93.8,20.6,93.1,1,early_warning
746,5,90.6,19.2,94.0,1,early_warning
746,6,83.0,17.2,96.1,1,early_warning
746,7,77.9,15.6,97.3,1,early_warning
746,8,75.6,14.9,97.8,1,early_warning
746,9,75.3,14.8,98.0,1,early_warning
746,10,73.7,15.0,98.0,1,early_warning
746,11,74.3,15.1,97.7,1,early_warning
746,12,73.9,15.2,97.7,1,early_warning
746,13,72.8,15.6,97.8,1,early_warning
746,14,72.9,15.0,98.0,1,early_warning
746,15,73.1,15.4,98.1,1,early_warning
746,16,74.4,15.5,98.0,1,early_warning
746,17,76.0,15.4,97.8,1,early_warning
746,18,75.1,15.5,97.8,1,early_warning
746,19,75.0,15.9,97.6,1,early_warning
746,20,77.2,15.9,97.5,1,early_warning
746,21,77.6,16.1,97.6,1,early_warning
746,22,77.2,16.8,97.5,1,early_warning
746,23,78.0,17.1,97.2,1,early_warning
746,24,78.7,16.8,97.2,1,early_warning
747,1,82.2,15.7,97.5,1,early_warning
747,2,88.4,17.4,96.3,1,early_warning
747,3,96.0,19.7,94.2,1,early_warning
747,4,101.7,21.1,93.2,1,early_warning
747,5,98.3,19.7,94.5,1,early_warning
747,6,90.6,17.7,96.5,1,early_warning
747,7,84.6,15.9,97.7,1,early_warning
747,8,81.8,15.2,98.3,1,early_warning
747,9,82.1,15.4,98.6,1,early_warning
747,10,81.2,15.5,98.7,1,early_warning
747,11,80.7,15.3,98.7,1,early_warning
747,12,81.0,15.2,98.5,1,early_warning
747,13,81.9,15.4,98.5,1,early_warning
747,14,82.3,15.5,98.5,1,early_warning
747,15,82.0,15.2,98.5,1,early_warning
747,16,80.4,15.1,98.4,1,early_warning
747,17,80.7,15.8,98.4,1,early_warning
747,18,81.9,16.2,98.1,1,early_warning
747,19,82.4,16.3,98.0,1,early_warning
747,20,81.2,16.5,98.0,1,early_warning
747,21,82.7,15.9,97.6,1,early_warning
747,22,83.5,15.9,97.5,1,early_warning
747,23,84.9,16.4,97.1,1,early_warning
747,24,85.6,16.8,97.0,1,early_warning
748,1,71.3,16.8,99.7,1,early_warning
748,2,74.5,17.5,98.8,1,early_warning
748,3,82.2,18.8,97.4,1,early_warning
748,4,88.8,21.1,95.7,1,early_warning
748,5,93.5,22.3,94.4,1,early_warning
748,6,89.5,21.2,95.5,1,early_warning
748,7,82.1,19.1,97.3,1,early_warning
748,8,76.2,17.6,99.0,1,early_warning
748,9,73.4,17.1,99.5,1,early_warning
748,10,72.4,17.1,99.8,1,early_warning
748,11,72.8,16.7,99.9,1,early_warning
748,12,73.2,16.9,99.8,1,early_warning
748,13,73.4,16.8,99.8,1,early_warning
748,14,73.6,16.8,99.8,1,early_warning
748,15,74.0,16.9,99.9,1,early_warning
748,16,74.1,17.0,99.7,1,early_warning
748,17,75.1,17.0,99.6,1,early_warning
748,18,76.0,17.4,99.5,1,early_warning
748,19,75.2,17.7,99.4,1,early_warning
748,20,76.6,18.2,99.3,1,early_warning
748,21,77.9,18.7,99.1,1,early_warning
748,22,77.5,18.7,98.9,1,early_warning
748,23,78.5,18.6,98.7,1,early_warning
748,24,78.0,18.7,98.5,1,early_warning
749,1,78.8,19.2,96.9,1,gradual
749,2,78.8,19.6,96.8,1,gradual
749,3,79.7,19.7,96.8,1,gradual
749,4,79.3,19.6,96.6,1,gradual
749,5,80.3,19.3,96.4,1,gradual
749,6,80.5,19.9,96.2,1,gradual
749,7,81.3,20.3,96.0,1,gradual
749,8,82.3,20.6,95.9,1,gradual
749,9,83.1,21.1,95.5,1,gradual
749,10,83.7,21.2,95.2,1,gradual
749,11,86.0,21.2,95.2,1,gradual
749,12,85.4,21.3,94.9,1,gradual
749,13,85.9,21.0,94.7,1,gradual
749,14,85.9,21.1,94.4,1,gradual
749,15,86.6,21.4,94.1,1,gradual
749,16,86.1,21.7,93.9,1,gradual
749,17,87.2,22.5,93.6,1,gradual
749,18,88.5,23.0,93.3,1,gradual
749,19,89.0,23.3,93.0,1,gradual
749,20,89.9,23.2,92.8,1,gradual
749,21,91.6,23.8,92.8,1,gradual
749,22,93.0,24.0,92.8,1,gradual
749,23,94.3,24.6,92.4,1,gradual
749,24,93.6,24.9,92.2,1,gradual
750,1,79.1,15.1,96.4,1,early_warning
750,2,79.6,14.6,96.4,1,early_warning
750,3,78.9,14.5,96.3,1,early_warning
750,4,79.6,14.5,96.2,1,early_warning
750,5,82.8,14.9,95.9,1,early_warning
750,6,87.7,16.3,94.4,1,early_warning
750,7,95.5,18.7,92.4,1,early_warning
750,8,98.9,20.3,91.5,1,early_warning
750,9,95.1,19.0,92.5,1,early_warning
750,10,88.2,17.3,94.3,1,early_warning
750,11,83.1,15.6,95.8,1,early_warning
750,12,81.3,14.8,96.4,1,early_warning
750,13,80.7,14.1,96.6,1,early_warning
750,14,80.6,14.1,96.4,1,early_warning
750,15,80.0,14.3,96.5,1,early_warning
750,16,79.0,14.6,96.5,1,early_warning
750,17,78.7,14.9,96.4,1,early_warning
750,18,79.5,15.2,96.3,1,early_warning
750,19,80.6,15.7,96.0,1,early_warning
750,20,81.8,16.0,95.9,1,early_warning
750,21,82.3,16.4,95.6,1,early_warning
750,22,83.3,16.4,95.6,1,early_warning
750,23,83.2,16.8,95.3,1,early_warning
750,24,83.8,16.8,95.1,1,early_warning
751,1,72.5,14.5,97.7,1,early_warning
751,2,74.6,14.9,97.7,1,early_warning
751,3,76.4,15.0,97.5,1,early_warning
751,4,79.5,15.6,96.9,1,early_warning
751,5,84.2,18.0,95.5,1,early_warning
751,6,92.4,20.3,93.5,1,early_warning
751,7,98.6,21.3,92.4,1,early_warning
751,8,94.3,20.3,93.3,1,early_warning
751,9,85.8,17.5,95.2,1,early_warning
751,10,80.7,16.0,96.5,1,early_warning
751,11,76.5,16.0,97.0,1,early_warning
751,12,76.9,16.0,97.3,1,early_warning
751,13,77.0,16.1,97.2,1,early_warning
751,14,76.7,15.6,97.1,1,early_warning
751,15,76.9,15.6,97.4,1,early_warning
751,16,77.8,15.8,97.4,1,early_warning
751,17,79.0,16.2,97.4,1,early_warning
751,18,80.1,16.0,97.3,1,early_warning
751,19,80.0,16.3,97.0,1,early_warning
751,20,80.9,16.5,96.9,1,early_warning
751,21,81.0,16.3,96.6,1,early_warning
751,22,82.3,16.9,96.5,1,early_warning
751,23,82.8,17.1,96.5,1,early_warning
751,24,84.8,17.2,96.3,1,early_warning
752,1,81.9,17.0,97.9,1,early_warning
752,2,83.2,17.1,97.9,1,early_warning
752,3,84.2,17.6,97.3,1,early_warning
752,4,89.6,19.7,95.9,1,early_warning
752,5,96.1,22.0,93.8,1,early_warning
752,6,101.4,23.3,92.7,1,early_warning
752,7,97.2,22.4,93.7,1,early_warning
752,8,89.9,19.6,95.7,1,early_warning
752,9,84.0,18.2,97.1,1,early_warning
752,10,82.5,17.4,97.9,1,early_warning
752,11,82.6,17.3,98.0,1,early_warning
752,12,81.3,17.0,98.1,1,early_warning
752,13,82.2,16.9,98.1,1,early_warning
752,14,81.8,17.3,98.2,1,early_warning
752,15,82.6,17.1,98.0,1,early_warning
752,16,82.1,17.3,97.9,1,early_warning
752,17,82.4,17.6,97.6,1,early_warning
752,18,83.2,17.7,97.4,1,early_warning
752,19,84.8,18.0,97.4,1,early_warning
752,20,84.5,18.1,97.4,1,early_warning
752,21,85.3,18.6,97.4,1,early_warning
752,22,85.0,18.6,97.1,1,early_warning
752,23,85.1,19.2,96.8,1,early_warning
752,24,87.3,19.8,96.7,1,early_warning
753,1,71.1,17.4,99.6,1,gradual
753,2,71.5,17.9,99.0,1,gradual
753,3,72.7,18.7,98.7,1,gradual
753,4,73.4,18.7,98.6,1,gradual
753,5,73.5,18.8,98.4,1,gradual
753,6,74.5,19.4,98.1,1,gradual
753,7,74.1,19.7,97.9,1,gradual
753,8,74.1,19.8,97.9,1,gradual
753,9,74.9,19.8,97.7,1,gradual
753,10,75.6,20.6,97.3,1,gradual
753,11,75.8,21.3,96.9,1,gradual
753,12,76.7,21.3,96.7,1,gradual
753,13,78.5,21.4,96.5,1,gradual
753,14,79.3,22.0,95.9,1,gradual
753,15,80.4,22.0,95.9,1,gradual
753,16,79.9,22.3,95.6,1,gradual
753,17,81.1,22.6,95.6,1,gradual
753,18,80.9,22.4,95.3,1,gradual
753,19,81.4,23.2,95.1,1,gradual
753,20,82.9,23.2,95.0,1,gradual
753,21,83.8,23.6,94.7,1,gradual
753,22,83.6,24.0,94.3,1,gradual
753,23,83.9,24.4,94.2,1,gradual
753,24,85.7,24.3,93.9,1,gradual
754,1,71.4,18.5,97.9,1,early_warning
754,2,73.9,18.5,97.6,1,early_warning
754,3,79.5,19.6,96.0,1,early_warning
754,4,85.8,21.6,93.9,1,early_warning
754,5,89.6,22.9,93.0,1,early_warning
754,6,85.5,21.7,93.8,1,early_warning
754,7,77.5,19.1,95.9,1,early_warning
754,8,71.1,17.6,97.3,1,early_warning
754,9,68.2,16.9,97.7,1,early_warning
754,10,67.8,16.7,97.9,1,early_warning
754,11,68.1,17.0,98.0,1,early_warning
754,12,68.8,17.1,98.0,1,early_warning
754,13,68.8,16.8,98.1,1,early_warning
754,14,68.5,16.8,98.0,1,early_warning
754,15,68.7,17.3,97.9,1,early_warning
754,16,68.9,16.7,97.9,1,early_warning
754,17,69.1,17.0,97.6,1,early_warning
754,18,70.5,17.4,97.6,1,early_warning
754,19,72.1,17.8,97.6,1,early_warning
754,20,72.6,17.7,97.6,1,early_warning
754,21,73.6,18.1,97.5,1,early_warning
754,22,72.3,18.3,97.1,1,early_warning
754,23,72.6,18.5,97.0,1,early_warning
754,24,73.3,18.8,96.9,1,early_warning
755,1,88.2,17.2,96.9,1,gradual
755,2,88.4,17.2,96.6,1,gradual
755,3,88.5,17.5,96.3,1,gradual
755,4,88.7,17.2,96.0,1,gradual
755,5,88.7,17.8,95.6,1,gradual
755,6,89.1,17.5,95.4,1,gradual
755,7,89.9,18.1,95.3,1,gradual
755,8,89.6,18.6,95.1,1,gradual
755,9,91.0,18.8,94.9,1,gradual
755,10,91.8,19.1,94.7,1,gradual
755,11,93.4,19.5,94.4,1,gradual
755,12,93.4,19.7,94.2,1,gradual
755,13,93.2,19.9,93.9,1,gradual
755,14,94.8,19.9,93.8,1,gradual
755,15,95.5,20.2,93.5,1,gradual
755,16,97.7,21.0,93.2,1,gradual
755,17,98.7,21.0,92.9,1,gradual
755,18,97.6,21.1,92.8,1,gradual
755,19,98.5,21.6,92.6,1,gradual
755,20,99.8,21.3,92.5,1,gradual
755,21,97.7,21.4,92.2,1,gradual
755,22,99.3,22.0,91.8,1,gradual
755,23,99.2,22.0,91.4,1,gradual
755,24,100.2,22.3,91.3,1,gradual
756,1,79.8,17.1,96.7,1,early_warning
756,2,80.6,16.7,96.4,1,early_warning
756,3,80.4,17.0,96.3,1,early_warning
756,4,81.8,17.6,95.7,1,early_warning
756,5,87.0,19.1,94.4,1,early_warning
756,6,93.7,21.3,92.5,1,early_warning
756,7,98.2,22.5,91.5,1,early_warning
756,8,94.4,21.6,92.6,1,early_warning
756,9,86.4,19.2,94.3,1,early_warning
756,10,80.2,17.4,95.6,1,early_warning
756,11,78.2,16.9,96.2,1,early_warning
756,12,77.2,16.9,96.3,1,early_warning
756,13,78.2,17.0,96.2,1,early_warning
756,14,78.8,16.5,96.1,1,early_warning
756,15,78.2,16.7,96.1,1,early_warning
756,16,78.0,16.6,96.4,1,early_warning
756,17,80.1,17.0,96.4,1,early_warning
756,18,80.4,17.1,96.3,1,early_warning
756,19,80.8,17.6,96.1,1,early_warning
756,20,80.7,17.5,95.7,1,early_warning
756,21,82.4,17.7,95.6,1,early_warning
756,22,83.0,18.2,95.4,1,early_warning
756,23,83.8,18.4,95.2,1,early_warning
756,24,86.3,18.5,95.1,1,early_warning
757,1,74.1,16.6,98.7,1,gradual
757,2,75.3,16.5,98.4,1,gradual
757,3,77.0,17.0,98.3,1,gradual
757,4,78.0,17.4,98.0,1,gradual
757,5,78.2,17.7,98.0,1,gradual
757,6,78.6,17.9,97.6,1,gradual
757,7,79.4,18.2,97.3,1,gradual
757,8,81.0,18.3,97.2,1,gradual
757,9,81.0,18.9,96.9,1,gradual
757,10,81.5,19.0,96.6,1,gradual
757,11,82.2,19.4,96.4,1,gradual
757,12,83.0,19.6,96.2,1,gradual
757,13,84.7,19.5,95.9,1,gradual
757,14,86.0,19.6,95.7,1,gradual
757,15,86.5,19.7,95.5,1,gradual
757,16,86.0,20.1,95.4,1,gradual
757,17,86.8,20.6,95.2,1,gradual
757,18,89.0,20.9,95.1,1,gradual
757,19,90.0,21.5,94.6,1,gradual
757,20,89.8,21.7,94.3,1,gradual
757,21,91.1,21.8,93.9,1,gradual
757,22,92.6,21.9,93.8,1,gradual
757,23,92.0,22.7,93.7,1,gradual
757,24,93.8,22.9,93.7,1,gradual
758,1,90.1,16.8,97.6,1,early_warning
758,2,89.4,16.5,97.4,1,early_warning
758,3,90.7,17.0,96.8,1,early_warning
758,4,95.6,18.8,95.5,1,early_warning
758,5,101.1,20.7,93.6,1,early_warning
758,6,106.8,22.3,92.7,1,early_warning
758,7,102.6,21.4,93.6,1,early_warning
758,8,96.1,18.8,95.4,1,early_warning
758,9,92.0,16.8,96.9,1,early_warning
758,10,87.9,16.6,97.6,1,early_warning
758,11,87.1,16.0,97.7,1,early_warning
758,12,87.4,16.4,97.5,1,early_warning
758,13,87.7,16.3,97.5,1,early_warning
758,14,88.2,17.0,97.4,1,early_warning
758,15,87.9,16.4,97.3,1,early_warning
758,16,88.8,16.5,97.5,1,early_warning
758,17,88.8,17.1,97.1,1,early_warning
758,18,89.0,17.5,96.9,1,early_warning
758,19,89.5,17.8,96.9,1,early_warning
758,20,90.2,17.9,96.9,1,early_warning
758,21,92.0,18.4,96.9,1,early_warning
758,22,92.2,18.7,96.7,1,early_warning
758,23,93.2,18.8,96.6,1,early_warning
758,24,94.2,19.6,96.2,1,early_warning
759,1,73.7,13.1,97.4,1,gradual
759,2,74.6,13.4,97.3,1,gradual
759,3,77.0,14.2,97.2,1,gradual
759,4,78.7,14.3,97.2,1,gradual
759,5,77.9,14.5,96.9,1,gradual
759,6,80.5,14.5,96.5,1,gradual
759,7,80.8,15.1,96.5,1,gradual
759,8,80.1,15.4,96.4,1,gradual
759,9,82.0,15.4,96.2,1,gradual
759,10,83.1,16.1,95.8,1,gradual
759,11,82.5,16.0,95.7,1,gradual
759,12,82.7,16.3,95.4,1,gradual
759,13,84.1,16.9,95.2,1,gradual
759,14,84.7,17.0,95.1,1,gradual
759,15,85.7,17.1,95.0,1,gradual
759,16,85.7,17.5,94.7,1,gradual
759,17,88.7,17.2,94.5,1,gradual
759,18,88.7,17.2,94.0,1,gradual
759,19,88.7,17.6,93.7,1,gradual
759,20,88.0,18.5,93.8,1,gradual
759,21,90.2,18.5,93.6,1,gradual
759,22,91.4,18.6,93.3,1,gradual
759,23,91.6,18.7,92.9,1,gradual
759,24,90.4,19.5,92.9,1,gradual
760,1,73.3,16.8,96.9,1,gradual
760,2,73.8,16.4,96.5,1,gradual
760,3,76.6,16.7,96.1,1,gradual
760,4,75.9,16.2,95.9,1,gradual
760,5,76.6,16.1,95.6,1,gradual
760,6,77.5,16.5,95.7,1,gradual
760,7,77.3,16.7,95.6,1,gradual
760,8,77.9,17.1,95.3,1,gradual
760,9,77.4,17.5,94.8,1,gradual
760,10,78.5,17.5,94.4,1,gradual
760,11,77.9,18.1,94.0,1,gradual
760,12,78.1,18.6,93.9,1,gradual
760,13,79.9,18.8,93.8,1,gradual
760,14,82.1,19.0,93.4,1,gradual
760,15,82.5,19.1,93.2,1,gradual
760,16,82.4,19.3,93.1,1,gradual
760,17,83.1,19.5,93.0,1,gradual
760,18,84.8,19.7,92.7,1,gradual
760,19,84.7,19.8,92.5,1,gradual
760,20,85.9,20.1,92.3,1,gradual
760,21,86.4,20.2,92.2,1,gradual
760,22,88.2,20.3,92.0,1,gradual
760,23,89.5,20.9,91.7,1,gradual
760,24,90.0,21.1,91.6,1,gradual
761,1,83.1,16.4,96.6,1,early_warning
761,2,88.6,17.8,95.3,1,early_warning
761,3,96.0,20.2,93.3,1,early_warning
761,4,101.4,21.6,92.3,1,early_warning
761,5,96.6,20.3,93.2,1,early_warning
761,6,87.7,17.6,95.2,1,early_warning
761,7,82.2,15.8,96.5,1,early_warning
761,8,81.6,15.6,97.0,1,early_warning
761,9,80.2,15.1,97.3,1,early_warning
761,10,80.9,15.1,97.2,1,early_warning
761,11,80.4,14.7,97.1,1,early_warning
761,12,82.4,14.6,97.1,1,early_warning
761,13,81.5,14.9,97.2,1,early_warning
761,14,81.8,14.9,97.4,1,early_warning
761,15,81.6,15.4,97.4,1,early_warning
761,16,82.8,15.0,97.3,1,early_warning
761,17,83.1,15.4,97.1,1,early_warning
761,18,83.1,15.7,96.9,1,early_warning
761,19,82.8,15.7,97.0,1,early_warning
761,20,84.9,16.2,96.8,1,early_warning
761,21,84.8,16.5,96.8,1,early_warning
761,22,85.3,16.6,96.5,1,early_warning
761,23,87.1,16.1,96.3,1,early_warning
761,24,87.2,16.7,96.2,1,early_warning
762,1,77.3,17.8,97.9,1,early_warning
762,2,82.4,19.1,96.3,1,early_warning
762,3,90.0,21.1,94.4,1,early_warning
762,4,94.4,22.3,93.4,1,early_warning
762,5,89.9,21.4,94.4,1,early_warning
762,6,81.0,18.9,96.2,1,early_warning
762,7,76.3,17.2,97.5,1,early_warning
762,8,74.9,16.5,98.1,1,early_warning
762,9,73.7,16.4,98.3,1,early_warning
762,10,74.4,16.0,98.2,1,early_warning
762,11,74.7,16.2,98.2,1,early_warning
762,12,76.4,16.4,98.4,1,early_warning
762,13,76.7,16.5,98.3,1,early_warning
762,14,77.1,16.3,98.2,1,early_warning
762,15,77.2,16.5,98.0,1,early_warning
762,16,77.4,16.8,97.8,1,early_warning
762,17,77.4,16.9,97.8,1,early_warning
762,18,76.6,16.9,97.5,1,early_warning
762,19,77.3,17.4,97.7,1,early_warning
762,20,76.3,17.9,97.6,1,early_warning
762,21,76.1,17.9,97.7,1,early_warning
762,22,76.9,17.9,97.5,1,early_warning
762,23,78.5,18.6,97.4,1,early_warning
762,24,79.8,18.5,97.1,1,early_warning
763,1,81.7,14.4,98.2,1,early_warning
763,2,80.8,15.0,98.2,1,early_warning
763,3,82.3,16.0,97.6,1,early_warning
763,4,87.0,17.5,96.3,1,early_warning
763,5,95.2,20.5,94.2,1,early_warning
763,6,99.5,21.4,93.3,1,early_warning
763,7,96.4,20.4,94.3,1,early_warning
763,8,87.8,18.0,96.3,1,early_warning
763,9,82.4,15.8,97.6,1,early_warning
763,10,80.4,15.6,97.9,1,early_warning
763,11,80.6,15.6,97.9,1,early_warning
763,12,81.5,15.3,98.0,1,early_warning
763,13,81.1,15.0,98.1,1,early_warning
763,14,79.4,15.6,98.0,1,early_warning
763,15,81.3,15.6,98.0,1,early_warning
763,16,81.8,15.8,98.0,1,early_warning
763,17,84.0,16.3,97.9,1,early_warning
763,18,82.5,16.5,97.8,1,early_warning
763,19,84.3,16.7,97.4,1,early_warning
763,20,83.6,16.9,97.4,1,early_warning
763,21,82.6,17.2,97.5,1,early_warning
763,22,83.7,17.4,97.1,1,early_warning
763,23,84.9,17.3,97.2,1,early_warning
763,24,84.4,17.2,97.0,1,early_warning
764,1,78.7,17.2,98.6,1,early_warning
764,2,80.4,18.0,98.1,1,early_warning
764,3,85.1,19.9,96.7,1,early_warning
764,4,93.4,22.5,94.9,1,early_warning
764,5,96.9,23.8,93.7,1,early_warning
764,6,93.0,22.7,94.8,1,early_warning
764,7,86.1,20.2,96.6,1,early_warning
764,8,79.8,18.5,97.9,1,early_warning
764,9,77.6,18.0,98.5,1,early_warning
764,10,76.7,17.7,98.8,1,early_warning
764,11,77.4,17.5,98.7,1,early_warning
764,12,78.0,17.6,98.8,1,early_warning
764,13,76.2,17.4,98.8,1,early_warning
764,14,76.1,17.4,98.7,1,early_warning
764,15,77.7,17.2,98.6,1,early_warning
764,16,77.4,17.7,98.7,1,early_warning
764,17,78.0,17.7,98.5,1,early_warning
764,18,78.7,17.9,98.3,1,early_warning
764,19,79.6,18.4,98.2,1,early_warning
764,20,79.8,18.5,98.2,1,early_warning
764,21,79.2,19.1,97.9,1,early_warning
764,22,80.0,19.3,97.8,1,early_warning
764,23,81.9,20.1,97.7,1,early_warning
764,24,83.4,20.2,97.4,1,early_warning
765,1,81.5,16.8,98.1,1,early_warning
765,2,82.4,17.4,97.5,1,early_warning
765,3,88.6,18.9,96.0,1,early_warning
765,4,96.6,21.6,94.2,1,early_warning
765,5,99.9,22.9,93.2,1,early_warning
765,6,95.9,22.0,94.1,1,early_warning
765,7,87.8,19.6,96.2,1,early_warning
765,8,82.3,17.8,97.5,1,early_warning
765,9,80.2,17.1,98.2,1,early_warning
765,10,80.6,17.0,98.6,1,early_warning
765,11,79.0,16.8,98.7,1,early_warning
765,12,79.0,16.7,98.5,1,early_warning
765,13,79.3,16.8,98.2,1,early_warning
765,14,78.9,17.3,98.2,1,early_warning
765,15,78.6,17.1,98.3,1,early_warning
765,16,79.7,17.5,98.3,1,early_warning
765,17,79.3,17.9,98.1,1,early_warning
765,18,81.6,17.8,98.2,1,early_warning
765,19,82.2,18.2,97.8,1,early_warning
765,20,83.2,18.0,97.6,1,early_warning
765,21,82.3,18.2,97.6,1,early_warning
765,22,83.8,18.5,97.4,1,early_warning
765,23,83.3,18.7,97.3,1,early_warning
765,24,84.6,19.6,97.2,1,early_warning
766,1,75.6,19.4,96.2,1,gradual
766,2,75.8,19.5,96.3,1,gradual
766,3,76.7,19.2,96.1,1,gradual
766,4,76.3,19.2,96.1,1,gradual
766,5,76.5,19.7,96.0,1,gradual
766,6,77.0,19.7,95.8,1,gradual
766,7,79.1,19.8,95.3,1,gradual
766,8,78.8,20.0,95.4,1,gradual
766,9,79.3,20.9,95.0,1,gradual
766,10,79.1,21.1,94.8,1,gradual
766,11,81.1,21.2,94.5,1,gradual
766,12,82.5,21.3,94.1,1,gradual
766,13,82.7,21.5,93.9,1,gradual
766,14,83.5,21.6,93.8,1,gradual
766,15,83.3,22.0,93.6,1,gradual
766,16,83.8,22.3,93.3,1,gradual
766,17,85.0,22.5,93.1,1,gradual
766,18,86.0,22.6,92.9,1,gradual
766,19,85.8,23.3,92.8,1,gradual
766,20,87.3,23.6,92.5,1,gradual
766,21,88.5,24.3,92.4,1,gradual
766,22,89.3,24.5,92.2,1,gradual
766,23,90.2,24.7,92.2,1,gradual
766,24,91.6,24.5,91.9,1,gradual
767,1,77.6,14.4,97.3,1,gradual
767,2,79.9,15.2,97.2,1,gradual
767,3,81.4,15.3,97.0,1,gradual
767,4,83.3,15.5,96.7,1,gradual
767,5,84.0,15.5,96.6,1,gradual
767,6,83.2,15.6,96.5,1,gradual
767,7,84.3,16.0,96.0,1,gradual
767,8,83.7,16.4,95.7,1,gradual
767,9,84.4,16.8,95.7,1,gradual
767,10,84.7,17.2,95.3,1,gradual
767,11,85.4,17.6,95.1,1,gradual
767,12,87.9,18.2,94.9,1,gradual
767,13,88.5,18.3,94.6,1,gradual
767,14,89.3,18.5,94.3,1,gradual
767,15,90.3,18.5,94.3,1,gradual
767,16,89.2,18.6,94.0,1,gradual
767,17,90.6,19.2,93.7,1,gradual
767,18,92.6,19.5,93.5,1,gradual
767,19,93.9,19.6,93.3,1,gradual
767,20,94.6,19.7,93.1,1,gradual
767,21,94.1,19.7,93.0,1,gradual
767,22,94.6,19.7,92.8,1,gradual
767,23,95.1,20.1,92.6,1,gradual
767,24,96.6,20.9,92.3,1,gradual
768,1,70.8,14.4,98.3,1,gradual
768,2,72.3,14.7,98.2,1,gradual
768,3,74.0,15.1,98.1,1,gradual
768,4,74.0,15.1,98.0,1,gradual
768,5,75.1,15.4,97.8,1,gradual
768,6,75.8,15.9,97.5,1,gradual
768,7,77.5,16.6,97.3,1,gradual
768,8,76.3,16.7,96.9,1,gradual
768,9,76.3,17.4,96.9,1,gradual
768,10,77.8,17.2,96.5,1,gradual
768,11,79.1,17.1,96.4,1,gradual
768,12,80.3,17.1,96.0,1,gradual
768,13,81.0,17.7,95.8,1,gradual
768,14,80.3,17.8,95.8,1,gradual
768,15,82.7,18.3,95.4,1,gradual
768,16,83.3,18.7,95.2,1,gradual
768,17,83.5,19.1,95.1,1,gradual
768,18,84.8,19.1,95.0,1,gradual
768,19,85.5,19.5,94.7,1,gradual
768,20,85.4,19.4,94.5,1,gradual
768,21,85.7,19.6,94.2,1,gradual
768,22,86.5,20.4,94.1,1,gradual
768,23,87.6,21.1,94.1,1,gradual
768,24,87.2,21.1,93.7,1,gradual
769,1,81.2,17.7,98.9,1,early_warning
769,2,81.7,17.9,98.4,1,early_warning
769,3,83.3,17.9,97.9,1,early_warning
769,4,87.5,19.2,96.5,1,early_warning
769,5,94.1,21.5,94.5,1,early_warning
769,6,99.0,22.8,93.6,1,early_warning
769,7,95.8,21.7,94.7,1,early_warning
769,8,86.7,19.5,96.6,1,early_warning
769,9,81.6,17.8,97.9,1,early_warning
769,10,79.5,16.6,98.4,1,early_warning
769,11,78.3,16.6,98.6,1,early_warning
769,12,78.3,16.7,98.5,1,early_warning
769,13,78.3,16.9,98.5,1,early_warning
769,14,78.7,16.8,98.5,1,early_warning
769,15,79.0,16.8,98.5,1,early_warning
769,16,77.8,16.8,98.3,1,early_warning
769,17,77.8,16.9,98.1,1,early_warning
769,18,79.0,16.8,98.3,1,early_warning
769,19,78.5,17.6,98.0,1,early_warning
769,20,79.0,17.8,97.9,1,early_warning
769,21,80.5,18.4,97.8,1,early_warning
769,22,81.9,18.3,97.7,1,early_warning
769,23,83.4,18.7,97.4,1,early_warning
769,24,84.8,18.8,97.3,1,early_warning
770,1,78.7,13.4,97.7,1,gradual
770,2,81.2,13.8,97.7,1,gradual
770,3,82.8,13.8,97.6,1,gradual
770,4,84.4,13.6,97.2,1,gradual
770,5,86.0,13.8,96.9,1,gradual
770,6,87.4,14.2,96.6,1,gradual
770,7,87.7,14.4,96.5,1,gradual
770,8,88.3,14.6,96.4,1,gradual
770,9,88.3,15.2,96.3,1,gradual
770,10,88.4,15.4,96.0,1,gradual
770,11,89.4,15.7,95.7,1,gradual
770,12,90.0,15.7,95.5,1,gradual
770,13,91.0,15.8,95.3,1,gradual
770,14,91.8,16.3,95.1,1,gradual
770,15,91.6,16.9,94.7,1,gradual
770,16,92.2,16.7,94.3,1,gradual
770,17,92.7,16.7,94.3,1,gradual
770,18,95.5,16.7,94.1,1,gradual
770,19,97.4,17.3,93.9,1,gradual
770,20,97.2,17.9,94.0,1,gradual
770,21,97.1,18.4,93.6,1,gradual
770,22,96.3,18.8,93.6,1,gradual
770,23,96.6,18.6,93.1,1,gradual
770,24,97.4,18.7,93.0,1,gradual
771,1,76.6,18.4,97.7,1,early_warning
771,2,78.0,18.6,97.5,1,early_warning
771,3,81.7,19.0,96.6,1,early_warning
771,4,88.4,20.2,95.0,1,early_warning
771,5,96.7,22.0,93.1,1,early_warning
771,6,100.2,23.2,92.1,1,early_warning
771,7,96.5,21.9,93.0,1,early_warning
771,8,89.6,20.2,95.0,1,early_warning
771,9,83.9,18.4,96.4,1,early_warning
771,10,81.1,17.5,96.8,1,early_warning
771,11,80.0,17.2,97.0,1,early_warning
771,12,80.3,17.2,97.1,1,early_warning
771,13,82.1,17.2,96.8,1,early_warning
771,14,82.8,17.4,96.8,1,early_warning
771,15,83.2,17.5,96.9,1,early_warning
771,16,80.3,17.7,97.0,1,early_warning
771,17,80.1,17.9,96.9,1,early_warning
771,18,81.9,18.3,97.0,1,early_warning
771,19,82.1,18.3,96.7,1,early_warning
771,20,83.1,18.4,96.3,1,early_warning
771,21,83.4,18.9,96.1,1,early_warning
771,22,84.7,18.7,96.3,1,early_warning
771,23,86.4,19.3,96.1,1,early_warning
771,24,86.9,19.6,95.7,1,early_warning
772,1,83.8,12.3,99.1,1,gradual
772,2,84.9,13.1,98.6,1,gradual
772,3,85.5,13.6,98.5,1,gradual
772,4,85.8,14.2,98.3,1,gradual
772,5,84.9,15.1,98.2,1,gradual
772,6,85.1,15.0,97.8,1,gradual
772,7,86.5,15.2,97.3,1,gradual
772,8,87.1,15.6,97.3,1,gradual
772,9,86.8,15.8,97.1,1,gradual
772,10,87.7,15.7,96.9,1,gradual
772,11,87.4,16.5,96.6,1,gradual
772,12,88.9,17.1,96.3,1,gradual
772,13,89.8,17.5,96.2,1,gradual
772,14,91.9,17.3,96.2,1,gradual
772,15,91.5,17.6,96.0,1,gradual
772,16,92.7,17.7,95.5,1,gradual
772,17,92.6,17.9,95.2,1,gradual
772,18,93.5,18.3,95.2,1,gradual
772,19,94.6,18.4,95.0,1,gradual
772,20,95.1,19.0,94.9,1,gradual
772,21,96.1,19.6,94.9,1,gradual
772,22,97.3,19.4,94.5,1,gradual
772,23,98.6,19.4,94.5,1,gradual
772,24,98.3,19.8,94.2,1,gradual
773,1,80.1,17.6,98.0,1,early_warning
773,2,82.0,18.3,97.7,1,early_warning
773,3,87.6,20.0,96.4,1,early_warning
773,4,95.7,22.3,94.2,1,early_warning
773,5,98.5,23.7,93.3,1,early_warning
773,6,94.0,23.1,94.4,1,early_warning
773,7,86.2,20.8,96.5,1,early_warning
773,8,79.7,19.2,97.9,1,early_warning
773,9,77.6,18.6,98.2,1,early_warning
773,10,77.8,18.5,98.3,1,early_warning
773,11,76.9,17.8,98.2,1,early_warning
773,12,78.0,17.5,98.1,1,early_warning
773,13,77.9,17.3,97.9,1,early_warning
773,14,76.6,17.4,98.3,1,early_warning
773,15,76.9,17.1,98.5,1,early_warning
773,16,76.7,17.0,98.4,1,early_warning
773,17,77.4,17.6,98.3,1,early_warning
773,18,77.9,18.0,98.3,1,early_warning
773,19,78.5,18.4,97.9,1,early_warning
773,20,79.5,18.7,97.8,1,early_warning
773,21,80.0,18.9,97.8,1,early_warning
773,22,80.6,19.3,97.7,1,early_warning
773,23,82.4,19.7,97.3,1,early_warning
773,24,82.6,19.8,97.4,1,early_warning
774,1,89.0,14.2,97.2,1,gradual
774,2,88.7,14.5,96.9,1,gradual
774,3,88.1,14.9,96.6,1,gradual
774,4,90.1,15.3,96.3,1,gradual
774,5,89.8,15.3,96.2,1,gradual
774,6,90.8,15.9,96.0,1,gradual
774,7,90.7,16.0,95.9,1,gradual
774,8,91.1,15.9,95.6,1,gradual
774,9,92.7,16.2,95.5,1,gradual
774,10,91.6,16.3,95.2,1,gradual
774,11,93.2,16.6,94.9,1,gradual
774,12,93.1,17.3,94.6,1,gradual
774,13,93.1,17.2,94.3,1,gradual
774,14,94.5,17.4,94.3,1,gradual
774,15,93.6,17.9,93.7,1,gradual
774,16,95.7,18.6,93.6,1,gradual
774,17,96.6,18.5,93.4,1,gradual
774,18,97.3,18.8,93.3,1,gradual
774,19,99.0,18.8,93.3,1,gradual
774,20,99.0,19.0,93.2,1,gradual
774,21,100.3,19.5,93.0,1,gradual
774,22,99.7,19.5,92.7,1,gradual
774,23,100.9,20.2,92.6,1,gradual
774,24,101.4,20.5,92.4,1,gradual
775,1,72.4,16.0,97.6,1,early_warning
775,2,75.4,16.6,97.4,1,early_warning
775,3,77.6,16.8,96.9,1,early_warning
775,4,80.2,17.0,96.6,1,early_warning
775,5,85.1,18.7,95.5,1,early_warning
775,6,93.6,21.4,93.7,1,early_warning
775,7,96.2,22.2,92.5,1,early_warning
775,8,93.0,20.8,93.5,1,early_warning
775,9,83.8,18.6,95.4,1,early_warning
775,10,79.5,16.9,96.7,1,early_warning
775,11,77.2,16.1,97.4,1,early_warning
775,12,76.5,16.1,97.5,1,early_warning
775,13,76.2,16.2,97.5,1,early_warning
775,14,74.7,16.4,97.5,1,early_warning
775,15,73.9,15.9,97.6,1,early_warning
775,16,74.5,16.1,97.5,1,early_warning
775,17,73.7,16.2,97.2,1,early_warning
775,18,74.5,16.7,97.1,1,early_warning
775,19,75.4,16.9,96.8,1,early_warning
775,20,76.6,17.5,96.6,1,early_warning
775,21,78.4,17.7,96.6,1,early_warning
775,22,79.2,18.3,96.6,1,early_warning
775,23,80.4,18.8,96.3,1,early_warning
775,24,80.2,18.8,96.1,1,early_warning
776,1,68.4,11.8,96.8,1,early_warning
776,2,69.3,12.2,97.0,1,early_warning
776,3,68.9,12.5,96.8,1,early_warning
776,4,69.4,12.6,96.8,1,early_warning
776,5,70.9,13.5,96.4,1,early_warning
776,6,77.8,15.5,95.1,1,early_warning
776,7,85.7,18.3,93.1,1,early_warning
776,8,89.7,19.3,92.2,1,early_warning
776,9,84.7,17.6,93.5,1,early_warning
776,10,77.6,15.3,95.4,1,early_warning
776,11,72.3,13.9,96.7,1,early_warning
776,12,70.3,13.1,97.1,1,early_warning
776,13,69.3,13.5,97.4,1,early_warning
776,14,70.2,13.3,97.3,1,early_warning
776,15,69.9,13.3,97.4,1,early_warning
776,16,69.4,12.7,97.4,1,early_warning
776,17,69.4,12.8,97.4,1,early_warning
776,18,69.7,13.1,97.2,1,early_warning
776,19,70.2,13.7,96.9,1,early_warning
776,20,72.1,13.8,96.6,1,early_warning
776,21,72.7,14.0,96.6,1,early_warning
776,22,72.3,14.6,96.3,1,early_warning
776,23,73.5,14.7,96.3,1,early_warning
776,24,75.0,15.0,96.2,1,early_warning
777,1,76.2,18.5,97.4,1,gradual
777,2,78.3,19.1,97.0,1,gradual
777,3,77.8,18.7,97.0,1,gradual
777,4,79.3,19.3,96.7,1,gradual
777,5,79.1,19.2,96.8,1,gradual
777,6,80.4,20.0,96.5,1,gradual
777,7,82.4,20.2,96.3,1,gradual
777,8,82.6,20.1,95.9,1,gradual
777,9,84.1,20.7,95.4,1,gradual
777,10,84.8,20.7,95.2,1,gradual
777,11,85.1,21.5,94.8,1,gradual
777,12,86.8,21.7,94.6,1,gradual
777,13,87.5,22.3,94.3,1,gradual
777,14,87.3,22.2,94.3,1,gradual
777,15,89.6,22.7,94.2,1,gradual
777,16,90.6,22.8,94.1,1,gradual
777,17,92.1,23.3,93.9,1,gradual
777,18,91.5,23.3,93.6,1,gradual
777,19,90.9,23.3,93.2,1,gradual
777,20,89.6,23.5,93.4,1,gradual
777,21,90.0,24.0,93.0,1,gradual
777,22,90.9,24.3,92.6,1,gradual
777,23,92.9,24.6,92.4,1,gradual
777,24,94.7,25.2,92.2,1,gradual
778,1,82.7,16.1,97.1,1,gradual
778,2,81.7,16.6,96.6,1,gradual
778,3,81.9,16.9,96.1,1,gradual
778,4,81.7,17.3,95.9,1,gradual
778,5,83.1,17.9,95.4,1,gradual
778,6,82.9,17.7,95.1,1,gradual
778,7,84.2,17.9,94.8,1,gradual
778,8,84.0,18.0,94.7,1,gradual
778,9,85.1,18.4,94.2,1,gradual
778,10,85.6,18.5,94.0,1,gradual
778,11,85.1,19.0,93.7,1,gradual
778,12,86.6,19.4,93.5,1,gradual
778,13,86.8,19.4,93.3,1,gradual
778,14,87.7,19.8,93.2,1,gradual
778,15,89.7,19.8,93.3,1,gradual
778,16,91.2,20.3,92.9,1,gradual
778,17,92.6,20.5,92.7,1,gradual
778,18,91.4,21.2,92.6,1,gradual
778,19,92.5,21.5,92.2,1,gradual
778,20,94.1,22.4,92.2,1,gradual
778,21,94.6,22.3,92.1,1,gradual
778,22,96.0,22.4,91.7,1,gradual
778,23,95.3,22.8,91.5,1,gradual
778,24,95.2,23.1,91.4,1,gradual
779,1,80.2,13.3,97.9,1,early_warning
779,2,81.7,14.2,97.6,1,early_warning
779,3,83.2,15.1,97.0,1,early_warning
779,4,89.7,16.9,95.4,1,early_warning
779,5,96.2,19.2,93.4,1,early_warning
779,6,101.4,20.7,92.4,1,early_warning
779,7,95.7,19.8,93.5,1,early_warning
779,8,88.9,17.7,95.5,1,early_warning
779,9,83.2,15.7,96.8,1,early_warning
779,10,80.9,15.0,97.3,1,early_warning
779,11,80.1,14.7,97.4,1,early_warning
779,12,81.2,15.2,97.4,1,early_warning
779,13,80.1,15.0,97.5,1,early_warning
779,14,81.1,15.1,97.8,1,early_warning
779,15,82.4,15.5,97.6,1,early_warning
779,16,81.9,15.1,97.5,1,early_warning
779,17,80.6,15.0,97.6,1,early_warning
779,18,82.0,15.5,97.4,1,early_warning
779,19,81.9,15.2,97.2,1,early_warning
779,20,83.0,16.1,96.8,1,early_warning
779,21,84.0,16.5,96.5,1,early_warning
779,22,85.8,16.9,96.7,1,early_warning
779,23,84.9,17.0,96.5,1,early_warning
779,24,84.7,16.8,96.3,1,early_warning
780,1,78.6,13.5,97.8,1,early_warning
780,2,81.1,13.8,97.8,1,early_warning
780,3,81.2,14.0,97.6,1,early_warning
780,4,81.6,14.8,97.3,1,early_warning
780,5,87.1,16.6,96.0,1,early_warning
780,6,94.8,19.0,94.0,1,early_warning
780,7,98.1,19.4,93.1,1,early_warning
780,8,94.9,17.9,94.0,1,early_warning
780,9,87.6,15.9,95.8,1,early_warning
780,10,83.4,13.8,97.3,1,early_warning
780,11,81.0,13.7,97.9,1,early_warning
780,12,79.8,13.6,98.2,1,early_warning
780,13,81.1,13.4,98.2,1,early_warning
780,14,80.5,13.1,98.0,1,early_warning
780,15,80.0,12.6,98.0,1,early_warning
780,16,79.8,13.0,98.0,1,early_warning
780,17,78.6,13.5,98.1,1,early_warning
780,18,80.0,14.2,97.9,1,early_warning
780,19,79.8,14.4,97.8,1,early_warning
780,20,80.2,14.9,97.3,1,early_warning
780,21,83.4,15.3,97.1,1,early_warning
780,22,82.7,15.5,96.9,1,early_warning
780,23,82.7,15.2,96.8,1,early_warning
780,24,83.9,16.1,96.8,1,early_warning
781,1,75.3,16.8,96.8,1,gradual
781,2,75.7,17.8,96.7,1,gradual
781,3,75.1,18.2,96.2,1,gradual
781,4,75.2,18.7,96.1,1,gradual
781,5,77.4,18.8,95.8,1,gradual
781,6,77.6,18.9,95.6,1,gradual
781,7,78.2,19.4,95.3,1,gradual
781,8,78.8,19.7,95.0,1,gradual
781,9,79.1,20.0,94.9,1,gradual
781,10,80.2,20.2,94.7,1,gradual
781,11,80.6,20.6,94.5,1,gradual
781,12,81.2,20.7,94.2,1,gradual
781,13,81.4,21.6,94.0,1,gradual
781,14,81.6,21.5,93.8,1,gradual
781,15,82.4,21.7,93.4,1,gradual
781,16,83.8,22.1,93.2,1,gradual
781,17,84.1,22.6,93.0,1,gradual
781,18,85.0,22.6,92.8,1,gradual
781,19,85.7,22.5,92.5,1,gradual
781,20,87.3,23.3,92.6,1,gradual
781,21,88.0,23.4,92.2,1,gradual
781,22,89.4,23.3,91.8,1,gradual
781,23,90.2,24.2,91.7,1,gradual
781,24,90.8,24.3,91.5,1,gradual
782,1,73.2,17.1,99.2,1,gradual
782,2,74.3,16.9,98.9,1,gradual
782,3,75.8,17.4,98.6,1,gradual
782,4,76.9,17.5,98.1,1,gradual
782,5,76.4,17.3,97.8,1,gradual
782,6,77.6,17.8,97.5,1,gradual
782,7,77.5,18.1,97.3,1,gradual
782,8,78.6,18.3,97.0,1,gradual
782,9,78.9,18.1,97.0,1,gradual
782,10,80.7,18.4,96.8,1,gradual
782,11,81.8,18.4,96.7,1,gradual
782,12,81.0,18.8,96.5,1,gradual
782,13,81.7,18.9,96.2,1,gradual
782,14,83.0,19.1,96.1,1,gradual
782,15,83.8,19.7,96.0,1,gradual
782,16,84.5,20.2,95.7,1,gradual
782,17,84.6,20.8,95.4,1,gradual
782,18,84.9,21.3,95.1,1,gradual
782,19,85.9,21.5,94.9,1,gradual
782,20,86.7,21.9,94.7,1,gradual
782,21,87.8,21.5,94.4,1,gradual
782,22,88.7,21.5,94.3,1,gradual
782,23,89.5,21.7,94.0,1,gradual
782,24,90.5,22.5,93.9,1,gradual
783,1,81.4,15.8,97.5,1,early_warning
783,2,82.6,15.5,97.3,1,early_warning
783,3,83.8,15.9,96.7,1,early_warning
783,4,90.5,17.6,95.3,1,early_warning
783,5,100.1,19.8,93.5,1,early_warning
783,6,103.0,21.3,92.3,1,early_warning
783,7,100.8,19.7,93.3,1,early_warning
783,8,93.3,17.8,95.4,1,early_warning
783,9,86.5,16.3,96.7,1,early_warning
783,10,85.1,15.1,96.9,1,early_warning
783,11,84.0,15.1,97.2,1,early_warning
783,12,84.1,15.0,97.3,1,early_warning
783,13,84.1,14.8,97.2,1,early_warning
783,14,84.7,14.7,97.3,1,early_warning
783,15,85.2,14.4,97.3,1,early_warning
783,16,84.5,14.5,97.3,1,early_warning
783,17,85.6,15.0,97.3,1,early_warning
783,18,85.9,14.9,97.1,1,early_warning
783,19,87.0,15.3,96.8,1,early_warning
783,20,89.4,15.5,96.6,1,early_warning
783,21,88.4,16.3,96.6,1,early_warning
783,22,89.5,16.5,96.3,1,early_warning
783,23,88.8,16.9,96.4,1,early_warning
783,24,90.8,16.9,96.3,1,early_warning
784,1,84.0,18.4,98.3,1,early_warning
784,2,84.2,18.4,98.2,1,early_warning
784,3,83.8,18.6,98.1,1,early_warning
784,4,85.2,19.6,97.4,1,early_warning
784,5,91.6,21.5,96.1,1,early_warning
784,6,97.8,23.7,93.8,1,early_warning
784,7,101.1,24.5,93.0,1,early_warning
784,8,97.1,23.5,94.1,1,early_warning
784,9,89.6,21.5,96.2,1,early_warning
784,10,85.6,19.8,97.7,1,early_warning
784,11,82.2,18.7,98.2,1,early_warning
784,12,80.9,18.7,98.2,1,early_warning
784,13,80.8,18.3,98.3,1,early_warning
784,14,80.6,18.3,98.3,1,early_warning
784,15,81.0,18.3,98.4,1,early_warning
784,16,82.0,18.5,98.3,1,early_warning
784,17,84.5,18.9,98.0,1,early_warning
784,18,85.5,19.3,97.8,1,early_warning
784,19,84.2,19.2,97.6,1,early_warning
784,20,84.3,19.2,97.7,1,early_warning
784,21,83.9,19.8,97.4,1,early_warning
784,22,84.2,19.6,97.3,1,early_warning
784,23,85.5,19.7,97.1,1,early_warning
784,24,87.1,20.3,96.8,1,early_warning
785,1,73.7,16.0,97.4,1,gradual
785,2,74.9,15.5,97.1,1,gradual
785,3,75.7,15.7,96.7,1,gradual
785,4,76.5,16.0,96.6,1,gradual
785,5,77.3,16.3,96.2,1,gradual
785,6,78.7,16.5,96.4,1,gradual
785,7,78.9,17.2,96.2,1,gradual
785,8,81.2,17.3,95.9,1,gradual
785,9,81.7,17.4,95.6,1,gradual
785,10,82.4,17.3,95.3,1,gradual
785,11,83.3,17.8,94.8,1,gradual
785,12,83.6,18.0,94.6,1,gradual
785,13,84.2,18.5,94.6,1,gradual
785,14,86.4,18.7,94.4,1,gradual
785,15,85.7,18.8,94.2,1,gradual
785,16,86.0,19.4,93.9,1,gradual
785,17,86.2,19.3,93.9,1,gradual
785,18,87.2,19.7,93.7,1,gradual
785,19,87.2,20.0,93.3,1,gradual
785,20,88.5,20.4,92.9,1,gradual
785,21,88.8,20.5,92.8,1,gradual
785,22,88.4,21.1,92.6,1,gradual
785,23,89.9,21.1,92.4,1,gradual
785,24,90.3,21.4,92.1,1,gradual
786,1,86.2,15.8,98.9,1,gradual
786,2,85.8,16.2,98.9,1,gradual
786,3,85.2,16.3,98.6,1,gradual
786,4,86.2,16.6,98.3,1,gradual
786,5,86.6,16.8,98.1,1,gradual
786,6,88.4,17.0,97.8,1,gradual
786,7,89.3,16.9,97.6,1,gradual
786,8,88.7,17.4,97.7,1,gradual
786,9,91.7,17.7,97.5,1,gradual
786,10,91.5,18.3,97.2,1,gradual
786,11,90.5,18.2,97.2,1,gradual
786,12,90.8,18.8,97.0,1,gradual
786,13,90.7,19.0,96.5,1,gradual
786,14,91.2,19.4,96.2,1,gradual
786,15,92.5,19.5,96.1,1,gradual
786,16,94.3,19.4,96.0,1,gradual
786,17,96.3,19.6,95.9,1,gradual
786,18,96.1,19.7,95.6,1,gradual
786,19,95.9,19.9,95.3,1,gradual
786,20,96.1,20.4,95.1,1,gradual
786,21,97.0,20.8,94.8,1,gradual
786,22,97.0,21.2,94.7,1,gradual
786,23,98.5,21.3,94.6,1,gradual
786,24,100.1,21.7,94.2,1,gradual
787,1,75.2,13.9,97.4,1,gradual
787,2,76.5,14.4,97.5,1,gradual
787,3,77.3,14.8,97.1,1,gradual
787,4,77.5,15.3,96.8,1,gradual
787,5,78.8,15.5,96.8,1,gradual
787,6,80.8,15.9,96.5,1,gradual
787,7,81.9,15.7,96.1,1,gradual
787,8,82.5,16.0,96.0,1,gradual
787,9,82.8,16.2,95.9,1,gradual
787,10,84.0,16.8,95.6,1,gradual
787,11,85.2,16.9,95.5,1,gradual
787,12,85.3,17.4,95.3,1,gradual
787,13,85.6,17.6,95.0,1,gradual
787,14,85.7,17.7,94.7,1,gradual
787,15,85.7,18.1,94.4,1,gradual
787,16,86.6,18.5,94.2,1,gradual
787,17,87.0,18.9,93.8,1,gradual
787,18,88.6,18.9,93.5,1,gradual
787,19,88.9,19.2,93.3,1,gradual
787,20,89.1,19.4,93.1,1,gradual
787,21,89.6,19.9,93.0,1,gradual
787,22,90.9,20.9,92.7,1,gradual
787,23,91.8,20.6,92.7,1,gradual
787,24,93.2,21.1,92.5,1,gradual
788,1,81.1,16.9,97.9,1,gradual
788,2,80.9,17.4,97.7,1,gradual
788,3,80.8,18.2,97.3,1,gradual
788,4,80.9,17.9,97.3,1,gradual
788,5,80.4,17.7,97.0,1,gradual
788,6,81.6,18.3,96.8,1,gradual
788,7,82.8,18.7,96.5,1,gradual
788,8,82.6,18.8,96.4,1,gradual
788,9,84.0,19.2,96.3,1,gradual
788,10,84.1,19.8,95.9,1,gradual
788,11,84.7,19.9,95.9,1,gradual
788,12,85.6,19.9,95.7,1,gradual
788,13,86.9,20.4,95.6,1,gradual
788,14,87.6,20.9,95.3,1,gradual
788,15,87.7,21.3,95.0,1,gradual
788,16,88.4,21.0,94.9,1,gradual
788,17,89.4,21.2,94.5,1,gradual
788,18,89.6,21.4,94.3,1,gradual
788,19,89.2,21.6,94.0,1,gradual
788,20,89.7,22.0,93.8,1,gradual
788,21,90.5,22.3,93.4,1,gradual
788,22,92.5,23.0,93.2,1,gradual
788,23,92.3,23.7,93.1,1,gradual
788,24,93.9,23.6,92.9,1,gradual
789,1,78.1,19.2,97.5,1,early_warning
789,2,78.9,19.3,96.7,1,early_warning
789,3,82.3,20.8,95.3,1,early_warning
789,4,87.9,22.7,93.3,1,early_warning
789,5,92.5,24.0,92.4,1,early_warning
789,6,90.6,22.9,93.5,1,early_warning
789,7,82.7,21.0,95.3,1,early_warning
789,8,76.4,19.3,96.7,1,early_warning
789,9,74.2,18.5,97.4,1,early_warning
789,10,73.3,18.6,97.4,1,early_warning
789,11,73.0,18.1,97.6,1,early_warning
789,12,73.9,18.2,97.4,1,early_warning
789,13,73.3,18.4,97.5,1,early_warning
789,14,73.2,17.9,97.4,1,early_warning
789,15,73.2,18.0,97.4,1,early_warning
789,16,72.7,17.7,97.6,1,early_warning
789,17,72.9,18.3,97.7,1,early_warning
789,18,74.9,18.5,97.2,1,early_warning
789,19,75.0,18.4,96.9,1,early_warning
789,20,75.5,18.5,96.5,1,early_warning
789,21,76.6,18.9,96.3,1,early_warning
789,22,77.8,19.2,96.1,1,early_warning
789,23,77.5,19.4,96.2,1,early_warning
789,24,77.0,19.9,96.2,1,early_warning
790,1,82.3,14.2,97.3,1,early_warning
790,2,83.1,14.1,97.0,1,early_warning
790,3,81.9,14.3,96.7,1,early_warning
790,4,85.4,15.4,96.4,1,early_warning
790,5,90.9,17.0,94.8,1,early_warning
790,6,98.2,19.7,92.9,1,early_warning
790,7,103.1,21.1,92.1,1,early_warning
790,8,97.0,19.7,92.9,1,early_warning
790,9,88.7,17.5,95.0,1,early_warning
790,10,83.9,15.9,96.4,1,early_warning
790,11,82.0,15.7,96.8,1,early_warning
790,12,81.7,15.2,96.8,1,early_warning
790,13,82.2,15.4,96.8,1,early_warning
790,14,81.1,15.5,97.0,1,early_warning
790,15,81.6,15.5,97.1,1,early_warning
790,16,81.6,15.7,97.1,1,early_warning
790,17,82.0,15.6,96.8,1,early_warning
790,18,83.9,15.9,96.7,1,early_warning
790,19,84.0,16.2,96.6,1,early_warning
790,20,85.3,15.6,96.4,1,early_warning
790,21,85.5,16.3,96.5,1,early_warning
790,22,86.2,16.7,96.2,1,early_warning
790,23,86.0,17.1,96.0,1,early_warning
790,24,86.8,17.1,95.8,1,early_warning
791,1,81.2,16.7,98.0,1,early_warning
791,2,86.3,18.3,96.6,1,early_warning
791,3,94.8,20.5,94.7,1,early_warning
791,4,98.5,22.0,93.5,1,early_warning
791,5,94.2,20.6,94.4,1,early_warning
791,6,86.0,18.7,96.6,1,early_warning
791,7,79.3,16.2,97.9,1,early_warning
791,8,77.1,16.2,98.2,1,early_warning
791,9,76.8,16.2,98.2,1,early_warning
791,10,76.1,16.4,98.3,1,early_warning
791,11,77.3,16.3,98.4,1,early_warning
791,12,77.9,16.1,98.4,1,early_warning
791,13,77.9,16.2,98.1,1,early_warning
791,14,77.8,16.3,98.2,1,early_warning
791,15,78.6,16.2,98.1,1,early_warning
791,16,78.7,16.0,98.1,1,early_warning
791,17,78.3,16.4,98.0,1,early_warning
791,18,78.8,16.5,97.9,1,early_warning
791,19,80.8,17.1,97.8,1,early_warning
791,20,79.6,17.3,97.5,1,early_warning
791,21,80.9,17.6,97.5,1,early_warning
791,22,81.9,18.0,97.5,1,early_warning
791,23,81.8,18.3,97.3,1,early_warning
791,24,82.9,18.1,97.2,1,early_warning
792,1,76.4,13.9,96.2,1,gradual
792,2,76.8,14.7,96.3,1,gradual
792,3,77.7,14.9,96.1,1,gradual
792,4,79.6,15.2,95.9,1,gradual
792,5,81.0,15.6,95.9,1,gradual
792,6,80.0,15.8,95.7,1,gradual
792,7,80.1,16.0,95.4,1,gradual
792,8,82.5,16.0,95.4,1,gradual
792,9,83.0,16.3,95.2,1,gradual
792,10,83.3,16.8,95.1,1,gradual
792,11,83.9,17.2,94.6,1,gradual
792,12,85.4,17.8,94.5,1,gradual
792,13,85.7,18.0,94.2,1,gradual
792,14,85.5,18.1,94.0,1,gradual
792,15,87.0,18.4,93.7,1,gradual
792,16,88.0,18.2,93.4,1,gradual
792,17,87.4,18.6,93.1,1,gradual
792,18,88.8,18.3,92.8,1,gradual
792,19,89.7,18.2,92.6,1,gradual
792,20,90.3,19.1,92.6,1,gradual
792,21,90.8,19.4,92.5,1,gradual
792,22,90.8,19.6,92.3,1,gradual
792,23,91.9,19.9,92.2,1,gradual
792,24,92.9,20.1,91.7,1,gradual
793,1,76.6,18.0,99.0,1,early_warning
793,2,79.2,17.9,98.9,1,early_warning
793,3,80.2,18.2,98.4,1,early_warning
793,4,83.8,18.4,97.8,1,early_warning
793,5,89.2,20.4,96.5,1,early_warning
793,6,95.6,22.9,94.3,1,early_warning
793,7,100.8,24.7,93.6,1,early_warning
793,8,96.6,23.3,94.4,1,early_warning
793,9,88.8,21.2,96.6,1,early_warning
793,10,83.9,19.5,97.6,1,early_warning
793,11,80.9,18.4,98.0,1,early_warning
793,12,80.5,18.1,98.0,1,early_warning
793,13,80.9,17.8,98.2,1,early_warning
793,14,80.7,17.4,98.3,1,early_warning
793,15,81.8,17.4,98.2,1,early_warning
793,16,81.7,17.6,98.1,1,early_warning
793,17,81.9,18.0,98.3,1,early_warning
793,18,82.1,18.2,98.2,1,early_warning
793,19,83.0,18.5,97.8,1,early_warning
793,20,84.0,19.2,97.6,1,early_warning
793,21,83.2,19.4,97.6,1,early_warning
793,22,83.3,19.5,97.6,1,early_warning
793,23,85.5,19.7,97.3,1,early_warning
793,24,86.1,20.2,97.1,1,early_warning
794,1,76.4,18.2,98.3,1,early_warning
794,2,81.5,19.4,97.2,1,early_warning
794,3,88.1,21.7,95.1,1,early_warning
794,4,92.4,22.5,93.8,1,early_warning
794,5,88.9,20.8,94.7,1,early_warning
794,6,80.4,18.4,96.5,1,early_warning
794,7,76.1,17.2,97.9,1,early_warning
794,8,74.2,16.7,98.5,1,early_warning
794,9,73.6,17.0,98.6,1,early_warning
794,10,74.2,17.1,98.6,1,early_warning
794,11,73.8,16.3,98.9,1,early_warning
794,12,71.8,16.4,98.8,1,early_warning
794,13,70.9,16.4,98.8,1,early_warning
794,14,72.1,16.2,98.8,1,early_warning
794,15,70.9,16.4,98.9,1,early_warning
794,16,71.8,16.4,98.7,1,early_warning
794,17,73.3,16.8,98.5,1,early_warning
794,18,74.5,16.5,98.3,1,early_warning
794,19,75.6,16.7,98.2,1,early_warning
794,20,74.0,16.9,98.1,1,early_warning
794,21,75.4,17.7,97.9,1,early_warning
794,22,74.6,18.2,97.6,1,early_warning
794,23,76.3,18.6,97.4,1,early_warning
794,24,76.7,18.9,97.2,1,early_warning
795,1,83.3,12.6,97.2,1,gradual
795,2,85.2,12.9,97.0,1,gradual
795,3,84.9,13.4,96.8,1,gradual
795,4,85.9,13.6,96.8,1,gradual
795,5,85.9,13.9,96.6,1,gradual
795,6,85.8,13.8,96.2,1,gradual
795,7,88.3,14.6,96.0,1,gradual
795,8,86.3,14.9,95.8,1,gradual
795,9,88.7,15.5,95.5,1,gradual
795,10,89.7,15.6,95.6,1,gradual
795,11,90.0,16.1,95.2,1,gradual
795,12,90.3,16.5,94.8,1,gradual
795,13,92.4,16.5,94.7,1,gradual
795,14,92.6,16.6,94.4,1,gradual
795,15,92.5,16.9,94.3,1,gradual
795,16,94.1,17.1,94.0,1,gradual
795,17,93.7,17.6,93.9,1,gradual
795,18,96.1,18.0,93.7,1,gradual
795,19,97.0,18.3,93.4,1,gradual
795,20,96.4,18.6,93.1,1,gradual
795,21,97.8,18.8,93.1,1,gradual
795,22,99.1,19.1,92.8,1,gradual
795,23,98.3,19.1,92.7,1,gradual
795,24,100.3,19.4,92.2,1,gradual
796,1,85.4,15.0,96.5,1,gradual
796,2,84.6,15.3,96.5,1,gradual
796,3,84.6,15.1,96.3,1,gradual
796,4,85.5,15.5,96.3,1,gradual
796,5,86.9,16.0,96.0,1,gradual
796,6,88.1,16.5,95.7,1,gradual
796,7,87.8,16.8,95.6,1,gradual
796,8,88.6,17.1,95.6,1,gradual
796,9,90.0,17.0,95.4,1,gradual
796,10,89.8,17.2,95.0,1,gradual
796,11,91.2,17.6,94.8,1,gradual
796,12,92.9,17.8,94.7,1,gradual
796,13,93.1,18.2,94.4,1,gradual
796,14,93.0,18.6,94.4,1,gradual
796,15,93.1,18.7,94.0,1,gradual
796,16,93.8,18.8,93.8,1,gradual
796,17,94.6,19.6,93.5,1,gradual
796,18,95.9,20.0,93.2,1,gradual
796,19,97.6,20.3,92.9,1,gradual
796,20,97.6,20.0,93.0,1,gradual
796,21,98.1,20.5,92.8,1,gradual
796,22,98.1,20.7,92.7,1,gradual
796,23,98.8,21.4,92.5,1,gradual
796,24,99.2,21.6,92.3,1,gradual
797,1,76.0,20.5,98.1,1,gradual
797,2,76.5,21.0,97.9,1,gradual
797,3,76.7,20.8,97.9,1,gradual
797,4,76.2,20.8,97.8,1,gradual
797,5,76.8,21.3,97.6,1,gradual
797,6,78.2,22.0,97.4,1,gradual
797,7,79.7,22.1,97.3,1,gradual
797,8,80.8,21.7,97.2,1,gradual
797,9,80.3,22.1,96.9,1,gradual
797,10,82.6,21.9,96.4,1,gradual
797,11,82.1,22.3,96.0,1,gradual
797,12,81.5,22.8,95.8,1,gradual
797,13,82.7,23.1,95.7,1,gradual
797,14,83.9,23.0,95.4,1,gradual
797,15,84.1,22.9,95.4,1,gradual
797,16,86.0,23.4,95.1,1,gradual
797,17,86.0,23.8,94.7,1,gradual
797,18,86.3,24.1,94.7,1,gradual
797,19,86.5,24.4,94.4,1,gradual
797,20,87.8,24.5,94.4,1,gradual
797,21,88.2,25.4,94.2,1,gradual
797,22,90.4,25.4,94.3,1,gradual
797,23,92.1,25.8,94.1,1,gradual
797,24,90.9,25.8,93.8,1,gradual
798,1,71.4,14.9,96.2,1,gradual
798,2,72.3,14.9,96.0,1,gradual
798,3,73.5,15.3,96.1,1,gradual
798,4,74.7,15.5,95.9,1,gradual
798,5,74.7,15.6,95.6,1,gradual
798,6,75.9,15.5,95.5,1,gradual
798,7,76.0,15.7,95.3,1,gradual
798,8,76.7,16.4,95.1,1,gradual
798,9,77.8,16.5,95.2,1,gradual
798,10,79.7,17.0,95.0,1,gradual
798,11,80.1,17.5,94.6,1,gradual
798,12,79.5,17.5,94.3,1,gradual
798,13,80.8,18.0,94.0,1,gradual
798,14,81.2,17.9,93.8,1,gradual
798,15,80.8,18.3,93.7,1,gradual
798,16,82.0,18.0,93.5,1,gradual
798,17,82.9,18.4,93.6,1,gradual
798,18,83.4,18.6,93.2,1,gradual
798,19,83.8,19.0,92.9,1,gradual
798,20,83.9,19.1,92.7,1,gradual
798,21,84.6,19.4,92.4,1,gradual
798,22,85.9,19.7,92.1,1,gradual
798,23,86.3,19.9,91.8,1,gradual
798,24,87.1,20.7,91.5,1,gradual
799,1,86.8,18.0,97.1,1,early_warning
799,2,91.8,19.9,95.6,1,early_warning
799,3,98.3,21.7,93.4,1,early_warning
799,4,100.9,22.9,92.5,1,early_warning
799,5,95.6,21.5,93.6,1,early_warning
799,6,88.1,18.6,95.4,1,early_warning
799,7,82.1,18.0,96.7,1,early_warning
799,8,80.2,17.5,97.1,1,early_warning
799,9,78.9,17.2,97.1,1,early_warning
799,10,78.9,17.0,97.3,1,early_warning
799,11,78.8,17.1,97.1,1,early_warning
799,12,78.9,16.6,97.1,1,early_warning
799,13,78.7,16.6,97.0,1,early_warning
799,14,77.9,17.1,97.2,1,early_warning
799,15,78.8,17.1,97.1,1,early_warning
799,16,79.5,17.1,97.2,1,early_warning
799,17,79.7,17.3,97.1,1,early_warning
799,18,81.5,17.7,97.0,1,early_warning
799,19,80.9,17.4,97.0,1,early_warning
799,20,82.0,18.1,96.8,1,early_warning
799,21,81.5,18.6,96.6,1,early_warning
799,22,82.5,18.6,96.3,1,early_warning
799,23,84.3,18.7,96.1,1,early_warning
799,24,84.2,18.7,96.1,1,early_warning
800,1,77.1,16.6,97.7,1,early_warning
800,2,77.6,16.7,97.4,1,early_warning
800,3,79.8,17.2,96.7,1,early_warning
800,4,85.5,19.0,95.1,1,early_warning
800,5,93.4,21.0,93.2,1,early_warning
800,6,98.4,22.1,92.1,1,early_warning
800,7,93.8,21.0,93.1,1,early_warning
800,8,84.1,18.9,95.1,1,early_warning
800,9,80.3,17.2,96.6,1,early_warning
800,10,77.2,16.9,97.0,1,early_warning
800,11,76.0,17.1,97.2,1,early_warning
800,12,77.4,16.9,97.3,1,early_warning
800,13,77.4,16.5,97.2,1,early_warning
800,14,77.8,16.6,97.2,1,early_warning
800,15,79.1,16.5,97.3,1,early_warning
800,16,79.4,16.1,97.4,1,early_warning
800,17,78.8,16.1,97.0,1,early_warning
800,18,77.3,16.9,96.8,1,early_warning
800,19,77.9,17.4,96.8,1,early_warning
800,20,79.3,17.5,96.7,1,early_warning
800,21,80.1,17.9,96.2,1,early_warning
800,22,80.6,18.3,96.1,1,early_warning
800,23,81.5,18.4,95.9,1,early_warning
800,24,82.2,18.6,95.7,1,early_warning
801,1,86.8,15.3,98.6,1,gradual
801,2,87.1,15.7,98.5,1,gradual
801,3,88.0,16.3,98.7,1,gradual
801,4,90.2,16.6,98.4,1,gradual
801,5,90.8,16.8,98.2,1,gradual
801,6,89.9,17.1,98.0,1,gradual
801,7,91.2,17.4,97.7,1,gradual
801,8,91.7,17.9,97.6,1,gradual
801,9,92.2,18.4,97.3,1,gradual
801,10,92.7,18.7,97.1,1,gradual
801,11,93.9,18.7,96.9,1,gradual
801,12,94.3,18.9,96.5,1,gradual
801,13,93.8,19.4,96.6,1,gradual
801,14,95.8,19.3,96.3,1,gradual
801,15,96.5,19.6,96.3,1,gradual
801,16,96.7,20.1,95.9,1,gradual
801,17,97.1,20.1,95.7,1,gradual
801,18,98.6,20.2,95.4,1,gradual
801,19,98.7,20.3,95.2,1,gradual
801,20,99.5,20.9,95.0,1,gradual
801,21,101.1,21.0,94.7,1,gradual
801,22,101.0,21.3,94.4,1,gradual
801,23,101.3,21.8,94.4,1,gradual
801,24,101.4,22.2,94.2,1,gradual
802,1,75.9,14.8,97.3,1,gradual
802,2,76.3,14.9,97.2,1,gradual
802,3,76.6,15.0,97.0,1,gradual
802,4,76.4,15.2,96.7,1,gradual
802,5,79.4,15.8,96.3,1,gradual
802,6,80.4,16.2,96.4,1,gradual
802,7,80.0,16.7,96.0,1,gradual
802,8,80.9,16.7,95.7,1,gradual
802,9,80.8,17.0,95.6,1,gradual
802,10,82.9,17.0,95.4,1,gradual
802,11,82.5,17.2,95.0,1,gradual
802,12,83.1,17.8,95.0,1,gradual
802,13,82.7,17.9,94.9,1,gradual
802,14,84.3,17.7,94.7,1,gradual
802,15,85.3,17.8,94.4,1,gradual
802,16,86.3,17.9,93.9,1,gradual
802,17,87.1,18.6,93.6,1,gradual
802,18,86.9,19.1,93.4,1,gradual
802,19,87.3,19.0,93.4,1,gradual
802,20,88.4,19.6,93.3,1,gradual
802,21,89.1,19.7,93.0,1,gradual
802,22,91.1,20.1,92.9,1,gradual
802,23,92.8,20.3,92.6,1,gradual
802,24,93.4,20.6,92.5,1,gradual
803,1,84.4,15.3,97.0,1,early_warning
803,2,89.4,17.0,95.3,1,early_warning
803,3,97.1,19.3,93.4,1,early_warning
803,4,101.5,21.3,92.4,1,early_warning
803,5,97.2,20.0,93.7,1,early_warning
803,6,90.2,17.9,95.8,1,early_warning
803,7,82.3,15.7,97.2,1,early_warning
803,8,80.5,14.9,97.7,1,early_warning
803,9,80.3,15.1,97.8,1,early_warning
803,10,79.7,14.9,97.8,1,early_warning
803,11,81.5,14.7,97.4,1,early_warning
803,12,80.7,15.0,97.6,1,early_warning
803,13,80.3,14.9,97.5,1,early_warning
803,14,81.0,14.9,97.6,1,early_warning
803,15,80.4,15.1,97.3,1,early_warning
803,16,79.8,15.1,97.6,1,early_warning
803,17,80.5,15.3,97.4,1,early_warning
803,18,81.5,15.4,97.2,1,early_warning
803,19,81.1,15.8,97.1,1,early_warning
803,20,83.0,16.2,96.9,1,early_warning
803,21,83.3,16.2,96.7,1,early_warning
803,22,84.0,16.4,96.6,1,early_warning
803,23,85.6,16.9,96.3,1,early_warning
803,24,86.5,17.4,96.4,1,early_warning
804,1,69.4,14.9,97.7,1,gradual
804,2,69.9,14.9,97.2,1,gradual
804,3,69.8,15.4,96.8,1,gradual
804,4,71.0,16.0,96.8,1,gradual
804,5,72.6,16.7,96.5,1,gradual
804,6,75.1,16.9,96.1,1,gradual
804,7,75.2,16.7,95.8,1,gradual
804,8,74.6,17.4,95.4,1,gradual
804,9,77.1,17.6,95.3,1,gradual
804,10,77.8,17.7,95.2,1,gradual
804,11,77.1,17.7,95.1,1,gradual
804,12,77.9,18.3,94.8,1,gradual
804,13,78.6,18.6,94.7,1,gradual
804,14,80.3,19.1,94.6,1,gradual
804,15,81.5,19.4,94.2,1,gradual
804,16,82.0,19.7,94.0,1,gradual
804,17,82.9,19.7,93.7,1,gradual
804,18,83.7,19.9,93.5,1,gradual
804,19,84.3,20.0,93.2,1,gradual
804,20,84.0,20.5,93.1,1,gradual
804,21,84.8,21.3,93.0,1,gradual
804,22,84.8,21.1,92.6,1,gradual
804,23,86.3,21.1,92.3,1,gradual
804,24,88.1,21.4,92.1,1,gradual
805,1,83.4,17.6,97.7,1,early_warning
805,2,83.3,17.0,97.6,1,early_warning
805,3,85.4,17.3,96.9,1,early_warning
805,4,91.9,18.6,95.5,1,early_warning
805,5,99.1,20.8,93.5,1,early_warning
805,6,103.7,21.9,92.3,1,early_warning
805,7,99.5,21.4,93.4,1,early_warning
805,8,91.0,18.6,95.2,1,early_warning
805,9,85.3,16.8,96.8,1,early_warning
805,10,82.0,15.9,97.3,1,early_warning
805,11,81.9,15.9,97.6,1,early_warning
805,12,80.7,16.1,97.6,1,early_warning
805,13,80.9,16.2,97.5,1,early_warning
805,14,81.0,16.2,97.5,1,early_warning
805,15,81.5,16.4,97.5,1,early_warning
805,16,81.2,16.2,97.6,1,early_warning
805,17,83.8,16.5,97.3,1,early_warning
805,18,84.2,16.9,97.2,1,early_warning
805,19,85.1,17.1,97.0,1,early_warning
805,20,86.2,17.0,96.8,1,early_warning
805,21,85.6,16.5,96.7,1,early_warning
805,22,85.6,16.5,96.4,1,early_warning
805,23,86.4,17.1,96.3,1,early_warning
805,24,85.9,17.7,96.0,1,early_warning
806,1,90.7,16.4,97.1,1,early_warning
806,2,95.4,17.7,96.0,1,early_warning
806,3,102.5,20.0,93.8,1,early_warning
806,4,106.4,21.6,92.9,1,early_warning
806,5,102.8,20.3,93.8,1,early_warning
806,6,94.2,18.1,95.7,1,early_warning
806,7,88.4,16.3,97.1,1,early_warning
806,8,86.6,15.8,97.6,1,early_warning
806,9,86.1,15.7,97.7,1,early_warning
806,10,86.7,15.4,97.9,1,early_warning
806,11,87.2,15.6,97.9,1,early_warning
806,12,87.0,15.7,97.8,1,early_warning
806,13,87.0,15.5,97.9,1,early_warning
806,14,86.5,15.1,97.8,1,early_warning
806,15,86.1,14.9,98.0,1,early_warning
806,16,85.5,15.6,98.1,1,early_warning
806,17,86.8,16.1,97.8,1,early_warning
806,18,87.6,16.6,97.8,1,early_warning
806,19,88.0,16.5,97.5,1,early_warning
806,20,87.5,17.2,97.7,1,early_warning
806,21,89.3,17.2,97.5,1,early_warning
806,22,89.9,17.2,97.3,1,early_warning
806,23,89.3,17.3,96.9,1,early_warning
806,24,89.0,17.7,96.6,1,early_warning
807,1,68.8,16.6,98.6,1,gradual
807,2,71.3,16.8,98.2,1,gradual
807,3,72.7,17.1,97.8,1,gradual
807,4,72.9,17.0,97.6,1,gradual
807,5,75.5,17.2,97.3,1,gradual
807,6,77.6,17.1,97.3,1,gradual
807,7,78.0,17.7,97.0,1,gradual
807,8,77.6,18.4,96.7,1,gradual
807,9,77.9,18.6,96.3,1,gradual
807,10,78.4,18.8,96.3,1,gradual
807,11,79.4,19.2,96.0,1,gradual
807,12,78.4,19.2,95.7,1,gradual
807,13,79.4,19.6,95.2,1,gradual
807,14,80.0,19.9,94.9,1,gradual
807,15,81.1,19.8,94.8,1,gradual
807,16,81.7,19.9,94.7,1,gradual
807,17,81.8,20.1,94.2,1,gradual
807,18,84.8,20.1,94.1,1,gradual
807,19,83.6,20.4,93.8,1,gradual
807,20,83.5,20.6,93.8,1,gradual
807,21,84.9,20.7,93.6,1,gradual
807,22,85.3,21.2,93.3,1,gradual
807,23,85.1,21.0,93.2,1,gradual
807,24,87.0,22.0,93.1,1,gradual
808,1,71.3,18.2,97.2,1,gradual
808,2,72.6,18.7,96.9,1,gradual
808,3,74.0,19.5,96.7,1,gradual
808,4,73.5,19.5,96.5,1,gradual
808,5,73.1,20.0,96.1,1,gradual
808,6,73.3,20.3,95.8,1,gradual
808,7,74.8,20.7,95.5,1,gradual
808,8,76.2,21.1,95.4,1,gradual
808,9,77.5,21.2,95.3,1,gradual
808,10,78.0,21.0,95.0,1,gradual
808,11,79.5,21.0,94.7,1,gradual
808,12,80.5,21.3,94.9,1,gradual
808,13,80.0,22.0,94.8,1,gradual
808,14,81.1,22.1,94.6,1,gradual
808,15,82.9,22.2,94.4,1,gradual
808,16,83.8,22.3,94.0,1,gradual
808,17,83.4,23.1,93.9,1,gradual
808,18,84.2,23.3,93.6,1,gradual
808,19,85.0,23.5,93.2,1,gradual
808,20,83.4,23.7,92.9,1,gradual
808,21,84.9,24.0,92.7,1,gradual
808,22,86.1,24.0,92.5,1,gradual
808,23,86.7,24.8,92.2,1,gradual
808,24,88.3,25.4,91.9,1,gradual
809,1,73.1,14.7,96.7,1,early_warning
809,2,78.3,17.0,95.6,1,early_warning
809,3,86.5,19.3,93.8,1,early_warning
809,4,89.8,21.0,93.1,1,early_warning
809,5,88.0,19.6,94.0,1,early_warning
809,6,79.3,17.3,95.8,1,early_warning
809,7,75.8,16.0,97.1,1,early_warning
809,8,71.9,15.0,97.7,1,early_warning
809,9,71.5,15.4,97.7,1,early_warning
809,10,71.9,15.9,97.9,1,early_warning
809,11,71.7,15.8,97.8,1,early_warning
809,12,72.2,16.1,97.8,1,early_warning
809,13,71.9,15.9,97.7,1,early_warning
809,14,73.0,16.0,97.5,1,early_warning
809,15,72.1,16.3,97.6,1,early_warning
809,16,71.8,16.0,97.5,1,early_warning
809,17,73.8,15.9,97.6,1,early_warning
809,18,73.5,16.4,97.5,1,early_warning
809,19,73.2,16.6,97.4,1,early_warning
809,20,73.5,16.5,97.3,1,early_warning
809,21,73.6,16.4,96.9,1,early_warning
809,22,74.7,16.5,96.9,1,early_warning
809,23,77.5,17.1,96.9,1,early_warning
809,24,77.9,17.4,96.6,1,early_warning
810,1,79.2,17.2,96.6,1,early_warning
810,2,84.9,19.3,95.1,1,early_warning
810,3,92.2,21.8,93.3,1,early_warning
810,4,95.1,22.8,92.1,1,early_warning
810,5,90.1,21.8,93.2,1,early_warning
810,6,82.4,19.5,95.1,1,early_warning
810,7,77.9,17.8,96.8,1,early_warning
810,8,73.8,17.5,97.2,1,early_warning
810,9,73.9,17.3,97.2,1,early_warning
810,10,74.2,17.5,97.3,1,early_warning
810,11,74.8,17.4,97.3,1,early_warning
810,12,73.9,17.4,97.2,1,early_warning
810,13,73.3,17.3,97.0,1,early_warning
810,14,73.7,16.6,97.1,1,early_warning
810,15,74.4,16.5,97.2,1,early_warning
810,16,74.9,16.6,97.0,1,early_warning
810,17,75.8,17.1,97.0,1,early_warning
810,18,78.6,17.9,97.0,1,early_warning
810,19,80.0,18.4,96.9,1,early_warning
810,20,80.4,18.3,96.6,1,early_warning
810,21,80.7,18.7,96.3,1,early_warning
810,22,80.5,18.7,96.3,1,early_warning
810,23,80.8,19.0,96.2,1,early_warning
810,24,81.7,19.3,96.1,1,early_warning
811,1,79.7,16.8,98.3,1,early_warning
811,2,80.5,17.4,97.4,1,early_warning
811,3,85.1,19.0,96.0,1,early_warning
811,4,91.4,21.4,94.0,1,early_warning
811,5,95.7,22.1,93.0,1,early_warning
811,6,91.9,21.1,93.8,1,early_warning
811,7,84.7,18.6,95.6,1,early_warning
811,8,78.7,16.8,97.0,1,early_warning
811,9,76.0,16.4,97.7,1,early_warning
811,10,75.9,16.2,98.0,1,early_warning
811,11,74.4,15.5,97.8,1,early_warning
811,12,75.2,15.7,97.8,1,early_warning
811,13,76.5,15.8,97.9,1,early_warning
811,14,77.0,16.0,97.9,1,early_warning
811,15,74.8,16.3,97.9,1,early_warning
811,16,74.8,16.4,97.9,1,early_warning
811,17,76.0,16.6,97.5,1,early_warning
811,18,76.8,16.8,97.4,1,early_warning
811,19,77.8,17.4,97.3,1,early_warning
811,20,78.2,17.6,97.0,1,early_warning
811,21,80.1,17.7,96.9,1,early_warning
811,22,80.5,17.8,96.7,1,early_warning
811,23,80.9,18.3,96.5,1,early_warning
811,24,82.1,18.1,96.4,1,early_warning
812,1,82.5,15.8,97.2,1,early_warning
812,2,82.2,16.5,97.1,1,early_warning
812,3,82.5,16.8,96.8,1,early_warning
812,4,84.6,17.6,96.5,1,early_warning
812,5,89.8,18.8,95.1,1,early_warning
812,6,96.8,21.2,93.0,1,early_warning
812,7,101.5,22.5,92.0,1,early_warning
812,8,97.7,21.4,93.1,1,early_warning
812,9,90.7,18.8,95.2,1,early_warning
812,10,84.2,16.8,96.2,1,early_warning
812,11,82.8,16.5,96.6,1,early_warning
812,12,81.2,16.3,96.7,1,early_warning
812,13,82.1,16.3,96.8,1,early_warning
812,14,81.8,16.3,96.9,1,early_warning
812,15,82.1,16.2,96.7,1,early_warning
812,16,82.1,16.3,97.0,1,early_warning
812,17,81.7,16.3,96.9,1,early_warning
812,18,81.6,17.3,96.8,1,early_warning
812,19,84.3,17.5,96.4,1,early_warning
812,20,85.2,17.7,96.2,1,early_warning
812,21,85.4,18.1,96.3,1,early_warning
812,22,86.6,18.2,96.0,1,early_warning
812,23,87.0,18.6,95.9,1,early_warning
812,24,86.6,18.4,95.9,1,early_warning
813,1,72.1,17.1,96.6,1,gradual
813,2,75.2,16.6,96.3,1,gradual
813,3,77.1,17.1,96.0,1,gradual
813,4,78.4,16.6,96.0,1,gradual
813,5,79.5,16.9,95.9,1,gradual
813,6,79.1,17.0,96.0,1,gradual
813,7,80.7,17.5,95.7,1,gradual
813,8,82.6,18.2,95.4,1,gradual
813,9,82.5,18.3,95.0,1,gradual
813,10,81.9,18.5,94.8,1,gradual
813,11,82.3,18.8,94.6,1,gradual
813,12,83.9,19.1,94.4,1,gradual
813,13,85.2,19.3,94.3,1,gradual
813,14,86.2,20.3,94.1,1,gradual
813,15,86.6,20.8,93.9,1,gradual
813,16,87.9,20.8,93.7,1,gradual
813,17,88.1,20.9,93.4,1,gradual
813,18,89.2,20.9,93.1,1,gradual
813,19,89.4,20.9,92.8,1,gradual
813,20,90.5,20.6,92.4,1,gradual
813,21,91.3,21.4,92.1,1,gradual
813,22,91.7,21.3,92.1,1,gradual
813,23,93.3,21.6,91.9,1,gradual
813,24,94.5,21.8,91.7,1,gradual
814,1,82.0,15.3,97.8,1,gradual
814,2,80.8,15.6,97.8,1,gradual
814,3,80.8,15.9,97.6,1,gradual
814,4,81.3,16.1,97.4,1,gradual
814,5,81.9,16.8,97.3,1,gradual
814,6,81.8,16.6,96.9,1,gradual
814,7,81.2,17.3,96.6,1,gradual
814,8,81.7,17.0,96.6,1,gradual
814,9,82.6,17.2,96.4,1,gradual
814,10,84.0,17.0,96.0,1,gradual
814,11,84.3,17.5,95.8,1,gradual
814,12,85.0,17.8,95.7,1,gradual
814,13,86.5,18.1,95.4,1,gradual
814,14,86.4,17.7,95.4,1,gradual
814,15,87.2,18.3,95.1,1,gradual
814,16,88.7,18.5,94.9,1,gradual
814,17,88.5,19.2,94.7,1,gradual
814,18,90.0,19.6,94.1,1,gradual
814,19,91.3,19.7,94.0,1,gradual
814,20,91.9,20.0,93.7,1,gradual
814,21,92.9,20.5,93.6,1,gradual
814,22,92.7,20.7,93.3,1,gradual
814,23,93.0,21.1,93.2,1,gradual
814,24,95.1,20.7,93.2,1,gradual
815,1,78.8,15.2,96.2,1,early_warning
815,2,81.0,15.7,95.6,1,early_warning
815,3,85.4,17.6,94.2,1,early_warning
815,4,93.1,19.9,92.4,1,early_warning
815,5,96.7,20.9,91.4,1,early_warning
815,6,91.1,19.8,92.3,1,early_warning
815,7,84.0,17.7,94.2,1,early_warning
815,8,78.3,16.2,95.7,1,early_warning
815,9,76.3,15.1,96.4,1,early_warning
815,10,75.9,14.9,96.6,1,early_warning
815,11,76.1,14.9,96.8,1,early_warning
815,12,77.6,14.8,96.6,1,early_warning
815,13,76.7,14.5,96.5,1,early_warning
815,14,76.4,14.8,96.5,1,early_warning
815,15,76.2,15.1,96.6,1,early_warning
815,16,76.3,15.2,96.6,1,early_warning
815,17,77.8,15.6,96.5,1,early_warning
815,18,79.0,15.4,96.1,1,early_warning
815,19,78.0,15.7,95.8,1,early_warning
815,20,77.9,16.1,95.9,1,early_warning
815,21,80.2,15.9,95.7,1,early_warning
815,22,80.0,16.4,95.7,1,early_warning
815,23,79.8,16.7,95.5,1,early_warning
815,24,80.2,16.5,95.4,1,early_warning
816,1,90.9,16.4,96.5,1,early_warning
816,2,88.2,16.3,96.2,1,early_warning
816,3,90.1,16.5,95.8,1,early_warning
816,4,95.6,18.0,94.4,1,early_warning
816,5,101.8,19.9,92.4,1,early_warning
816,6,104.2,21.0,91.4,1,early_warning
816,7,99.6,19.8,92.5,1,early_warning
816,8,93.0,17.6,94.7,1,early_warning
816,9,87.7,16.0,96.0,1,early_warning
816,10,86.2,15.6,96.5,1,early_warning
816,11,85.6,16.0,96.8,1,early_warning
816,12,83.7,16.1,96.8,1,early_warning
816,13,84.4,15.8,96.5,1,early_warning
816,14,83.5,15.3,96.8,1,early_warning
816,15,85.4,15.1,96.6,1,early_warning
816,16,85.9,15.4,96.6,1,early_warning
816,17,86.9,16.2,96.4,1,early_warning
816,18,85.8,16.1,96.5,1,early_warning
816,19,86.7,16.6,96.5,1,early_warning
816,20,86.9,16.3,96.0,1,early_warning
816,21,86.3,16.8,95.9,1,early_warning
816,22,87.7,17.0,96.0,1,early_warning
816,23,88.6,17.5,95.5,1,early_warning
816,24,89.4,17.6,95.3,1,early_warning
817,1,78.0,16.1,97.2,1,early_warning
817,2,77.0,16.0,97.1,1,early_warning
817,3,79.8,16.4,96.7,1,early_warning
817,4,84.7,18.6,95.3,1,early_warning
817,5,91.9,21.1,93.2,1,early_warning
817,6,96.7,22.3,92.1,1,early_warning
817,7,90.9,20.6,93.1,1,early_warning
817,8,83.6,18.5,95.1,1,early_warning
817,9,78.2,16.4,96.5,1,early_warning
817,10,75.4,16.0,97.1,1,early_warning
817,11,75.1,15.6,97.3,1,early_warning
817,12,75.4,15.7,97.3,1,early_warning
817,13,75.8,16.1,97.2,1,early_warning
817,14,76.8,16.3,97.2,1,early_warning
817,15,75.9,15.8,97.4,1,early_warning
817,16,75.2,15.8,97.4,1,early_warning
817,17,76.1,15.4,97.1,1,early_warning
817,18,77.5,16.1,96.9,1,early_warning
817,19,77.2,16.1,96.9,1,early_warning
817,20,77.7,16.7,96.6,1,early_warning
817,21,78.5,17.1,96.3,1,early_warning
817,22,79.2,16.9,96.4,1,early_warning
817,23,79.8,17.6,96.1,1,early_warning
817,24,81.1,18.0,96.1,1,early_warning
818,1,83.6,15.3,96.7,1,early_warning
818,2,88.0,17.3,95.6,1,early_warning
818,3,96.3,19.8,93.7,1,early_warning
818,4,98.7,21.2,92.8,1,early_warning
818,5,95.6,20.2,93.9,1,early_warning
818,6,88.9,17.9,95.8,1,early_warning
818,7,83.6,16.1,97.1,1,early_warning
818,8,81.0,15.5,97.8,1,early_warning
818,9,80.4,15.2,97.8,1,early_warning
818,10,80.0,15.1,97.9,1,early_warning
818,11,79.9,15.1,97.9,1,early_warning
818,12,79.0,14.8,97.9,1,early_warning
818,13,79.9,15.1,97.9,1,early_warning
818,14,79.2,15.0,97.8,1,early_warning
818,15,80.5,15.1,97.8,1,early_warning
818,16,79.4,15.1,97.9,1,early_warning
818,17,81.1,15.7,97.6,1,early_warning
818,18,80.7,16.0,97.4,1,early_warning
818,19,81.3,16.6,97.2,1,early_warning
818,20,81.3,16.3,96.9,1,early_warning
818,21,81.9,16.4,96.7,1,early_warning
818,22,82.4,16.6,96.5,1,early_warning
818,23,83.1,16.5,96.4,1,early_warning
818,24,83.2,17.2,96.6,1,early_warning
819,1,81.8,14.5,98.0,1,gradual
819,2,82.1,15.1,97.7,1,gradual
819,3,82.6,14.8,97.5,1,gradual
819,4,82.3,15.2,97.4,1,gradual
819,5,82.5,15.6,97.1,1,gradual
819,6,83.5,15.9,96.6,1,gradual
819,7,83.0,16.0,96.5,1,gradual
819,8,83.6,16.2,96.4,1,gradual
819,9,83.6,16.5,96.3,1,gradual
819,10,84.9,16.9,96.0,1,gradual
819,11,87.9,18.0,95.7,1,gradual
819,12,87.3,18.4,95.7,1,gradual
819,13,88.2,18.5,95.4,1,gradual
819,14,88.6,18.7,94.9,1,gradual
819,15,90.0,18.9,94.7,1,gradual
819,16,90.1,19.1,94.5,1,gradual
819,17,91.3,19.0,94.5,1,gradual
819,18,94.3,19.2,94.2,1,gradual
819,19,95.1,19.6,94.0,1,gradual
819,20,96.8,19.7,93.5,1,gradual
819,21,96.0,20.0,93.3,1,gradual
819,22,96.9,19.8,93.2,1,gradual
819,23,96.9,20.1,92.9,1,gradual
819,24,96.1,20.8,92.7,1,gradual
820,1,80.0,16.9,98.0,1,gradual
820,2,81.7,16.3,97.7,1,gradual
820,3,84.1,16.2,97.4,1,gradual
820,4,84.6,16.5,96.8,1,gradual
820,5,86.0,16.4,96.8,1,gradual
820,6,85.8,16.1,96.6,1,gradual
820,7,86.2,16.0,96.6,1,gradual
820,8,86.2,17.1,96.2,1,gradual
820,9,87.5,17.4,95.8,1,gradual
820,10,88.9,17.3,95.9,1,gradual
820,11,92.0,17.8,95.7,1,gradual
820,12,91.5,18.1,95.3,1,gradual
820,13,92.2,18.2,95.2,1,gradual
820,14,93.9,18.7,95.1,1,gradual
820,15,93.4,19.5,94.6,1,gradual
820,16,92.4,19.2,94.5,1,gradual
820,17,93.6,19.8,94.3,1,gradual
820,18,95.2,19.7,94.1,1,gradual
820,19,96.3,19.8,93.9,1,gradual
820,20,96.4,20.2,93.7,1,gradual
820,21,97.6,20.3,93.4,1,gradual
820,22,98.0,20.8,93.2,1,gradual
820,23,98.7,20.8,92.9,1,gradual
820,24,98.9,20.9,92.5,1,gradual
821,1,82.5,12.3,97.8,1,early_warning
821,2,85.6,13.9,97.4,1,early_warning
821,3,91.1,16.1,96.2,1,early_warning
821,4,100.0,18.2,94.3,1,early_warning
821,5,102.8,19.9,93.5,1,early_warning
821,6,96.8,18.5,94.4,1,early_warning
821,7,89.8,16.6,96.3,1,early_warning
821,8,84.6,14.5,97.8,1,early_warning
821,9,82.5,13.7,98.2,1,early_warning
821,10,82.3,13.6,98.3,1,early_warning
821,11,81.1,14.2,98.1,1,early_warning
821,12,81.4,13.9,98.2,1,early_warning
821,13,80.8,13.9,98.3,1,early_warning
821,14,82.5,14.1,98.4,1,early_warning
821,15,82.1,13.5,98.5,1,early_warning
821,16,81.4,13.9,98.2,1,early_warning
821,17,81.4,13.9,98.1,1,early_warning
821,18,81.7,14.0,97.8,1,early_warning
821,19,82.9,14.4,97.6,1,early_warning
821,20,82.5,14.7,97.5,1,early_warning
821,21,82.9,15.5,97.2,1,early_warning
821,22,83.5,15.8,97.2,1,early_warning
821,23,82.6,15.8,97.1,1,early_warning
821,24,85.3,15.6,97.1,1,early_warning
822,1,79.5,14.4,98.7,1,gradual
822,2,81.1,14.5,98.7,1,gradual
822,3,80.3,15.0,98.5,1,gradual
822,4,80.1,15.1,98.3,1,gradual
822,5,81.2,15.5,98.0,1,gradual
822,6,83.1,15.9,97.8,1,gradual
822,7,83.0,15.9,97.6,1,gradual
822,8,84.1,15.9,97.6,1,gradual
822,9,85.7,16.5,97.2,1,gradual
822,10,86.1,16.2,97.3,1,gradual
822,11,85.7,16.6,96.9,1,gradual
822,12,86.1,17.1,96.6,1,gradual
822,13,86.3,16.9,96.6,1,gradual
822,14,87.5,17.6,96.2,1,gradual
822,15,87.0,17.6,95.7,1,gradual
822,16,88.6,18.0,95.2,1,gradual
822,17,88.4,18.9,95.2,1,gradual
822,18,88.8,18.7,95.0,1,gradual
822,19,90.6,18.9,94.9,1,gradual
822,20,92.0,19.1,94.7,1,gradual
822,21,92.7,19.6,94.3,1,gradual
822,22,93.8,19.7,94.3,1,gradual
822,23,94.3,20.2,94.1,1,gradual
822,24,94.7,20.1,93.8,1,gradual
823,1,82.4,20.0,98.4,1,early_warning
823,2,84.3,19.5,98.6,1,early_warning
823,3,87.6,19.7,98.1,1,early_warning
823,4,93.7,21.3,97.1,1,early_warning
823,5,102.1,23.7,95.1,1,early_warning
823,6,105.3,25.2,94.0,1,early_warning
823,7,102.7,23.3,95.0,1,early_warning
823,8,93.8,20.9,97.0,1,early_warning
823,9,88.4,19.4,98.4,1,early_warning
823,10,86.1,19.1,98.8,1,early_warning
823,11,85.4,18.9,98.8,1,early_warning
823,12,86.3,19.0,98.9,1,early_warning
823,13,87.5,18.8,99.1,1,early_warning
823,14,85.8,19.0,99.2,1,early_warning
823,15,85.8,18.8,99.2,1,early_warning
823,16,86.7,19.2,99.2,1,early_warning
823,17,86.8,19.3,98.9,1,early_warning
823,18,87.1,19.8,98.8,1,early_warning
823,19,89.6,20.3,98.5,1,early_warning
823,20,91.8,20.0,98.6,1,early_warning
823,21,91.0,20.2,98.3,1,early_warning
823,22,91.6,20.8,98.0,1,early_warning
823,23,93.2,21.2,98.0,1,early_warning
823,24,93.3,21.8,97.8,1,early_warning
824,1,67.2,16.4,97.0,1,early_warning
824,2,68.2,17.0,97.3,1,early_warning
824,3,70.9,17.0,97.0,1,early_warning
824,4,74.1,17.2,96.5,1,early_warning
824,5,79.7,19.3,95.2,1,early_warning
824,6,88.1,22.0,93.3,1,early_warning
824,7,92.2,23.1,92.1,1,early_warning
824,8,87.4,21.9,93.1,1,early_warning
824,9,78.6,19.6,94.9,1,early_warning
824,10,74.2,17.9,96.4,1,early_warning
824,11,72.8,17.1,97.0,1,early_warning
824,12,70.9,16.8,97.1,1,early_warning
824,13,70.9,17.2,97.2,1,early_warning
824,14,71.4,17.4,97.1,1,early_warning
824,15,70.6,17.2,97.1,1,early_warning
824,16,69.9,17.2,97.1,1,early_warning
824,17,70.5,17.4,97.2,1,early_warning
824,18,71.2,17.6,97.0,1,early_warning
824,19,72.4,18.1,96.7,1,early_warning
824,20,73.1,18.3,96.5,1,early_warning
824,21,74.3,17.9,96.2,1,early_warning
824,22,74.7,18.4,96.4,1,early_warning
824,23,74.7,18.8,96.2,1,early_warning
824,24,76.0,19.1,96.1,1,early_warning
825,1,67.7,15.5,97.8,1,gradual
825,2,69.2,16.0,97.3,1,gradual
825,3,69.6,16.2,96.9,1,gradual
825,4,71.0,17.1,96.5,1,gradual
825,5,71.2,17.1,96.4,1,gradual
825,6,72.8,17.5,96.0,1,gradual
825,7,72.8,17.2,95.8,1,gradual
825,8,73.9,17.5,95.5,1,gradual
825,9,73.0,18.2,95.3,1,gradual
825,10,75.0,18.3,95.0,1,gradual
825,11,75.9,18.6,94.8,1,gradual
825,12,76.0,18.9,94.6,1,gradual
825,13,79.0,19.2,94.5,1,gradual
825,14,78.6,19.2,94.4,1,gradual
825,15,77.8,19.0,94.2,1,gradual
825,16,79.9,19.6,94.0,1,gradual
825,17,79.7,19.6,93.7,1,gradual
825,18,80.6,19.8,93.4,1,gradual
825,19,83.0,19.8,93.1,1,gradual
825,20,83.2,20.1,93.0,1,gradual
825,21,83.5,20.7,92.8,1,gradual
825,22,84.0,21.1,92.5,1,gradual
825,23,84.5,21.3,92.4,1,gradual
825,24,86.5,21.5,92.2,1,gradual
826,1,75.5,17.5,97.5,1,early_warning
826,2,75.9,17.4,97.5,1,early_warning
826,3,75.3,17.8,97.6,1,early_warning
826,4,76.9,18.0,97.6,1,early_warning
826,5,79.3,18.6,97.1,1,early_warning
826,6,84.3,20.6,95.4,1,early_warning
826,7,91.6,23.2,93.6,1,early_warning
826,8,94.7,24.2,92.7,1,early_warning
826,9,90.3,22.6,93.7,1,early_warning
826,10,81.6,20.5,95.4,1,early_warning
826,11,78.4,18.7,96.9,1,early_warning
826,12,77.1,18.6,97.6,1,early_warning
826,13,75.7,18.4,97.6,1,early_warning
826,14,74.9,18.5,97.6,1,early_warning
826,15,75.6,18.1,97.3,1,early_warning
826,16,76.3,17.9,97.5,1,early_warning
826,17,77.2,17.4,97.4,1,early_warning
826,18,78.3,18.0,97.3,1,early_warning
826,19,78.0,18.7,97.1,1,early_warning
826,20,78.9,19.0,96.9,1,early_warning
826,21,79.3,19.2,96.6,1,early_warning
826,22,80.0,19.1,96.6,1,early_warning
826,23,80.1,19.4,96.4,1,early_warning
826,24,80.7,19.9,96.5,1,early_warning
827,1,68.4,15.8,98.1,1,early_warning
827,2,70.3,15.9,97.9,1,early_warning
827,3,72.0,16.2,97.2,1,early_warning
827,4,77.3,17.7,95.6,1,early_warning
827,5,84.5,20.4,93.6,1,early_warning
827,6,88.9,21.6,92.6,1,early_warning
827,7,84.7,20.4,93.5,1,early_warning
827,8,77.1,17.8,95.5,1,early_warning
827,9,71.7,16.4,96.7,1,early_warning
827,10,70.2,15.9,97.2,1,early_warning
827,11,69.8,15.5,97.3,1,early_warning
827,12,71.6,15.5,97.4,1,early_warning
827,13,70.5,15.3,97.5,1,early_warning
827,14,70.6,15.5,97.6,1,early_warning
827,15,71.5,15.7,97.4,1,early_warning
827,16,71.6,15.2,97.6,1,early_warning
827,17,71.8,15.2,97.6,1,early_warning
827,18,72.1,15.5,97.5,1,early_warning
827,19,73.2,15.9,97.2,1,early_warning
827,20,73.5,16.5,96.9,1,early_warning
827,21,74.0,16.4,96.5,1,early_warning
827,22,73.8,16.6,96.7,1,early_warning
827,23,74.7,17.2,96.5,1,early_warning
827,24,75.1,17.6,96.4,1,early_warning
828,1,74.1,14.7,98.0,1,gradual
828,2,74.4,15.3,97.8,1,gradual
828,3,74.7,15.7,97.4,1,gradual
828,4,76.6,15.5,97.0,1,gradual
828,5,79.2,15.6,96.8,1,gradual
828,6,80.0,15.9,96.7,1,gradual
828,7,81.1,16.6,96.5,1,gradual
828,8,81.9,16.7,96.2,1,gradual
828,9,83.1,17.0,96.0,1,gradual
828,10,85.7,17.0,96.0,1,gradual
828,11,86.2,17.7,95.8,1,gradual
828,12,86.3,18.3,95.6,1,gradual
828,13,86.7,18.4,95.0,1,gradual
828,14,86.8,17.8,95.0,1,gradual
828,15,87.7,18.4,94.9,1,gradual
828,16,86.7,18.8,94.7,1,gradual
828,17,88.2,19.1,94.4,1,gradual
828,18,89.1,19.8,94.1,1,gradual
828,19,89.7,20.4,93.9,1,gradual
828,20,89.5,20.4,93.6,1,gradual
828,21,90.8,20.7,93.3,1,gradual
828,22,91.8,20.4,93.1,1,gradual
828,23,92.4,20.5,92.9,1,gradual
828,24,93.0,21.1,92.8,1,gradual
829,1,78.7,19.3,95.8,1,early_warning
829,2,77.8,19.2,96.1,1,early_warning
829,3,79.0,18.7,96.2,1,early_warning
829,4,79.0,18.4,96.1,1,early_warning
829,5,79.3,18.9,95.5,1,early_warning
829,6,85.0,20.6,94.2,1,early_warning
829,7,92.8,23.0,92.3,1,early_warning
829,8,96.6,24.1,91.4,1,early_warning
829,9,92.3,22.8,92.4,1,early_warning
829,10,84.2,20.2,94.4,1,early_warning
829,11,79.3,18.5,95.6,1,early_warning
829,12,77.8,17.7,96.3,1,early_warning
829,13,78.5,17.7,96.4,1,early_warning
829,14,77.2,18.3,96.6,1,early_warning
829,15,77.4,18.3,96.6,1,early_warning
829,16,76.9,18.2,96.6,1,early_warning
829,17,78.1,18.2,96.4,1,early_warning
829,18,79.1,18.7,96.3,1,early_warning
829,19,80.0,18.8,96.3,1,early_warning
829,20,79.4,18.7,95.9,1,early_warning
829,21,81.3,18.7,95.8,1,early_warning
829,22,81.2,18.7,95.7,1,early_warning
829,23,82.5,19.2,95.8,1,early_warning
829,24,82.1,19.7,95.6,1,early_warning
830,1,74.9,17.7,97.3,1,gradual
830,2,74.8,17.5,96.8,1,gradual
830,3,75.0,17.5,96.6,1,gradual
830,4,75.1,17.7,96.5,1,gradual
830,5,75.8,18.3,96.4,1,gradual
830,6,75.9,18.4,96.1,1,gradual
830,7,78.8,18.6,95.9,1,gradual
830,8,78.8,18.9,95.9,1,gradual
830,9,78.5,18.8,95.8,1,gradual
830,10,78.8,19.6,95.4,1,gradual
830,11,80.9,19.5,95.4,1,gradual
830,12,81.0,20.0,95.0,1,gradual
830,13,82.0,20.3,95.0,1,gradual
830,14,83.6,20.3,94.8,1,gradual
830,15,84.6,20.5,94.4,1,gradual
830,16,84.2,20.7,94.2,1,gradual
830,17,84.2,21.1,94.0,1,gradual
830,18,83.9,21.3,93.7,1,gradual
830,19,83.9,21.7,93.5,1,gradual
830,20,85.7,22.2,93.3,1,gradual
830,21,86.3,22.4,92.9,1,gradual
830,22,87.0,22.8,92.8,1,gradual
830,23,87.5,22.7,92.7,1,gradual
830,24,89.6,23.1,92.7,1,gradual
831,1,68.4,12.8,98.2,1,gradual
831,2,69.2,13.1,98.1,1,gradual
831,3,69.9,13.1,97.9,1,gradual
831,4,70.0,13.2,97.7,1,gradual
831,5,70.7,13.7,97.3,1,gradual
831,6,71.2,13.7,96.8,1,gradual
831,7,71.3,14.2,96.7,1,gradual
831,8,73.3,14.9,96.5,1,gradual
831,9,73.9,15.3,96.5,1,gradual
831,10,75.5,15.5,96.1,1,gradual
831,11,76.2,15.9,95.9,1,gradual
831,12,76.9,16.1,95.5,1,gradual
831,13,78.6,16.4,95.3,1,gradual
831,14,78.7,16.4,95.0,1,gradual
831,15,79.5,16.5,94.8,1,gradual
831,16,79.7,16.8,94.7,1,gradual
831,17,79.7,16.9,94.8,1,gradual
831,18,81.8,17.3,94.5,1,gradual
831,19,83.4,17.8,94.4,1,gradual
831,20,83.3,17.5,94.3,1,gradual
831,21,83.5,18.3,93.9,1,gradual
831,22,84.6,18.6,93.7,1,gradual
831,23,84.4,18.4,93.4,1,gradual
831,24,84.7,18.8,93.3,1,gradual
832,1,75.6,17.8,95.7,1,early_warning
832,2,82.0,19.4,94.5,1,early_warning
832,3,89.8,22.3,93.0,1,early_warning
832,4,93.3,23.2,92.2,1,early_warning
832,5,88.5,22.1,93.0,1,early_warning
832,6,79.8,19.4,94.8,1,early_warning
832,7,73.8,17.9,96.3,1,early_warning
832,8,73.1,17.4,96.8,1,early_warning
832,9,71.7,17.2,96.8,1,early_warning
832,10,72.2,17.0,96.9,1,early_warning
832,11,70.0,16.5,97.1,1,early_warning
832,12,69.9,16.4,97.2,1,early_warning
832,13,70.4,16.8,97.2,1,early_warning
832,14,69.8,16.8,97.1,1,early_warning
832,15,70.5,16.8,96.9,1,early_warning
832,16,71.6,16.6,96.7,1,early_warning
832,17,71.8,16.9,96.5,1,early_warning
832,18,72.7,17.1,96.5,1,early_warning
832,19,72.8,17.3,96.6,1,early_warning
832,20,72.0,17.9,96.3,1,early_warning
832,21,73.6,18.0,96.2,1,early_warning
832,22,74.8,18.5,95.8,1,early_warning
832,23,75.2,18.5,95.8,1,early_warning
832,24,75.9,18.7,95.9,1,early_warning
833,1,79.9,19.1,97.7,1,early_warning
833,2,82.5,19.2,97.0,1,early_warning
833,3,88.2,20.8,95.7,1,early_warning
833,4,95.2,23.2,93.8,1,early_warning
833,5,98.6,24.4,92.8,1,early_warning
833,6,95.0,22.7,93.8,1,early_warning
833,7,86.1,20.6,95.8,1,early_warning
833,8,80.7,18.6,97.0,1,early_warning
833,9,78.6,18.2,97.5,1,early_warning
833,10,79.3,18.2,97.6,1,early_warning
833,11,77.9,18.1,97.6,1,early_warning
833,12,77.2,17.4,97.8,1,early_warning
833,13,77.3,17.1,97.7,1,early_warning
833,14,76.6,17.9,97.9,1,early_warning
833,15,77.7,18.2,97.9,1,early_warning
833,16,78.5,18.1,97.8,1,early_warning
833,17,79.8,18.3,97.5,1,early_warning
833,18,80.0,18.7,97.3,1,early_warning
833,19,81.9,19.0,97.2,1,early_warning
833,20,83.1,18.6,97.0,1,early_warning
833,21,82.8,19.1,97.0,1,early_warning
833,22,83.3,19.4,96.8,1,early_warning
833,23,83.9,19.3,96.9,1,early_warning
833,24,84.3,19.4,96.7,1,early_warning
834,1,81.3,14.2,96.7,1,gradual
834,2,82.0,14.9,96.4,1,gradual
834,3,83.1,14.9,96.5,1,gradual
834,4,83.2,14.7,96.1,1,gradual
834,5,84.4,15.0,95.8,1,gradual
834,6,86.8,15.3,95.7,1,gradual
834,7,86.8,15.4,95.9,1,gradual
834,8,86.9,15.7,95.8,1,gradual
834,9,86.0,15.9,95.4,1,gradual
834,10,87.1,16.6,95.3,1,gradual
834,11,86.5,16.7,95.1,1,gradual
834,12,88.1,16.7,94.8,1,gradual
834,13,89.5,16.0,94.6,1,gradual
834,14,89.6,17.0,94.4,1,gradual
834,15,89.5,17.2,94.2,1,gradual
834,16,91.5,17.3,93.9,1,gradual
834,17,92.7,17.4,93.6,1,gradual
834,18,92.9,17.4,93.2,1,gradual
834,19,93.0,17.8,93.1,1,gradual
834,20,92.0,18.5,92.9,1,gradual
834,21,94.2,18.8,92.7,1,gradual
834,22,94.8,19.4,92.6,1,gradual
834,23,94.3,19.2,92.5,1,gradual
834,24,95.2,19.7,92.3,1,gradual
835,1,68.4,18.1,98.8,1,gradual
835,2,68.6,18.4,98.5,1,gradual
835,3,71.7,18.5,98.1,1,gradual
835,4,72.3,18.5,97.7,1,gradual
835,5,72.3,18.5,97.4,1,gradual
835,6,73.3,18.7,97.1,1,gradual
835,7,73.7,19.0,96.9,1,gradual
835,8,75.0,18.9,96.7,1,gradual
835,9,75.2,19.0,96.5,1,gradual
835,10,75.8,19.2,96.4,1,gradual
835,11,77.4,19.3,96.2,1,gradual
835,12,78.0,19.5,96.1,1,gradual
835,13,77.5,19.7,95.7,1,gradual
835,14,77.4,20.2,95.2,1,gradual
835,15,76.5,20.5,95.2,1,gradual
835,16,77.9,20.4,95.0,1,gradual
835,17,79.3,20.5,94.9,1,gradual
835,18,80.9,20.9,94.7,1,gradual
835,19,81.1,21.6,94.5,1,gradual
835,20,82.1,21.7,94.3,1,gradual
835,21,83.1,22.3,94.3,1,gradual
835,22,82.7,23.1,93.8,1,gradual
835,23,83.1,23.2,93.6,1,gradual
835,24,84.8,23.1,93.6,1,gradual
836,1,85.8,15.6,96.6,1,gradual
836,2,85.7,15.8,96.4,1,gradual
836,3,86.7,16.1,96.4,1,gradual
836,4,87.6,16.3,96.1,1,gradual
836,5,88.0,16.7,96.1,1,gradual
836,6,87.9,16.9,95.8,1,gradual
836,7,87.9,17.1,95.5,1,gradual
836,8,88.1,17.8,95.2,1,gradual
836,9,89.9,17.9,95.1,1,gradual
836,10,90.5,18.0,95.0,1,gradual
836,11,91.1,18.6,94.7,1,gradual
836,12,91.7,18.0,94.5,1,gradual
836,13,91.9,18.4,94.3,1,gradual
836,14,92.9,19.0,94.1,1,gradual
836,15,94.1,19.4,93.8,1,gradual
836,16,93.9,19.6,93.5,1,gradual
836,17,95.7,19.7,93.2,1,gradual
836,18,96.9,20.0,93.3,1,gradual
836,19,96.9,20.6,93.1,1,gradual
836,20,98.2,20.7,93.2,1,gradual
836,21,98.7,20.9,92.7,1,gradual
836,22,98.5,21.3,92.3,1,gradual
836,23,99.2,21.8,92.1,1,gradual
836,24,98.6,22.5,92.0,1,gradual
837,1,82.5,17.0,97.5,1,gradual
837,2,82.1,16.5,97.3,1,gradual
837,3,82.7,16.5,96.9,1,gradual
837,4,83.4,16.5,96.5,1,gradual
837,5,82.8,17.1,96.5,1,gradual
837,6,84.5,17.8,96.2,1,gradual
837,7,85.2,18.2,95.9,1,gradual
837,8,86.7,17.9,95.5,1,gradual
837,9,86.4,18.2,95.5,1,gradual
837,10,86.6,18.4,95.3,1,gradual
837,11,85.4,18.5,95.2,1,gradual
837,12,85.8,18.7,95.0,1,gradual
837,13,87.4,18.9,94.7,1,gradual
837,14,87.2,19.5,94.4,1,gradual
837,15,87.6,19.6,94.2,1,gradual
837,16,88.2,20.3,94.1,1,gradual
837,17,90.1,20.0,93.6,1,gradual
837,18,91.7,20.3,93.5,1,gradual
837,19,91.7,20.4,93.3,1,gradual
837,20,93.2,20.7,92.9,1,gradual
837,21,95.2,21.1,92.7,1,gradual
837,22,95.3,21.4,92.6,1,gradual
837,23,95.2,21.7,92.7,1,gradual
837,24,96.2,22.1,92.3,1,gradual
838,1,65.3,17.6,96.2,1,early_warning
838,2,69.8,18.0,95.3,1,early_warning
838,3,75.5,19.7,93.9,1,early_warning
838,4,83.1,22.5,92.0,1,early_warning
838,5,87.7,23.4,90.9,1,early_warning
838,6,84.8,21.9,91.9,1,early_warning
838,7,78.1,19.8,93.9,1,early_warning
838,8,71.8,17.7,95.3,1,early_warning
838,9,71.2,16.5,95.8,1,early_warning
838,10,71.1,16.6,95.9,1,early_warning
838,11,69.8,16.8,96.0,1,early_warning
838,12,69.8,16.8,96.0,1,early_warning
838,13,70.9,16.6,95.9,1,early_warning
838,14,70.6,16.9,95.8,1,early_warning
838,15,70.2,17.1,95.8,1,early_warning
838,16,69.9,16.9,95.9,1,early_warning
838,17,70.1,17.1,96.0,1,early_warning
838,18,71.8,16.9,95.8,1,early_warning
838,19,71.0,17.2,95.7,1,early_warning
838,20,72.0,17.8,95.4,1,early_warning
838,21,73.5,17.7,95.3,1,early_warning
838,22,74.1,18.1,95.1,1,early_warning
838,23,74.9,18.6,94.8,1,early_warning
838,24,75.6,18.8,94.7,1,early_warning
839,1,86.5,17.1,97.6,1,early_warning
839,2,86.2,17.1,97.6,1,early_warning
839,3,86.9,17.1,97.6,1,early_warning
839,4,90.3,17.7,96.9,1,early_warning
839,5,96.3,19.1,95.2,1,early_warning
839,6,104.4,21.0,93.3,1,early_warning
839,7,107.8,22.0,92.4,1,early_warning
839,8,104.2,20.8,93.6,1,early_warning
839,9,96.9,18.4,95.3,1,early_warning
839,10,90.9,17.0,96.7,1,early_warning
839,11,89.0,16.3,97.1,1,early_warning
839,12,86.5,16.1,97.4,1,early_warning
839,13,86.8,16.1,97.5,1,early_warning
839,14,85.8,16.5,97.6,1,early_warning
839,15,86.0,16.5,97.5,1,early_warning
839,16,87.4,16.3,97.4,1,early_warning
839,17,89.3,16.4,97.4,1,early_warning
839,18,89.2,16.6,97.4,1,early_warning
839,19,88.9,17.1,97.4,1,early_warning
839,20,89.7,16.6,97.4,1,early_warning
839,21,89.4,17.1,97.1,1,early_warning
839,22,89.2,17.3,96.9,1,early_warning
839,23,90.2,17.8,96.5,1,early_warning
839,24,91.0,18.0,96.2,1,early_warning
840,1,82.7,14.3,97.2,1,early_warning
840,2,82.0,14.8,97.3,1,early_warning
840,3,82.5,15.3,97.1,1,early_warning
840,4,83.5,15.2,96.8,1,early_warning
840,5,86.8,15.8,96.2,1,early_warning
840,6,92.3,17.2,95.0,1,early_warning
840,7,99.8,19.3,93.3,1,early_warning
840,8,104.7,20.6,92.2,1,early_warning
840,9,100.2,19.3,93.1,1,early_warning
840,10,92.4,17.0,95.1,1,early_warning
840,11,86.7,15.6,96.5,1,early_warning
840,12,85.0,14.9,97.0,1,early_warning
840,13,82.9,14.8,97.1,1,early_warning
840,14,83.4,15.1,97.3,1,early_warning
840,15,83.9,14.8,97.3,1,early_warning
840,16,84.3,15.1,97.0,1,early_warning
840,17,83.4,15.4,97.0,1,early_warning
840,18,86.1,15.4,96.8,1,early_warning
840,19,86.0,15.7,96.6,1,early_warning
840,20,86.0,15.7,96.4,1,early_warning
840,21,85.4,16.0,96.3,1,early_warning
840,22,84.7,16.0,96.3,1,early_warning
840,23,85.7,16.5,96.1,1,early_warning
840,24,86.3,16.6,95.9,1,early_warning
841,1,82.0,15.4,97.8,1,early_warning
841,2,81.1,15.5,97.6,1,early_warning
841,3,81.2,15.9,97.6,1,early_warning
841,4,82.4,16.5,97.2,1,early_warning
841,5,87.2,18.6,96.0,1,early_warning
841,6,96.7,20.6,93.9,1,early_warning
841,7,101.0,21.7,92.8,1,early_warning
841,8,97.1,20.3,94.0,1,early_warning
841,9,89.0,18.2,96.1,1,early_warning
841,10,84.3,16.5,97.7,1,early_warning
841,11,81.0,16.2,98.2,1,early_warning
841,12,82.1,15.6,98.2,1,early_warning
841,13,81.4,15.8,98.1,1,early_warning
841,14,81.0,15.6,98.3,1,early_warning
841,15,81.7,15.2,98.4,1,early_warning
841,16,81.9,14.9,98.1,1,early_warning
841,17,82.0,15.5,98.0,1,early_warning
841,18,81.9,16.0,97.6,1,early_warning
841,19,82.9,15.9,97.9,1,early_warning
841,20,84.5,16.6,98.0,1,early_warning
841,21,84.7,16.9,97.7,1,early_warning
841,22,85.5,16.7,97.6,1,early_warning
841,23,84.2,16.9,97.3,1,early_warning
841,24,85.9,17.3,97.0,1,early_warning
842,1,72.6,13.6,97.8,1,gradual
842,2,72.9,15.0,97.6,1,gradual
842,3,74.3,14.7,97.5,1,gradual
842,4,74.8,14.7,97.4,1,gradual
842,5,75.8,15.1,97.3,1,gradual
842,6,76.7,15.4,97.0,1,gradual
842,7,77.5,16.2,96.7,1,gradual
842,8,77.5,16.6,96.5,1,gradual
842,9,77.9,16.6,96.2,1,gradual
842,10,80.0,17.2,95.8,1,gradual
842,11,79.4,17.1,95.7,1,gradual
842,12,80.1,17.5,95.3,1,gradual
842,13,80.2,17.5,95.3,1,gradual
842,14,78.8,17.4,95.2,1,gradual
842,15,80.9,17.9,95.1,1,gradual
842,16,82.1,18.1,94.9,1,gradual
842,17,81.6,18.4,94.5,1,gradual
842,18,81.7,19.1,94.3,1,gradual
842,19,82.9,19.0,94.2,1,gradual
842,20,84.9,19.2,93.9,1,gradual
842,21,84.2,19.4,93.7,1,gradual
842,22,85.2,19.8,93.5,1,gradual
842,23,85.3,20.4,93.2,1,gradual
842,24,87.6,21.0,93.2,1,gradual
843,1,77.8,17.2,97.5,1,early_warning
843,2,78.3,17.3,97.7,1,early_warning
843,3,79.5,17.4,97.6,1,early_warning
843,4,80.5,17.4,97.3,1,early_warning
843,5,82.6,18.4,96.6,1,early_warning
843,6,87.8,19.7,95.4,1,early_warning
843,7,95.6,22.1,93.5,1,early_warning
843,8,101.2,23.6,92.4,1,early_warning
843,9,97.4,22.4,93.3,1,early_warning
843,10,89.6,19.9,95.3,1,early_warning
843,11,83.0,18.1,96.6,1,early_warning
843,12,81.0,17.8,97.2,1,early_warning
843,13,80.1,17.8,97.3,1,early_warning
843,14,81.3,17.8,97.5,1,early_warning
843,15,80.8,18.2,97.6,1,early_warning
843,16,80.4,18.7,97.5,1,early_warning
843,17,80.4,18.8,97.4,1,early_warning
843,18,82.0,19.2,97.4,1,early_warning
843,19,83.9,18.9,97.2,1,early_warning
843,20,84.7,19.0,97.0,1,early_warning
843,21,84.2,19.1,96.9,1,early_warning
843,22,85.9,19.4,96.7,1,early_warning
843,23,85.9,19.5,96.4,1,early_warning
843,24,86.4,19.9,96.1,1,early_warning
844,1,70.2,17.2,98.4,1,gradual
844,2,70.7,17.3,98.1,1,gradual
844,3,71.0,17.4,98.0,1,gradual
844,4,72.3,17.9,97.7,1,gradual
844,5,73.5,18.4,97.5,1,gradual
844,6,73.9,18.5,97.2,1,gradual
844,7,74.1,18.6,97.3,1,gradual
844,8,74.7,18.8,96.9,1,gradual
844,9,76.0,19.5,96.5,1,gradual
844,10,75.5,20.2,96.4,1,gradual
844,11,77.3,20.4,96.0,1,gradual
844,12,78.4,20.5,95.7,1,gradual
844,13,78.6,20.6,95.4,1,gradual
844,14,79.0,21.0,95.2,1,gradual
844,15,77.7,21.2,94.9,1,gradual
844,16,78.8,22.2,94.7,1,gradual
844,17,80.0,22.4,94.7,1,gradual
844,18,80.9,22.1,94.5,1,gradual
844,19,82.9,21.8,94.2,1,gradual
844,20,83.6,22.5,93.8,1,gradual
844,21,85.0,22.5,93.5,1,gradual
844,22,85.7,22.9,93.4,1,gradual
844,23,86.4,23.3,93.1,1,gradual
844,24,86.6,23.8,93.0,1,gradual
845,1,82.8,14.7,98.3,1,gradual
845,2,82.8,15.1,97.9,1,gradual
845,3,84.0,15.5,97.7,1,gradual
845,4,84.0,15.6,97.5,1,gradual
845,5,83.6,16.5,97.1,1,gradual
845,6,84.8,16.6,96.9,1,gradual
845,7,87.2,16.7,96.7,1,gradual
845,8,86.1,17.1,96.4,1,gradual
845,9,87.0,17.2,96.2,1,gradual
845,10,87.2,17.5,96.0,1,gradual
845,11,87.3,17.6,95.6,1,gradual
845,12,86.6,18.5,95.6,1,gradual
845,13,88.1,18.6,95.4,1,gradual
845,14,88.9,18.9,95.2,1,gradual
845,15,90.2,18.9,95.1,1,gradual
845,16,91.0,19.3,94.9,1,gradual
845,17,90.3,19.2,94.6,1,gradual
845,18,91.7,19.6,94.4,1,gradual
845,19,92.1,19.9,94.3,1,gradual
845,20,93.1,20.6,94.1,1,gradual
845,21,94.6,20.6,93.8,1,gradual
845,22,95.2,20.8,93.4,1,gradual
845,23,95.3,21.4,93.2,1,gradual
845,24,95.4,21.0,93.4,1,gradual
846,1,84.7,18.0,95.8,1,early_warning
846,2,84.9,17.6,95.6,1,early_warning
846,3,85.4,17.4,95.9,1,early_warning
846,4,86.1,17.3,95.9,1,early_warning
846,5,89.4,18.0,95.4,1,early_warning
846,6,94.5,19.4,94.1,1,early_warning
846,7,103.6,22.0,91.9,1,early_warning
846,8,107.4,23.1,91.1,1,early_warning
846,9,104.3,22.0,92.1,1,early_warning
846,10,95.9,20.0,93.7,1,early_warning
846,11,89.0,18.5,95.1,1,early_warning
846,12,87.3,17.7,96.0,1,early_warning
846,13,85.9,18.0,96.2,1,early_warning
846,14,85.6,17.6,96.2,1,early_warning
846,15,86.8,17.8,96.2,1,early_warning
846,16,85.7,17.4,96.3,1,early_warning
846,17,85.3,17.5,96.0,1,early_warning
846,18,87.2,17.5,95.7,1,early_warning
846,19,89.3,17.7,95.7,1,early_warning
846,20,89.8,17.7,95.4,1,early_warning
846,21,88.9,17.8,95.2,1,early_warning
846,22,90.6,18.4,95.2,1,early_warning
846,23,91.3,18.4,95.1,1,early_warning
846,24,91.4,18.6,94.6,1,early_warning
847,1,86.3,18.4,97.5,1,early_warning
847,2,85.3,18.8,97.4,1,early_warning
847,3,88.6,19.2,96.9,1,early_warning
847,4,93.6,20.4,95.3,1,early_warning
847,5,100.8,22.7,93.3,1,early_warning
847,6,103.5,23.9,92.2,1,early_warning
847,7,99.7,22.5,92.9,1,early_warning
847,8,90.8,19.8,95.2,1,early_warning
847,9,86.8,18.2,96.6,1,early_warning
847,10,83.3,18.1,97.1,1,early_warning
847,11,82.7,17.8,97.2,1,early_warning
847,12,80.9,18.1,97.3,1,early_warning
847,13,83.3,18.2,97.4,1,early_warning
847,14,83.2,18.5,97.4,1,early_warning
847,15,84.2,17.9,97.3,1,early_warning
847,16,83.2,18.2,97.2,1,early_warning
847,17,85.1,18.4,96.9,1,early_warning
847,18,85.4,18.3,96.9,1,early_warning
847,19,85.0,18.9,96.9,1,early_warning
847,20,86.6,18.9,96.7,1,early_warning
847,21,87.5,18.9,96.4,1,early_warning
847,22,87.1,19.2,96.3,1,early_warning
847,23,87.6,19.2,96.3,1,early_warning
847,24,88.2,19.5,96.0,1,early_warning
848,1,84.0,16.4,96.9,1,gradual
848,2,86.2,17.2,96.8,1,gradual
848,3,88.2,17.2,96.4,1,gradual
848,4,88.8,16.9,96.3,1,gradual
848,5,88.5,17.3,96.1,1,gradual
848,6,88.9,18.1,96.0,1,gradual
848,7,88.6,18.4,95.8,1,gradual
848,8,89.8,18.4,95.6,1,gradual
848,9,90.3,18.3,95.2,1,gradual
848,10,91.9,19.1,95.3,1,gradual
848,11,91.7,18.9,94.9,1,gradual
848,12,91.3,19.2,94.7,1,gradual
848,13,91.4,18.9,94.5,1,gradual
848,14,92.9,19.8,93.9,1,gradual
848,15,94.4,20.4,94.0,1,gradual
848,16,94.1,20.1,93.5,1,gradual
848,17,96.3,20.5,93.1,1,gradual
848,18,94.1,20.6,92.9,1,gradual
848,19,97.5,21.0,92.9,1,gradual
848,20,98.3,21.1,92.8,1,gradual
848,21,99.3,21.7,92.6,1,gradual
848,22,100.6,21.8,92.4,1,gradual
848,23,102.3,21.8,92.3,1,gradual
848,24,102.1,21.8,92.0,1,gradual
849,1,77.6,15.5,96.2,1,early_warning
849,2,79.4,16.0,95.9,1,early_warning
849,3,83.9,17.4,94.7,1,early_warning
849,4,90.7,19.6,92.8,1,early_warning
849,5,94.8,21.1,91.8,1,early_warning
849,6,90.5,20.1,93.0,1,early_warning
849,7,83.6,17.6,95.1,1,early_warning
849,8,77.6,16.3,96.3,1,early_warning
849,9,76.8,15.7,96.7,1,early_warning
849,10,75.8,15.4,97.0,1,early_warning
849,11,76.4,15.1,96.9,1,early_warning
849,12,75.8,15.0,96.9,1,early_warning
849,13,76.0,15.7,96.7,1,early_warning
849,14,73.9,15.7,96.5,1,early_warning
849,15,73.8,15.2,96.7,1,early_warning
849,16,74.5,15.3,96.8,1,early_warning
849,17,75.4,15.7,96.6,1,early_warning
849,18,77.6,16.3,96.5,1,early_warning
849,19,78.1,16.2,96.5,1,early_warning
849,20,79.0,16.0,96.4,1,early_warning
849,21,79.5,16.0,96.2,1,early_warning
849,22,79.5,16.5,96.1,1,early_warning
849,23,80.2,17.5,95.9,1,early_warning
849,24,79.8,18.0,95.7,1,early_warning
850,1,77.4,16.6,96.7,1,gradual
850,2,78.3,17.0,96.4,1,gradual
850,3,78.5,17.2,96.4,1,gradual
850,4,80.6,17.1,96.2,1,gradual
850,5,81.2,17.4,96.0,1,gradual
850,6,81.0,17.5,96.0,1,gradual
850,7,82.4,17.9,95.8,1,gradual
850,8,82.8,17.9,95.5,1,gradual
850,9,83.6,18.3,95.5,1,gradual
850,10,84.8,18.8,95.3,1,gradual
850,11,84.6,18.7,95.0,1,gradual
850,12,85.3,19.1,94.7,1,gradual
850,13,86.7,19.1,94.4,1,gradual
850,14,87.0,19.2,94.3,1,gradual
850,15,88.5,19.7,94.1,1,gradual
850,16,89.0,19.6,93.7,1,gradual
850,17,89.4,20.1,93.8,1,gradual
850,18,90.4,20.1,93.4,1,gradual
850,19,90.7,20.7,93.0,1,gradual
850,20,91.9,21.2,92.8,1,gradual
850,21,92.7,21.0,92.5,1,gradual
850,22,93.3,21.4,92.4,1,gradual
850,23,92.8,21.4,92.2,1,gradual
850,24,94.4,22.4,92.1,1,gradual
851,1,75.6,14.3,95.7,1,early_warning
851,2,81.4,16.2,94.4,1,early_warning
851,3,89.4,18.7,92.6,1,early_warning
851,4,94.3,20.1,91.5,1,early_warning
851,5,90.6,19.0,92.7,1,early_warning
851,6,82.2,17.0,94.5,1,early_warning
851,7,77.0,15.4,95.8,1,early_warning
851,8,75.5,14.8,96.0,1,early_warning
851,9,75.3,14.5,96.4,1,early_warning
851,10,75.6,14.8,96.2,1,early_warning
851,11,75.5,14.6,96.4,1,early_warning
851,12,75.2,14.7,96.5,1,early_warning
851,13,76.8,14.7,96.8,1,early_warning
851,14,77.5,14.8,96.7,1,early_warning
851,15,75.3,14.7,96.8,1,early_warning
851,16,76.0,15.2,96.9,1,early_warning
851,17,76.7,15.5,96.6,1,early_warning
851,18,76.7,15.8,96.4,1,early_warning
851,19,76.7,16.1,96.0,1,early_warning
851,20,76.7,16.4,95.9,1,early_warning
851,21,77.8,16.4,95.7,1,early_warning
851,22,77.3,16.5,95.3,1,early_warning
851,23,79.1,16.2,95.3,1,early_warning
851,24,80.4,16.6,95.2,1,early_warning
852,1,73.1,15.8,97.2,1,early_warning
852,2,71.9,15.9,97.3,1,early_warning
852,3,70.8,16.0,97.1,1,early_warning
852,4,74.0,16.6,96.5,1,early_warning
852,5,79.3,18.6,95.5,1,early_warning
852,6,87.5,20.6,93.5,1,early_warning
852,7,91.6,22.2,92.3,1,early_warning
852,8,87.5,20.9,93.3,1,early_warning
852,9,78.6,18.8,95.2,1,early_warning
852,10,73.3,17.0,96.5,1,early_warning
852,11,69.7,16.4,96.9,1,early_warning
852,12,69.4,16.4,97.1,1,early_warning
852,13,70.0,16.2,97.1,1,early_warning
852,14,70.3,15.8,97.2,1,early_warning
852,15,70.1,15.8,97.3,1,early_warning
852,16,70.6,15.8,97.2,1,early_warning
852,17,70.8,15.6,97.0,1,early_warning
852,18,71.5,16.2,96.9,1,early_warning
852,19,71.6,16.5,96.7,1,early_warning
852,20,74.5,16.8,96.8,1,early_warning
852,21,73.7,17.0,96.5,1,early_warning
852,22,74.5,17.2,96.4,1,early_warning
852,23,75.1,17.8,96.4,1,early_warning
852,24,75.2,18.1,96.3,1,early_warning
853,1,86.4,14.6,96.0,1,early_warning
853,2,90.8,16.7,94.6,1,early_warning
853,3,98.1,19.4,92.6,1,early_warning
853,4,103.1,20.4,91.7,1,early_warning
853,5,98.1,19.5,92.9,1,early_warning
853,6,90.9,17.5,95.1,1,early_warning
853,7,85.4,15.6,96.3,1,early_warning
853,8,83.3,14.9,96.9,1,early_warning
853,9,81.1,14.9,96.9,1,early_warning
853,10,81.0,14.8,97.0,1,early_warning
853,11,81.7,14.8,96.8,1,early_warning
853,12,81.5,14.5,96.7,1,early_warning
853,13,82.0,14.7,96.7,1,early_warning
853,14,83.1,14.7,96.8,1,early_warning
853,15,81.9,14.3,96.7,1,early_warning
853,16,81.6,14.4,96.8,1,early_warning
853,17,82.0,14.5,96.7,1,early_warning
853,18,84.3,15.1,96.8,1,early_warning
853,19,84.9,15.2,96.7,1,early_warning
853,20,84.5,15.8,96.4,1,early_warning
853,21,84.1,16.0,96.3,1,early_warning
853,22,84.1,16.2,96.3,1,early_warning
853,23,86.0,16.7,96.2,1,early_warning
853,24,87.0,17.1,95.8,1,early_warning
854,1,78.7,14.8,97.8,1,early_warning
854,2,78.8,14.8,98.1,1,early_warning
854,3,79.2,15.0,97.9,1,early_warning
854,4,77.9,15.1,98.0,1,early_warning
854,5,80.3,15.8,97.3,1,early_warning
854,6,86.1,17.9,96.0,1,early_warning
854,7,95.4,20.3,94.0,1,early_warning
854,8,100.2,21.2,93.1,1,early_warning
854,9,96.1,19.7,94.0,1,early_warning
854,10,89.1,17.6,96.0,1,early_warning
854,11,83.0,15.8,97.7,1,early_warning
854,12,82.4,15.0,98.2,1,early_warning
854,13,82.1,15.0,98.2,1,early_warning
854,14,80.3,15.3,98.4,1,early_warning
854,15,81.6,15.0,98.3,1,early_warning
854,16,81.1,14.8,98.4,1,early_warning
854,17,82.3,15.2,98.0,1,early_warning
854,18,82.4,15.0,97.7,1,early_warning
854,19,83.2,16.0,97.4,1,early_warning
854,20,83.7,15.7,97.2,1,early_warning
854,21,84.2,15.9,97.3,1,early_warning
854,22,85.7,16.5,97.2,1,early_warning
854,23,84.4,16.7,97.0,1,early_warning
854,24,85.9,16.8,96.7,1,early_warning
855,1,75.3,19.1,98.0,1,gradual
855,2,76.8,18.6,97.8,1,gradual
855,3,79.0,18.6,97.8,1,gradual
855,4,78.7,18.4,97.5,1,gradual
855,5,80.7,18.6,97.2,1,gradual
855,6,82.7,19.2,97.0,1,gradual
855,7,83.1,19.4,96.6,1,gradual
855,8,82.6,20.1,96.3,1,gradual
855,9,84.5,20.1,96.1,1,gradual
855,10,84.6,20.3,95.7,1,gradual
855,11,86.2,20.1,95.7,1,gradual
855,12,88.0,20.9,95.4,1,gradual
855,13,87.7,21.1,95.3,1,gradual
855,14,87.8,21.1,95.0,1,gradual
855,15,87.6,21.7,94.6,1,gradual
855,16,88.5,21.8,94.4,1,gradual
855,17,88.4,21.8,94.1,1,gradual
855,18,87.7,22.2,94.1,1,gradual
855,19,90.2,22.8,93.9,1,gradual
855,20,92.3,23.2,93.7,1,gradual
855,21,94.3,23.6,93.3,1,gradual
855,22,93.0,24.2,93.1,1,gradual
855,23,93.5,24.1,93.0,1,gradual
855,24,95.4,24.2,92.6,1,gradual
856,1,69.6,16.8,96.7,1,gradual
856,2,72.3,17.0,96.5,1,gradual
856,3,72.2,17.4,96.2,1,gradual
856,4,73.6,17.7,95.9,1,gradual
856,5,73.9,17.8,95.8,1,gradual
856,6,74.6,17.7,95.7,1,gradual
856,7,77.1,17.7,95.4,1,gradual
856,8,76.5,17.3,95.2,1,gradual
856,9,76.5,17.9,95.1,1,gradual
856,10,77.5,18.0,94.6,1,gradual
856,11,79.6,18.6,94.5,1,gradual
856,12,79.3,19.1,94.2,1,gradual
856,13,79.0,19.0,94.1,1,gradual
856,14,80.3,19.4,94.0,1,gradual
856,15,80.7,19.8,93.5,1,gradual
856,16,82.6,20.0,93.3,1,gradual
856,17,83.1,20.6,93.3,1,gradual
856,18,83.8,21.2,93.1,1,gradual
856,19,83.2,21.0,92.8,1,gradual
856,20,84.2,21.4,92.5,1,gradual
856,21,85.1,21.8,92.2,1,gradual
856,22,84.3,21.8,91.9,1,gradual
856,23,86.5,21.6,91.6,1,gradual
856,24,87.4,22.5,91.4,1,gradual
857,1,75.3,17.5,97.1,1,early_warning
857,2,75.7,17.6,97.0,1,early_warning
857,3,77.3,18.2,96.6,1,early_warning
857,4,82.8,20.1,95.3,1,early_warning
857,5,90.0,22.5,93.4,1,early_warning
857,6,91.7,23.8,92.4,1,early_warning
857,7,86.7,22.5,93.4,1,early_warning
857,8,78.9,19.6,95.2,1,early_warning
857,9,74.2,17.7,96.9,1,early_warning
857,10,70.4,17.2,97.6,1,early_warning
857,11,70.4,17.0,97.7,1,early_warning
857,12,70.3,17.2,97.6,1,early_warning
857,13,69.7,17.2,97.2,1,early_warning
857,14,69.3,17.0,97.3,1,early_warning
857,15,68.0,17.4,97.4,1,early_warning
857,16,67.8,17.5,97.5,1,early_warning
857,17,69.5,17.4,97.3,1,early_warning
857,18,71.5,17.5,97.2,1,early_warning
857,19,72.5,18.3,96.9,1,early_warning
857,20,73.1,18.5,96.9,1,early_warning
857,21,75.9,18.7,96.8,1,early_warning
857,22,76.4,19.3,96.7,1,early_warning
857,23,76.4,19.8,96.6,1,early_warning
857,24,77.4,19.4,96.4,1,early_warning
858,1,77.9,15.6,97.5,1,early_warning
858,2,79.5,16.4,97.1,1,early_warning
858,3,85.1,18.0,95.7,1,early_warning
858,4,92.2,20.6,93.8,1,early_warning
858,5,95.3,21.7,92.8,1,early_warning
858,6,91.8,20.5,93.8,1,early_warning
858,7,85.4,18.3,95.7,1,early_warning
858,8,79.5,16.6,97.2,1,early_warning
858,9,75.2,16.1,97.8,1,early_warning
858,10,75.9,16.1,98.1,1,early_warning
858,11,76.7,15.8,98.2,1,early_warning
858,12,76.3,16.2,97.8,1,early_warning
858,13,76.6,16.3,98.0,1,early_warning
858,14,76.5,15.6,97.8,1,early_warning
858,15,76.5,15.5,97.7,1,early_warning
858,16,75.7,15.8,97.6,1,early_warning
858,17,77.0,16.4,97.6,1,early_warning
858,18,77.1,16.3,97.4,1,early_warning
858,19,76.8,16.8,97.3,1,early_warning
858,20,78.5,16.8,97.0,1,early_warning
858,21,78.3,16.9,96.9,1,early_warning
858,22,78.7,17.1,96.8,1,early_warning
858,23,79.7,17.5,96.5,1,early_warning
858,24,79.5,18.0,96.4,1,early_warning
859,1,74.0,14.4,96.8,1,gradual
859,2,75.6,14.3,96.3,1,gradual
859,3,77.4,14.7,96.3,1,gradual
859,4,77.8,15.3,95.9,1,gradual
859,5,79.0,15.6,95.6,1,gradual
859,6,80.2,15.4,95.4,1,gradual
859,7,81.0,16.3,95.2,1,gradual
859,8,81.4,15.8,95.0,1,gradual
859,9,82.0,16.2,94.9,1,gradual
859,10,82.6,16.6,94.9,1,gradual
859,11,84.3,16.9,94.6,1,gradual
859,12,84.3,17.2,94.2,1,gradual
859,13,84.5,17.3,94.1,1,gradual
859,14,84.7,17.9,93.7,1,gradual
859,15,86.4,18.0,93.7,1,gradual
859,16,87.9,18.0,93.4,1,gradual
859,17,87.5,18.3,93.2,1,gradual
859,18,88.1,19.0,92.9,1,gradual
859,19,89.2,19.4,92.7,1,gradual
859,20,91.2,19.5,92.2,1,gradual
859,21,91.3,19.6,92.1,1,gradual
859,22,91.5,19.8,92.0,1,gradual
859,23,91.4,20.4,91.6,1,gradual
859,24,93.1,19.9,91.5,1,gradual
860,1,81.4,15.5,97.8,1,early_warning
860,2,83.4,15.9,97.1,1,early_warning
860,3,89.0,17.4,95.6,1,early_warning
860,4,96.1,19.2,93.4,1,early_warning
860,5,100.5,20.4,92.7,1,early_warning
860,6,97.0,19.7,93.8,1,early_warning
860,7,87.8,17.5,95.6,1,early_warning
860,8,82.0,16.5,96.9,1,early_warning
860,9,80.5,15.6,97.2,1,early_warning
860,10,80.3,15.4,97.4,1,early_warning
860,11,80.6,15.3,97.7,1,early_warning
860,12,79.8,14.7,97.5,1,early_warning
860,13,80.1,14.8,97.5,1,early_warning
860,14,81.6,15.1,97.7,1,early_warning
860,15,79.8,14.9,97.4,1,early_warning
860,16,80.9,15.4,97.4,1,early_warning
860,17,82.6,15.3,97.4,1,early_warning
860,18,82.9,15.5,97.3,1,early_warning
860,19,83.2,15.4,97.4,1,early_warning
860,20,83.9,15.8,97.0,1,early_warning
860,21,83.2,15.9,96.8,1,early_warning
860,22,84.3,16.5,96.6,1,early_warning
860,23,85.8,16.8,96.5,1,early_warning
860,24,86.8,17.2,96.6,1,early_warning
861,1,74.3,14.2,95.9,1,gradual
861,2,75.4,14.0,96.0,1,gradual
861,3,75.8,14.6,96.0,1,gradual
861,4,76.7,14.6,95.6,1,gradual
861,5,78.4,14.8,95.6,1,gradual
861,6,79.0,15.4,95.4,1,gradual
861,7,80.1,16.0,95.4,1,gradual
861,8,80.7,16.4,95.1,1,gradual
861,9,81.8,16.4,95.0,1,gradual
861,10,81.6,17.0,94.7,1,gradual
861,11,82.5,17.2,94.3,1,gradual
861,12,83.4,17.4,94.0,1,gradual
861,13,84.1,17.4,93.8,1,gradual
861,14,84.3,17.6,93.6,1,gradual
861,15,85.9,18.0,93.4,1,gradual
861,16,86.4,17.9,93.1,1,gradual
861,17,86.9,18.4,92.8,1,gradual
861,18,87.2,18.9,92.5,1,gradual
861,19,88.7,19.2,92.3,1,gradual
861,20,90.9,19.2,92.2,1,gradual
861,21,91.3,19.3,91.9,1,gradual
861,22,91.6,19.5,91.7,1,gradual
861,23,91.5,19.5,91.2,1,gradual
861,24,90.7,20.2,91.1,1,gradual
862,1,73.2,16.7,97.1,1,gradual
862,2,74.8,16.8,96.9,1,gradual
862,3,76.2,17.8,96.8,1,gradual
862,4,77.5,17.8,96.6,1,gradual
862,5,76.7,17.3,96.5,1,gradual
862,6,75.3,17.9,96.2,1,gradual
862,7,77.0,17.9,96.0,1,gradual
862,8,78.3,18.1,95.8,1,gradual
862,9,78.7,18.7,95.6,1,gradual
862,10,80.5,19.5,95.4,1,gradual
862,11,81.9,19.6,95.5,1,gradual
862,12,80.7,20.0,95.2,1,gradual
862,13,80.9,20.3,95.0,1,gradual
862,14,80.9,20.3,94.8,1,gradual
862,15,82.0,20.6,94.4,1,gradual
862,16,83.2,20.8,94.4,1,gradual
862,17,84.5,20.7,94.1,1,gradual
862,18,84.1,20.9,94.1,1,gradual
862,19,86.0,21.6,94.0,1,gradual
862,20,86.4,21.5,93.6,1,gradual
862,21,88.6,21.8,93.3,1,gradual
862,22,88.2,21.8,93.2,1,gradual
862,23,89.7,22.5,92.8,1,gradual
862,24,91.0,23.1,92.6,1,gradual
863,1,77.1,17.3,98.1,1,early_warning
863,2,77.9,17.0,98.2,1,early_warning
863,3,76.9,16.9,98.4,1,early_warning
863,4,77.4,17.4,98.4,1,early_warning
863,5,80.3,17.9,97.8,1,early_warning
863,6,84.8,19.3,96.2,1,early_warning
863,7,90.3,21.9,94.4,1,early_warning
863,8,93.8,23.0,93.3,1,early_warning
863,9,91.3,21.7,94.3,1,early_warning
863,10,84.3,19.5,96.1,1,early_warning
863,11,78.8,17.5,97.6,1,early_warning
863,12,77.4,17.3,98.1,1,early_warning
863,13,77.0,17.0,98.3,1,early_warning
863,14,77.9,17.1,98.5,1,early_warning
863,15,77.2,17.2,98.4,1,early_warning
863,16,77.2,17.4,98.6,1,early_warning
863,17,78.9,17.6,98.5,1,early_warning
863,18,79.6,17.9,98.3,1,early_warning
863,19,80.1,18.0,98.0,1,early_warning
863,20,81.0,18.2,97.8,1,early_warning
863,21,81.0,18.0,97.5,1,early_warning
863,22,81.1,18.8,97.5,1,early_warning
863,23,81.5,19.0,97.4,1,early_warning
863,24,81.2,19.3,97.2,1,early_warning
864,1,83.6,17.3,98.3,1,gradual
864,2,82.9,17.4,98.2,1,gradual
864,3,83.4,17.3,97.9,1,gradual
864,4,83.8,17.7,97.6,1,gradual
864,5,84.5,17.7,97.1,1,gradual
864,6,82.9,17.6,96.9,1,gradual
864,7,84.2,18.0,96.6,1,gradual
864,8,85.5,18.7,96.5,1,gradual
864,9,85.2,19.0,96.2,1,gradual
864,10,86.7,19.4,96.2,1,gradual
864,11,87.4,19.7,95.9,1,gradual
864,12,87.2,20.1,95.6,1,gradual
864,13,88.1,21.0,95.3,1,gradual
864,14,87.7,21.1,95.2,1,gradual
864,15,87.4,21.1,95.1,1,gradual
864,16,90.0,21.0,94.9,1,gradual
864,17,90.5,21.1,94.6,1,gradual
864,18,92.0,21.5,94.2,1,gradual
864,19,93.8,21.5,93.9,1,gradual
864,20,93.8,22.1,93.8,1,gradual
864,21,94.9,22.0,93.6,1,gradual
864,22,94.5,22.6,93.5,1,gradual
864,23,95.6,22.7,93.4,1,gradual
864,24,96.5,23.1,93.3,1,gradual
865,1,76.5,17.0,97.9,1,gradual
865,2,76.9,17.4,97.7,1,gradual
865,3,76.7,17.2,97.5,1,gradual
865,4,76.4,17.5,97.2,1,gradual
865,5,77.8,18.0,97.1,1,gradual
865,6,79.1,18.6,97.0,1,gradual
865,7,79.8,19.2,96.9,1,gradual
865,8,79.2,19.3,96.7,1,gradual
865,9,79.2,19.5,96.4,1,gradual
865,10,80.4,20.0,96.2,1,gradual
865,11,81.5,19.9,95.9,1,gradual
865,12,81.8,20.3,95.9,1,gradual
865,13,83.3,20.4,95.5,1,gradual
865,14,84.0,21.0,95.3,1,gradual
865,15,83.8,21.2,95.1,1,gradual
865,16,84.6,21.2,94.9,1,gradual
865,17,84.1,21.5,94.6,1,gradual
865,18,84.2,21.9,94.3,1,gradual
865,19,85.0,22.3,94.0,1,gradual
865,20,85.4,22.6,93.9,1,gradual
865,21,87.5,22.2,93.4,1,gradual
865,22,88.5,22.4,93.2,1,gradual
865,23,89.0,22.5,93.2,1,gradual
865,24,89.5,23.6,93.2,1,gradual
866,1,65.9,16.9,98.4,1,gradual
866,2,69.0,17.0,98.1,1,gradual
866,3,71.3,17.3,97.8,1,gradual
866,4,72.7,17.3,97.4,1,gradual
866,5,73.8,17.7,97.2,1,gradual
866,6,74.2,18.1,96.8,1,gradual
866,7,75.1,18.6,96.7,1,gradual
866,8,76.3,18.8,96.4,1,gradual
866,9,76.8,19.4,96.2,1,gradual
866,10,78.1,19.4,95.8,1,gradual
866,11,77.7,20.0,95.7,1,gradual
866,12,78.3,20.2,95.4,1,gradual
866,13,77.7,20.8,95.0,1,gradual
866,14,79.3,20.8,94.9,1,gradual
866,15,78.2,21.1,94.6,1,gradual
866,16,80.4,21.4,94.6,1,gradual
866,17,80.4,21.9,94.5,1,gradual
866,18,82.9,22.4,94.3,1,gradual
866,19,83.7,22.1,94.0,1,gradual
866,20,85.4,22.4,93.9,1,gradual
866,21,85.2,22.8,93.3,1,gradual
866,22,85.9,22.9,93.1,1,gradual
866,23,87.4,23.3,92.9,1,gradual
866,24,87.5,23.6,92.6,1,gradual
867,1,87.1,16.5,97.8,1,early_warning
867,2,86.7,16.6,97.7,1,early_warning
867,3,87.2,16.6,97.2,1,early_warning
867,4,88.8,17.7,96.6,1,early_warning
867,5,94.3,19.2,95.6,1,early_warning
867,6,102.4,21.6,93.7,1,early_warning
867,7,105.7,22.5,92.7,1,early_warning
867,8,101.3,21.2,93.7,1,early_warning
867,9,93.0,18.5,95.8,1,early_warning
867,10,86.8,16.3,97.1,1,early_warning
867,11,84.9,16.1,97.5,1,early_warning
867,12,84.5,16.2,97.9,1,early_warning
867,13,85.3,16.6,97.8,1,early_warning
867,14,85.8,16.3,97.8,1,early_warning
867,15,85.8,16.2,97.7,1,early_warning
867,16,86.3,16.3,97.7,1,early_warning
867,17,85.4,16.9,97.7,1,early_warning
867,18,85.8,17.0,97.5,1,early_warning
867,19,85.8,16.9,97.2,1,early_warning
867,20,86.6,17.2,97.2,1,early_warning
867,21,87.1,17.9,97.0,1,early_warning
867,22,87.4,17.7,96.7,1,early_warning
867,23,87.1,18.4,96.7,1,early_warning
867,24,88.2,18.5,96.4,1,early_warning
868,1,77.3,16.5,97.1,1,early_warning
868,2,81.4,18.2,95.6,1,early_warning
868,3,89.7,20.7,93.7,1,early_warning
868,4,93.5,22.5,92.6,1,early_warning
868,5,89.3,21.5,93.6,1,early_warning
868,6,82.4,18.8,95.4,1,early_warning
868,7,75.8,17.4,96.7,1,early_warning
868,8,72.9,16.5,97.1,1,early_warning
868,9,72.6,16.3,97.1,1,early_warning
868,10,70.9,16.2,97.3,1,early_warning
868,11,71.1,16.5,97.6,1,early_warning
868,12,70.6,16.5,97.5,1,early_warning
868,13,70.3,16.0,97.4,1,early_warning
868,14,70.3,16.0,97.4,1,early_warning
868,15,71.0,16.3,97.5,1,early_warning
868,16,69.9,16.2,97.2,1,early_warning
868,17,71.1,16.6,97.1,1,early_warning
868,18,72.4,16.7,97.1,1,early_warning
868,19,73.4,17.6,97.0,1,early_warning
868,20,75.1,17.6,96.7,1,early_warning
868,21,75.6,18.0,96.4,1,early_warning
868,22,75.7,18.0,96.2,1,early_warning
868,23,77.7,18.2,96.1,1,early_warning
868,24,77.9,18.2,96.0,1,early_warning
869,1,79.4,16.2,96.8,1,early_warning
869,2,79.9,16.4,96.4,1,early_warning
869,3,85.8,17.9,95.0,1,early_warning
869,4,94.4,20.2,93.3,1,early_warning
869,5,97.1,21.5,92.2,1,early_warning
869,6,93.4,20.1,93.3,1,early_warning
869,7,85.2,18.1,95.1,1,early_warning
869,8,81.4,16.5,96.6,1,early_warning
869,9,78.5,15.9,97.1,1,early_warning
869,10,78.4,15.4,97.2,1,early_warning
869,11,77.8,15.9,97.1,1,early_warning
869,12,76.9,16.0,97.0,1,early_warning
869,13,78.3,15.9,97.1,1,early_warning
869,14,77.7,15.4,97.2,1,early_warning
869,15,78.3,15.5,97.1,1,early_warning
869,16,77.5,15.1,97.1,1,early_warning
869,17,79.5,15.3,96.9,1,early_warning
869,18,78.9,15.8,96.9,1,early_warning
869,19,80.4,16.3,96.6,1,early_warning
869,20,82.3,16.4,96.5,1,early_warning
869,21,81.7,16.6,96.4,1,early_warning
869,22,82.5,17.2,96.1,1,early_warning
869,23,81.9,17.4,95.9,1,early_warning
869,24,83.8,17.7,95.9,1,early_warning
870,1,81.9,15.3,98.2,1,gradual
870,2,83.8,15.1,97.9,1,gradual
870,3,84.9,15.4,97.9,1,gradual
870,4,87.6,16.0,97.9,1,gradual
870,5,87.0,15.8,97.5,1,gradual
870,6,87.8,16.6,97.0,1,gradual
870,7,88.8,16.9,96.9,1,gradual
870,8,88.8,17.2,96.8,1,gradual
870,9,89.6,17.4,96.5,1,gradual
870,10,89.9,17.3,96.1,1,gradual
870,11,90.5,17.0,96.0,1,gradual
870,12,91.5,18.0,95.6,1,gradual
870,13,91.2,18.2,95.6,1,gradual
870,14,91.1,18.8,95.4,1,gradual
870,15,92.6,19.1,95.0,1,gradual
870,16,93.8,19.5,94.9,1,gradual
870,17,95.1,19.2,94.7,1,gradual
870,18,96.7,19.3,94.5,1,gradual
870,19,95.8,19.3,94.3,1,gradual
870,20,96.2,19.8,94.2,1,gradual
870,21,95.6,20.7,94.2,1,gradual
870,22,97.1,20.7,93.8,1,gradual
870,23,97.5,21.0,93.3,1,gradual
870,24,98.6,20.9,93.3,1,gradual
871,1,73.7,18.2,98.0,1,early_warning
871,2,72.1,18.5,97.9,1,early_warning
871,3,73.6,18.9,97.9,1,early_warning
871,4,75.5,19.4,97.3,1,early_warning
871,5,80.0,20.8,95.8,1,early_warning
871,6,88.1,22.8,93.8,1,early_warning
871,7,91.4,24.0,92.9,1,early_warning
871,8,88.6,22.9,93.9,1,early_warning
871,9,81.1,20.4,95.9,1,early_warning
871,10,75.2,18.5,97.3,1,early_warning
871,11,73.7,17.4,97.8,1,early_warning
871,12,72.7,17.6,97.9,1,early_warning
871,13,72.9,17.6,98.2,1,early_warning
871,14,71.4,17.9,98.1,1,early_warning
871,15,71.6,18.4,97.9,1,early_warning
871,16,71.3,18.2,98.2,1,early_warning
871,17,72.5,18.6,98.0,1,early_warning
871,18,74.7,18.7,97.8,1,early_warning
871,19,76.0,19.2,97.7,1,early_warning
871,20,75.5,19.7,97.7,1,early_warning
871,21,77.6,19.4,97.6,1,early_warning
871,22,77.7,20.0,97.4,1,early_warning
871,23,78.9,20.5,97.2,1,early_warning
871,24,80.2,21.0,97.1,1,early_warning
872,1,68.7,17.0,97.4,1,gradual
872,2,69.6,17.3,96.8,1,gradual
872,3,71.9,17.4,96.5,1,gradual
872,4,71.1,17.1,96.4,1,gradual
872,5,71.7,17.5,96.2,1,gradual
872,6,73.0,17.8,95.6,1,gradual
872,7,74.8,18.1,95.4,1,gradual
872,8,76.3,18.4,95.3,1,gradual
872,9,76.5,18.5,95.1,1,gradual
872,10,75.6,19.3,95.0,1,gradual
872,11,76.8,19.5,94.7,1,gradual
872,12,77.1,19.6,94.4,1,gradual
872,13,78.4,19.6,94.0,1,gradual
872,14,79.1,20.0,93.9,1,gradual
872,15,79.3,20.4,93.8,1,gradual
872,16,79.7,20.6,93.7,1,gradual
872,17,80.5,20.7,93.2,1,gradual
872,18,83.4,21.0,93.0,1,gradual
872,19,82.7,21.2,92.9,1,gradual
872,20,84.2,21.7,92.8,1,gradual
872,21,83.7,21.5,92.7,1,gradual
872,22,82.6,21.7,92.5,1,gradual
872,23,84.1,22.2,92.1,1,gradual
872,24,85.6,22.4,91.8,1,gradual
873,1,71.5,16.8,97.8,1,early_warning
873,2,73.1,17.3,97.9,1,early_warning
873,3,73.0,17.9,97.9,1,early_warning
873,4,74.0,17.6,97.5,1,early_warning
873,5,74.7,18.4,97.1,1,early_warning
873,6,80.8,19.5,95.8,1,early_warning
873,7,89.0,22.6,93.6,1,early_warning
873,8,94.1,23.8,92.6,1,early_warning
873,9,90.3,22.5,93.7,1,early_warning
873,10,82.4,20.2,95.6,1,early_warning
873,11,77.6,18.2,97.0,1,early_warning
873,12,76.8,17.3,97.5,1,early_warning
873,13,76.7,17.5,97.6,1,early_warning
873,14,76.5,17.8,97.8,1,early_warning
873,15,75.1,17.5,97.7,1,early_warning
873,16,74.7,17.3,97.7,1,early_warning
873,17,75.4,17.4,97.5,1,early_warning
873,18,75.1,18.1,97.3,1,early_warning
873,19,76.0,18.7,97.0,1,early_warning
873,20,77.1,19.0,96.9,1,early_warning
873,21,77.1,19.2,96.8,1,early_warning
873,22,77.3,19.4,96.6,1,early_warning
873,23,79.2,19.3,96.4,1,early_warning
873,24,79.5,19.5,96.1,1,early_warning
874,1,73.3,15.3,97.9,1,early_warning
874,2,74.0,14.8,98.1,1,early_warning
874,3,76.2,15.2,98.0,1,early_warning
874,4,76.9,15.6,97.5,1,early_warning
874,5,84.5,17.0,95.9,1,early_warning
874,6,91.0,19.2,93.9,1,early_warning
874,7,96.2,20.6,93.2,1,early_warning
874,8,91.5,19.2,94.3,1,early_warning
874,9,83.1,16.8,96.1,1,early_warning
874,10,77.0,15.1,97.5,1,early_warning
874,11,75.1,14.2,98.0,1,early_warning
874,12,74.5,13.7,98.2,1,early_warning
874,13,74.8,14.0,98.1,1,early_warning
874,14,74.9,14.0,98.2,1,early_warning
874,15,73.9,14.3,98.1,1,early_warning
874,16,73.3,14.4,98.1,1,early_warning
874,17,73.8,14.3,97.8,1,early_warning
874,18,73.8,14.3,97.7,1,early_warning
874,19,75.0,14.9,97.5,1,early_warning
874,20,75.5,14.8,97.3,1,early_warning
874,21,76.2,15.6,97.3,1,early_warning
874,22,77.5,15.6,97.5,1,early_warning
874,23,77.2,15.6,97.5,1,early_warning
874,24,78.3,16.1,97.2,1,early_warning
875,1,84.2,17.8,98.0,1,gradual
875,2,85.2,17.7,97.8,1,gradual
875,3,85.7,17.5,97.6,1,gradual
875,4,86.4,17.9,97.3,1,gradual
875,5,87.0,17.8,97.1,1,gradual
875,6,88.0,18.0,96.8,1,gradual
875,7,89.0,18.5,96.6,1,gradual
875,8,90.1,18.7,96.4,1,gradual
875,9,91.1,19.1,96.3,1,gradual
875,10,91.1,19.1,96.1,1,gradual
875,11,91.3,19.1,95.7,1,gradual
875,12,91.8,19.3,95.3,1,gradual
875,13,92.6,19.5,95.1,1,gradual
875,14,92.0,19.9,94.7,1,gradual
875,15,92.1,20.4,94.4,1,gradual
875,16,93.5,20.7,94.4,1,gradual
875,17,95.0,20.8,94.1,1,gradual
875,18,95.9,21.0,94.0,1,gradual
875,19,97.5,21.0,93.6,1,gradual
875,20,98.2,21.4,93.5,1,gradual
875,21,98.4,21.5,93.5,1,gradual
875,22,99.7,21.2,93.3,1,gradual
875,23,100.1,21.9,93.1,1,gradual
875,24,100.6,22.4,93.0,1,gradual
876,1,85.6,18.0,97.7,1,early_warning
876,2,90.1,19.0,96.3,1,early_warning
876,3,97.4,21.8,94.2,1,early_warning
876,4,100.4,22.9,92.9,1,early_warning
876,5,95.3,21.7,94.1,1,early_warning
876,6,86.4,19.5,96.1,1,early_warning
876,7,82.6,18.1,97.3,1,early_warning
876,8,81.0,17.2,98.2,1,early_warning
876,9,80.0,16.9,98.3,1,early_warning
876,10,80.3,16.9,98.3,1,early_warning
876,11,79.4,17.0,98.2,1,early_warning
876,12,79.4,17.2,98.1,1,early_warning
876,13,78.8,17.3,98.1,1,early_warning
876,14,79.8,17.5,98.1,1,early_warning
876,15,80.2,17.6,98.1,1,early_warning
876,16,80.0,17.0,98.2,1,early_warning
876,17,79.8,17.4,98.0,1,early_warning
876,18,79.8,17.6,97.9,1,early_warning
876,19,79.5,17.7,97.9,1,early_warning
876,20,82.2,18.0,97.6,1,early_warning
876,21,81.7,18.1,97.6,1,early_warning
876,22,84.5,18.0,97.2,1,early_warning
876,23,83.4,18.4,96.9,1,early_warning
876,24,83.9,19.0,96.6,1,early_warning
877,1,77.1,14.2,98.1,1,gradual
877,2,78.0,14.9,97.8,1,gradual
877,3,79.5,14.9,97.6,1,gradual
877,4,80.4,14.8,97.5,1,gradual
877,5,79.3,15.3,97.3,1,gradual
877,6,80.0,16.5,96.8,1,gradual
877,7,80.8,16.8,96.7,1,gradual
877,8,81.4,17.5,96.6,1,gradual
877,9,82.1,17.4,96.5,1,gradual
877,10,82.6,17.5,96.5,1,gradual
877,11,84.3,17.5,96.1,1,gradual
877,12,84.6,18.1,95.9,1,gradual
877,13,85.4,18.4,95.8,1,gradual
877,14,85.6,18.8,95.6,1,gradual
877,15,85.0,19.0,95.2,1,gradual
877,16,85.6,19.1,95.1,1,gradual
877,17,87.5,19.6,94.9,1,gradual
877,18,85.6,19.7,94.5,1,gradual
877,19,86.9,19.7,94.2,1,gradual
877,20,87.9,20.6,94.1,1,gradual
877,21,89.1,20.7,93.9,1,gradual
877,22,89.9,20.7,93.8,1,gradual
877,23,90.8,20.7,93.4,1,gradual
877,24,92.5,21.3,93.2,1,gradual
878,1,79.0,15.8,97.1,1,early_warning
878,2,82.2,16.4,96.9,1,early_warning
878,3,86.7,18.5,95.5,1,early_warning
878,4,95.1,20.7,93.6,1,early_warning
878,5,97.9,22.1,92.7,1,early_warning
878,6,93.4,21.0,93.7,1,early_warning
878,7,86.4,18.7,95.6,1,early_warning
878,8,83.3,17.1,97.1,1,early_warning
878,9,81.6,16.4,97.5,1,early_warning
878,10,79.4,16.4,97.6,1,early_warning
878,11,78.5,16.1,97.8,1,early_warning
878,12,76.9,16.4,97.5,1,early_warning
878,13,77.8,16.5,97.7,1,early_warning
878,14,76.9,16.5,97.6,1,early_warning
878,15,77.1,15.9,97.5,1,early_warning
878,16,77.2,16.0,97.5,1,early_warning
878,17,78.6,16.1,97.7,1,early_warning
878,18,78.1,16.2,97.3,1,early_warning
878,19,78.0,16.4,97.1,1,early_warning
878,20,79.2,16.5,97.1,1,early_warning
878,21,80.3,17.0,97.1,1,early_warning
878,22,81.7,17.7,97.0,1,early_warning
878,23,81.7,17.6,96.8,1,early_warning
878,24,83.3,17.9,96.6,1,early_warning
879,1,74.1,13.5,96.7,1,early_warning
879,2,75.6,14.4,96.0,1,early_warning
879,3,80.4,16.1,94.8,1,early_warning
879,4,89.1,18.3,93.0,1,early_warning
879,5,93.0,19.7,91.9,1,early_warning
879,6,89.5,18.3,93.0,1,early_warning
879,7,83.0,15.8,95.0,1,early_warning
879,8,75.3,14.1,96.2,1,early_warning
879,9,71.5,13.4,96.7,1,early_warning
879,10,72.3,13.3,96.9,1,early_warning
879,11,73.1,13.5,96.8,1,early_warning
879,12,73.0,13.8,96.9,1,early_warning
879,13,73.3,14.1,96.8,1,early_warning
879,14,74.3,13.8,96.7,1,early_warning
879,15,73.6,14.2,96.8,1,early_warning
879,16,73.9,14.3,96.9,1,early_warning
879,17,75.6,14.5,96.6,1,early_warning
879,18,76.5,14.7,96.5,1,early_warning
879,19,77.3,14.9,96.2,1,early_warning
879,20,77.9,14.9,96.0,1,early_warning
879,21,78.4,14.9,95.8,1,early_warning
879,22,78.5,15.2,95.6,1,early_warning
879,23,79.0,15.4,95.6,1,early_warning
879,24,78.4,16.0,95.5,1,early_warning
880,1,78.6,15.3,96.2,1,early_warning
880,2,80.2,16.0,95.9,1,early_warning
880,3,85.0,17.8,95.0,1,early_warning
880,4,91.8,20.1,93.0,1,early_warning
880,5,96.3,21.2,91.8,1,early_warning
880,6,92.1,20.4,93.1,1,early_warning
880,7,84.6,17.8,95.0,1,early_warning
880,8,78.7,16.3,96.3,1,early_warning
880,9,77.1,15.9,96.8,1,early_warning
880,10,76.2,15.7,97.1,1,early_warning
880,11,76.0,15.8,97.0,1,early_warning
880,12,75.7,15.4,96.9,1,early_warning
880,13,74.8,15.7,96.9,1,early_warning
880,14,74.6,15.8,96.9,1,early_warning
880,15,75.5,15.8,96.8,1,early_warning
880,16,77.8,15.9,96.8,1,early_warning
880,17,77.0,16.0,96.7,1,early_warning
880,18,78.4,16.6,96.6,1,early_warning
880,19,78.7,16.4,96.4,1,early_warning
880,20,80.4,17.2,96.2,1,early_warning
880,21,82.2,17.4,96.2,1,early_warning
880,22,81.7,17.0,96.3,1,early_warning
880,23,82.5,17.1,96.0,1,early_warning
880,24,82.7,17.9,95.7,1,early_warning
881,1,80.9,15.1,97.7,1,early_warning
881,2,80.4,15.5,97.8,1,early_warning
881,3,81.5,15.3,97.7,1,early_warning
881,4,81.6,15.4,97.5,1,early_warning
881,5,85.8,16.3,97.1,1,early_warning
881,6,92.2,18.1,95.8,1,early_warning
881,7,99.0,20.7,93.7,1,early_warning
881,8,103.1,21.3,92.8,1,early_warning
881,9,99.2,20.6,93.9,1,early_warning
881,10,89.6,18.1,96.0,1,early_warning
881,11,84.8,16.6,97.3,1,early_warning
881,12,83.3,15.7,97.7,1,early_warning
881,13,82.4,15.7,98.0,1,early_warning
881,14,82.8,15.7,98.1,1,early_warning
881,15,82.5,15.9,98.2,1,early_warning
881,16,82.0,16.2,98.2,1,early_warning
881,17,82.4,16.4,98.0,1,early_warning
881,18,83.3,16.1,97.8,1,early_warning
881,19,83.4,16.3,97.6,1,early_warning
881,20,85.4,16.8,97.4,1,early_warning
881,21,86.0,17.0,97.4,1,early_warning
881,22,85.5,17.3,97.3,1,early_warning
881,23,86.3,17.8,97.1,1,early_warning
881,24,87.2,17.7,96.9,1,early_warning
882,1,71.7,17.0,97.3,1,early_warning
882,2,77.6,18.6,95.9,1,early_warning
882,3,83.6,21.5,93.9,1,early_warning
882,4,87.7,23.0,92.9,1,early_warning
882,5,84.2,21.9,93.9,1,early_warning
882,6,76.1,19.7,95.9,1,early_warning
882,7,70.5,17.4,97.3,1,early_warning
882,8,68.2,17.0,98.0,1,early_warning
882,9,66.1,16.9,98.1,1,early_warning
882,10,65.7,16.8,98.1,1,early_warning
882,11,66.3,16.9,98.0,1,early_warning
882,12,66.7,16.9,97.8,1,early_warning
882,13,67.0,17.0,98.0,1,early_warning
882,14,68.1,16.9,98.0,1,early_warning
882,15,69.0,16.8,97.8,1,early_warning
882,16,68.7,17.3,97.7,1,early_warning
882,17,69.2,17.4,97.5,1,early_warning
882,18,69.6,17.6,97.6,1,early_warning
882,19,71.0,17.9,97.5,1,early_warning
882,20,72.3,18.4,97.2,1,early_warning
882,21,72.9,18.7,97.2,1,early_warning
882,22,73.6,18.3,97.2,1,early_warning
882,23,74.1,18.6,96.9,1,early_warning
882,24,74.9,19.0,96.6,1,early_warning
883,1,78.7,13.5,97.2,1,gradual
883,2,79.2,14.3,96.8,1,gradual
883,3,80.7,14.8,96.3,1,gradual
883,4,82.1,15.4,96.5,1,gradual
883,5,82.6,15.8,96.3,1,gradual
883,6,83.9,16.0,96.1,1,gradual
883,7,83.9,16.4,95.9,1,gradual
883,8,84.2,16.7,95.8,1,gradual
883,9,84.8,16.6,95.5,1,gradual
883,10,86.0,16.6,95.4,1,gradual
883,11,86.9,17.2,95.2,1,gradual
883,12,88.4,17.2,95.0,1,gradual
883,13,88.6,17.6,94.7,1,gradual
883,14,89.5,17.6,94.2,1,gradual
883,15,89.7,18.0,94.0,1,gradual
883,16,91.8,18.1,93.9,1,gradual
883,17,90.7,18.3,93.6,1,gradual
883,18,92.0,18.3,93.2,1,gradual
883,19,92.0,18.2,93.1,1,gradual
883,20,92.9,19.3,92.9,1,gradual
883,21,92.1,19.6,92.9,1,gradual
883,22,92.0,20.0,92.8,1,gradual
883,23,93.3,20.3,92.3,1,gradual
883,24,93.9,20.5,92.2,1,gradual
884,1,74.8,18.7,98.5,1,early_warning
884,2,75.4,18.9,98.3,1,early_warning
884,3,75.2,18.6,98.1,1,early_warning
884,4,78.0,19.2,97.6,1,early_warning
884,5,84.6,20.5,96.3,1,early_warning
884,6,93.6,22.8,94.1,1,early_warning
884,7,96.2,23.7,93.3,1,early_warning
884,8,93.0,22.9,94.5,1,early_warning
884,9,86.1,21.0,96.5,1,early_warning
884,10,81.0,19.3,97.9,1,early_warning
884,11,78.0,18.9,98.4,1,early_warning
884,12,77.1,18.4,98.6,1,early_warning
884,13,77.4,19.0,98.6,1,early_warning
884,14,76.3,18.8,98.4,1,early_warning
884,15,77.6,18.6,98.3,1,early_warning
884,16,77.3,18.5,98.3,1,early_warning
884,17,77.8,18.9,98.3,1,early_warning
884,18,79.2,19.0,98.3,1,early_warning
884,19,80.3,18.9,98.2,1,early_warning
884,20,81.7,19.3,97.8,1,early_warning
884,21,80.8,19.9,97.6,1,early_warning
884,22,80.3,20.4,97.4,1,early_warning
884,23,81.3,20.3,97.5,1,early_warning
884,24,82.1,20.8,97.4,1,early_warning
885,1,77.8,19.4,97.5,1,gradual
885,2,78.2,20.4,97.5,1,gradual
885,3,79.2,21.0,97.3,1,gradual
885,4,81.5,21.2,97.1,1,gradual
885,5,81.2,21.3,96.7,1,gradual
885,6,81.2,21.3,96.5,1,gradual
885,7,80.9,21.3,96.4,1,gradual
885,8,82.1,21.4,96.2,1,gradual
885,9,84.2,21.5,95.9,1,gradual
885,10,84.6,21.8,95.8,1,gradual
885,11,85.4,22.3,95.4,1,gradual
885,12,86.0,23.1,94.9,1,gradual
885,13,86.6,23.3,94.7,1,gradual
885,14,87.6,23.3,94.6,1,gradual
885,15,88.1,23.4,94.1,1,gradual
885,16,88.4,23.7,94.1,1,gradual
885,17,88.4,24.0,93.8,1,gradual
885,18,89.0,24.5,93.7,1,gradual
885,19,89.6,24.8,93.6,1,gradual
885,20,90.2,25.2,93.5,1,gradual
885,21,91.7,25.7,93.4,1,gradual
885,22,92.0,25.7,92.9,1,gradual
885,23,92.5,25.2,92.8,1,gradual
885,24,94.0,25.3,92.6,1,gradual
886,1,76.7,17.0,97.1,1,gradual
886,2,75.4,17.2,96.9,1,gradual
886,3,75.5,17.5,97.0,1,gradual
886,4,76.1,17.9,96.7,1,gradual
886,5,76.8,18.0,96.5,1,gradual
886,6,78.1,18.4,96.3,1,gradual
886,7,78.0,18.5,96.4,1,gradual
886,8,79.3,18.6,96.0,1,gradual
886,9,78.1,19.0,95.8,1,gradual
886,10,79.2,19.5,95.5,1,gradual
886,11,79.2,19.6,95.4,1,gradual
886,12,81.5,19.9,95.2,1,gradual
886,13,82.3,20.2,95.1,1,gradual
886,14,83.9,20.5,94.8,1,gradual
886,15,82.7,20.6,94.6,1,gradual
886,16,84.2,20.9,94.2,1,gradual
886,17,83.9,21.2,94.1,1,gradual
886,18,84.9,21.0,93.7,1,gradual
886,19,85.8,21.0,93.6,1,gradual
886,20,87.5,21.1,93.5,1,gradual
886,21,86.5,21.9,93.1,1,gradual
886,22,87.4,22.4,93.1,1,gradual
886,23,86.5,22.7,92.7,1,gradual
886,24,87.7,23.0,92.5,1,gradual
887,1,79.0,15.4,97.3,1,early_warning
887,2,82.7,16.0,96.8,1,early_warning
887,3,90.1,17.8,95.5,1,early_warning
887,4,99.4,20.2,93.6,1,early_warning
887,5,103.0,21.5,92.7,1,early_warning
887,6,98.7,20.2,93.6,1,early_warning
887,7,90.5,17.8,95.5,1,early_warning
887,8,85.2,16.4,96.8,1,early_warning
887,9,83.0,15.7,97.3,1,early_warning
887,10,83.1,15.3,97.6,1,early_warning
887,11,84.0,15.1,97.7,1,early_warning
887,12,82.1,15.0,97.7,1,early_warning
887,13,80.9,14.9,97.7,1,early_warning
887,14,81.8,15.3,97.7,1,early_warning
887,15,80.2,14.8,97.8,1,early_warning
887,16,81.5,15.0,97.8,1,early_warning
887,17,81.9,15.3,97.6,1,early_warning
887,18,84.1,15.2,97.4,1,early_warning
887,19,84.3,15.6,97.1,1,early_warning
887,20,84.7,15.8,97.3,1,early_warning
887,21,84.5,16.2,97.2,1,early_warning
887,22,84.8,16.7,96.7,1,early_warning
887,23,86.1,16.8,96.6,1,early_warning
887,24,86.1,17.1,96.4,1,early_warning
888,1,82.5,16.1,97.2,1,early_warning
888,2,82.7,15.8,97.0,1,early_warning
888,3,84.2,16.4,96.3,1,early_warning
888,4,89.9,17.9,95.0,1,early_warning
888,5,97.6,20.2,92.9,1,early_warning
888,6,101.8,21.2,92.0,1,early_warning
888,7,98.2,20.5,93.0,1,early_warning
888,8,89.4,18.0,94.8,1,early_warning
888,9,83.9,16.6,96.3,1,early_warning
888,10,81.3,15.9,96.9,1,early_warning
888,11,80.4,15.1,97.1,1,early_warning
888,12,80.7,14.9,97.1,1,early_warning
888,13,82.9,14.9,97.1,1,early_warning
888,14,82.0,14.9,97.0,1,early_warning
888,15,82.7,15.3,97.1,1,early_warning
888,16,81.5,15.3,97.0,1,early_warning
888,17,80.4,15.8,96.9,1,early_warning
888,18,82.2,16.2,96.6,1,early_warning
888,19,84.2,16.4,96.3,1,early_warning
888,20,84.9,16.4,96.5,1,early_warning
888,21,84.3,16.6,96.4,1,early_warning
888,22,85.2,16.9,96.2,1,early_warning
888,23,85.8,16.9,96.1,1,early_warning
888,24,85.7,17.0,95.7,1,early_warning
889,1,77.2,15.3,98.5,1,early_warning
889,2,77.8,15.6,98.4,1,early_warning
889,3,77.6,15.6,98.2,1,early_warning
889,4,79.5,16.0,97.6,1,early_warning
889,5,85.6,18.1,96.3,1,early_warning
889,6,92.9,20.4,94.3,1,early_warning
889,7,96.1,21.8,93.4,1,early_warning
889,8,92.1,20.2,94.3,1,early_warning
889,9,84.9,17.9,96.2,1,early_warning
889,10,80.0,16.0,97.5,1,early_warning
889,11,77.9,15.1,97.9,1,early_warning
889,12,77.9,15.4,98.2,1,early_warning
889,13,76.9,15.3,98.3,1,early_warning
889,14,77.3,14.8,98.4,1,early_warning
889,15,78.0,14.7,98.2,1,early_warning
889,16,78.1,14.9,98.2,1,early_warning
889,17,79.4,15.3,98.3,1,early_warning
889,18,80.3,15.6,98.2,1,early_warning
889,19,80.1,16.2,97.8,1,early_warning
889,20,82.4,16.4,97.4,1,early_warning
889,21,82.8,17.0,97.4,1,early_warning
889,22,83.5,17.1,97.4,1,early_warning
889,23,84.3,16.9,97.1,1,early_warning
889,24,84.3,16.9,97.2,1,early_warning
890,1,83.3,12.7,97.1,1,early_warning
890,2,82.7,13.3,97.0,1,early_warning
890,3,81.9,13.6,97.1,1,early_warning
890,4,82.3,13.5,97.0,1,early_warning
890,5,83.9,14.3,96.6,1,early_warning
890,6,88.4,15.7,95.2,1,early_warning
890,7,96.1,18.2,93.5,1,early_warning
890,8,100.7,19.4,92.6,1,early_warning
890,9,96.7,18.2,93.3,1,early_warning
890,10,88.7,16.2,95.0,1,early_warning
890,11,83.7,14.7,96.5,1,early_warning
890,12,81.0,14.4,97.2,1,early_warning
890,13,80.8,14.0,97.3,1,early_warning
890,14,81.2,13.6,97.2,1,early_warning
890,15,80.6,13.9,97.3,1,early_warning
890,16,81.5,13.8,97.3,1,early_warning
890,17,81.6,14.2,97.1,1,early_warning
890,18,81.3,14.2,97.1,1,early_warning
890,19,82.0,14.4,96.9,1,early_warning
890,20,81.8,14.6,96.5,1,early_warning
890,21,82.4,14.9,96.3,1,early_warning
890,22,83.2,15.3,96.2,1,early_warning
890,23,83.7,15.5,96.0,1,early_warning
890,24,86.3,15.4,95.9,1,early_warning
891,1,80.1,16.2,97.7,1,early_warning
891,2,81.6,16.2,98.0,1,early_warning
891,3,82.3,16.6,97.8,1,early_warning
891,4,83.9,17.2,97.2,1,early_warning
891,5,89.1,18.5,95.8,1,early_warning
891,6,97.0,20.8,93.5,1,early_warning
891,7,101.5,21.7,92.6,1,early_warning
891,8,97.9,20.9,93.6,1,early_warning
891,9,88.8,18.3,95.6,1,early_warning
891,10,83.7,16.7,97.2,1,early_warning
891,11,81.6,15.8,97.6,1,early_warning
891,12,81.8,15.5,97.8,1,early_warning
891,13,81.1,15.8,97.6,1,early_warning
891,14,80.1,15.8,97.7,1,early_warning
891,15,79.8,15.5,97.7,1,early_warning
891,16,79.0,15.8,97.9,1,early_warning
891,17,80.4,16.1,97.6,1,early_warning
891,18,81.5,16.3,97.6,1,early_warning
891,19,81.2,16.3,97.3,1,early_warning
891,20,82.2,16.9,97.2,1,early_warning
891,21,82.4,17.0,97.0,1,early_warning
891,22,83.6,17.2,96.9,1,early_warning
891,23,85.0,17.3,96.8,1,early_warning
891,24,85.8,17.4,96.5,1,early_warning
892,1,92.1,19.0,98.4,1,early_warning
892,2,93.7,19.6,97.8,1,early_warning
892,3,97.6,21.1,96.2,1,early_warning
892,4,105.5,23.2,94.5,1,early_warning
892,5,109.2,24.0,93.4,1,early_warning
892,6,105.0,22.6,94.3,1,early_warning
892,7,97.1,20.0,96.2,1,early_warning
892,8,90.8,18.5,97.6,1,early_warning
892,9,87.9,17.7,98.1,1,early_warning
892,10,88.2,17.9,98.0,1,early_warning
892,11,88.0,18.1,97.9,1,early_warning
892,12,87.2,17.9,98.0,1,early_warning
892,13,88.1,17.6,98.0,1,early_warning
892,14,88.9,17.8,98.0,1,early_warning
892,15,89.2,17.9,98.2,1,early_warning
892,16,89.1,18.2,98.2,1,early_warning
892,17,89.8,18.2,98.0,1,early_warning
892,18,87.9,18.4,98.0,1,early_warning
892,19,88.2,19.1,97.8,1,early_warning
892,20,88.4,19.0,97.8,1,early_warning
892,21,89.3,19.1,97.7,1,early_warning
892,22,89.6,19.3,97.4,1,early_warning
892,23,89.5,19.8,97.3,1,early_warning
892,24,90.0,19.9,96.9,1,early_warning
893,1,79.9,14.9,98.6,1,gradual
893,2,80.4,14.7,98.4,1,gradual
893,3,83.1,14.5,98.0,1,gradual
893,4,84.1,14.4,97.8,1,gradual
893,5,84.1,14.7,97.6,1,gradual
893,6,84.7,15.2,97.3,1,gradual
893,7,85.9,15.5,97.1,1,gradual
893,8,86.8,15.8,96.8,1,gradual
893,9,88.4,15.6,96.8,1,gradual
893,10,88.7,16.0,96.6,1,gradual
893,11,89.4,16.1,96.3,1,gradual
893,12,90.4,16.1,96.1,1,gradual
893,13,90.6,16.8,96.2,1,gradual
893,14,93.3,17.4,96.1,1,gradual
893,15,92.8,17.7,95.7,1,gradual
893,16,92.2,17.8,95.3,1,gradual
893,17,92.1,18.0,95.1,1,gradual
893,18,93.1,18.5,95.0,1,gradual
893,19,95.4,18.4,94.5,1,gradual
893,20,95.7,18.7,94.2,1,gradual
893,21,94.6,19.2,94.4,1,gradual
893,22,97.8,19.1,94.1,1,gradual
893,23,98.8,19.8,93.8,1,gradual
893,24,98.9,20.1,93.6,1,gradual
894,1,69.6,15.9,98.2,1,early_warning
894,2,69.4,15.5,98.4,1,early_warning
894,3,69.4,15.2,98.2,1,early_warning
894,4,70.9,15.9,97.4,1,early_warning
894,5,76.6,17.9,95.8,1,early_warning
894,6,87.1,20.7,94.2,1,early_warning
894,7,90.6,21.6,93.1,1,early_warning
894,8,86.4,20.6,94.2,1,early_warning
894,9,78.9,18.1,96.1,1,early_warning
894,10,73.4,16.4,97.4,1,early_warning
894,11,70.4,15.9,98.0,1,early_warning
894,12,70.3,15.5,98.2,1,early_warning
894,13,70.0,16.2,98.3,1,early_warning
894,14,69.8,16.2,98.3,1,early_warning
894,15,69.6,16.2,98.3,1,early_warning
894,16,68.2,15.6,98.4,1,early_warning
894,17,69.5,15.5,98.1,1,early_warning
894,18,70.0,15.9,97.9,1,early_warning
894,19,70.3,16.5,97.7,1,early_warning
894,20,71.1,16.7,97.7,1,early_warning
894,21,72.2,17.1,97.5,1,early_warning
894,22,72.8,17.4,97.5,1,early_warning
894,23,73.1,17.8,97.5,1,early_warning
894,24,74.1,18.1,97.2,1,early_warning
895,1,81.8,17.2,98.5,1,early_warning
895,2,81.3,17.0,98.5,1,early_warning
895,3,80.1,17.3,98.3,1,early_warning
895,4,81.3,17.8,98.2,1,early_warning
895,5,82.3,18.2,97.8,1,early_warning
895,6,87.5,20.3,96.5,1,early_warning
895,7,96.3,22.4,94.7,1,early_warning
895,8,99.4,23.4,93.6,1,early_warning
895,9,97.5,21.6,94.8,1,early_warning
895,10,89.3,19.1,96.9,1,early_warning
895,11,82.7,17.8,98.2,1,early_warning
895,12,81.8,17.1,98.8,1,early_warning
895,13,80.8,17.1,98.8,1,early_warning
895,14,80.1,16.7,98.6,1,early_warning
895,15,79.5,17.1,98.5,1,early_warning
895,16,80.8,16.9,98.6,1,early_warning
895,17,80.7,16.6,98.5,1,early_warning
895,18,80.4,16.7,98.3,1,early_warning
895,19,81.4,17.1,98.0,1,early_warning
895,20,81.7,17.3,98.1,1,early_warning
895,21,81.4,17.8,97.9,1,early_warning
895,22,83.4,18.2,97.8,1,early_warning
895,23,83.1,18.7,97.5,1,early_warning
895,24,84.3,18.8,97.3,1,early_warning
896,1,75.0,17.5,97.3,1,gradual
896,2,77.6,18.0,97.2,1,gradual
896,3,77.6,18.2,97.1,1,gradual
896,4,77.8,18.2,96.7,1,gradual
896,5,78.5,18.3,96.5,1,gradual
896,6,80.6,18.7,96.5,1,gradual
896,7,80.7,18.9,96.0,1,gradual
896,8,82.3,19.2,96.0,1,gradual
896,9,82.7,19.4,95.7,1,gradual
896,10,83.0,19.2,95.6,1,gradual
896,11,83.1,19.5,95.2,1,gradual
896,12,84.7,20.0,95.2,1,gradual
896,13,85.2,20.2,95.0,1,gradual
896,14,86.3,20.8,94.9,1,gradual
896,15,86.9,21.1,94.8,1,gradual
896,16,86.4,21.0,94.6,1,gradual
896,17,87.1,21.5,94.3,1,gradual
896,18,87.4,21.7,94.0,1,gradual
896,19,88.4,21.6,93.9,1,gradual
896,20,90.4,21.8,93.8,1,gradual
896,21,93.2,22.5,93.2,1,gradual
896,22,95.0,22.2,93.0,1,gradual
896,23,95.9,22.9,93.1,1,gradual
896,24,95.4,22.9,92.9,1,gradual
897,1,73.3,16.7,96.5,1,early_warning
897,2,72.9,16.7,96.6,1,early_warning
897,3,73.6,17.1,96.3,1,early_warning
897,4,76.4,18.2,95.7,1,early_warning
897,5,82.6,19.8,94.5,1,early_warning
897,6,90.4,22.1,92.5,1,early_warning
897,7,93.6,23.5,91.7,1,early_warning
897,8,88.1,22.4,92.5,1,early_warning
897,9,82.6,19.9,94.6,1,early_warning
897,10,76.2,18.5,95.9,1,early_warning
897,11,73.6,17.7,96.3,1,early_warning
897,12,74.0,17.0,96.5,1,early_warning
897,13,74.6,17.1,96.5,1,early_warning
897,14,74.8,17.1,96.6,1,early_warning
897,15,75.0,17.4,96.5,1,early_warning
897,16,75.5,17.3,96.5,1,early_warning
897,17,75.4,17.2,96.3,1,early_warning
897,18,74.8,17.9,96.3,1,early_warning
897,19,75.9,18.3,96.1,1,early_warning
897,20,76.3,18.2,95.7,1,early_warning
897,21,76.2,18.3,95.5,1,early_warning
897,22,78.4,18.7,95.3,1,early_warning
897,23,79.4,18.6,95.4,1,early_warning
897,24,79.7,19.4,95.1,1,early_warning
898,1,86.0,17.1,98.3,1,gradual
898,2,87.4,16.9,97.7,1,gradual
898,3,87.4,17.4,97.3,1,gradual
898,4,87.5,17.9,97.0,1,gradual
898,5,87.6,18.2,96.8,1,gradual
898,6,86.5,18.5,96.5,1,gradual
898,7,86.0,18.4,96.4,1,gradual
898,8,88.2,18.5,96.2,1,gradual
898,9,88.7,18.3,95.9,1,gradual
898,10,90.1,18.4,95.7,1,gradual
898,11,91.0,18.8,95.6,1,gradual
898,12,91.9,19.4,95.2,1,gradual
898,13,91.8,19.7,94.9,1,gradual
898,14,92.1,20.1,94.6,1,gradual
898,15,93.5,21.0,94.3,1,gradual
898,16,94.2,20.8,94.3,1,gradual
898,17,95.4,20.7,94.1,1,gradual
898,18,95.6,21.2,93.9,1,gradual
898,19,96.7,21.5,93.5,1,gradual
898,20,98.9,22.2,93.2,1,gradual
898,21,99.8,22.0,93.0,1,gradual
898,22,101.3,22.3,92.9,1,gradual
898,23,101.0,22.2,92.7,1,gradual
898,24,100.7,22.3,92.5,1,gradual
899,1,84.0,14.8,98.3,1,early_warning
899,2,89.2,16.4,96.7,1,early_warning
899,3,96.7,19.2,94.7,1,early_warning
899,4,100.1,20.5,93.8,1,early_warning
899,5,94.5,19.4,94.8,1,early_warning
899,6,86.1,17.1,96.7,1,early_warning
899,7,79.5,15.2,98.1,1,early_warning
899,8,77.8,14.3,98.8,1,early_warning
899,9,78.9,14.0,98.9,1,early_warning
899,10,78.9,14.2,99.0,1,early_warning
899,11,78.9,14.4,98.8,1,early_warning
899,12,78.6,14.5,98.7,1,early_warning
899,13,79.2,14.3,98.8,1,early_warning
899,14,77.7,14.3,98.8,1,early_warning
899,15,78.5,14.6,98.7,1,early_warning
899,16,77.7,14.5,98.7,1,early_warning
899,17,79.4,14.0,98.7,1,early_warning
899,18,81.0,14.5,98.4,1,early_warning
899,19,81.8,14.8,98.5,1,early_warning
899,20,82.7,15.1,98.1,1,early_warning
899,21,82.3,15.8,98.1,1,early_warning
899,22,82.5,15.5,98.0,1,early_warning
899,23,81.0,16.1,97.8,1,early_warning
899,24,82.3,16.6,97.7,1,early_warning
900,1,78.6,14.9,97.6,1,early_warning
900,2,79.5,15.6,97.5,1,early_warning
900,3,80.7,15.8,97.4,1,early_warning
900,4,82.9,16.8,96.5,1,early_warning
900,5,89.0,18.5,95.2,1,early_warning
900,6,96.0,20.9,93.2,1,early_warning
900,7,100.6,21.7,92.4,1,early_warning
900,8,96.4,20.6,93.3,1,early_warning
900,9,88.8,18.6,95.4,1,early_warning
900,10,83.3,17.1,96.7,1,early_warning
900,11,81.3,16.4,97.0,1,early_warning
900,12,81.6,16.7,97.4,1,early_warning
900,13,80.4,16.2,97.2,1,early_warning
900,14,78.9,16.8,97.2,1,early_warning
900,15,79.3,16.7,97.4,1,early_warning
900,16,79.2,16.1,97.4,1,early_warning
900,17,80.4,16.5,97.1,1,early_warning
900,18,79.0,16.8,97.2,1,early_warning
900,19,80.4,17.5,97.1,1,early_warning
900,20,82.1,17.8,96.9,1,early_warning
900,21,83.5,17.8,96.6,1,early_warning
900,22,84.1,18.2,96.5,1,early_warning
900,23,85.3,17.9,96.1,1,early_warning
900,24,85.4,17.9,96.1,1,early_warning
901,1,83.7,14.8,97.4,1,early_warning
901,2,86.4,15.4,97.5,1,early_warning
901,3,90.2,15.7,97.0,1,early_warning
901,4,94.9,17.4,95.4,1,early_warning
901,5,102.0,19.7,93.6,1,early_warning
901,6,107.4,20.8,92.6,1,early_warning
901,7,103.0,19.3,93.6,1,early_warning
901,8,95.1,16.9,95.4,1,early_warning
901,9,89.5,15.2,96.8,1,early_warning
901,10,85.8,14.8,97.4,1,early_warning
901,11,83.6,14.7,97.7,1,early_warning
901,12,85.2,14.5,97.7,1,early_warning
901,13,87.0,14.6,97.8,1,early_warning
901,14,85.9,14.0,97.6,1,early_warning
901,15,86.4,14.5,97.6,1,early_warning
901,16,85.9,14.3,97.6,1,early_warning
901,17,87.2,14.6,97.6,1,early_warning
901,18,88.8,15.0,97.7,1,early_warning
901,19,88.6,15.1,97.4,1,early_warning
901,20,90.4,15.5,97.3,1,early_warning
901,21,90.7,15.7,97.0,1,early_warning
901,22,91.4,16.7,96.9,1,early_warning
901,23,90.8,16.6,96.6,1,early_warning
901,24,92.1,16.8,96.5,1,early_warning
902,1,76.0,17.1,97.2,1,early_warning
902,2,75.3,16.8,97.5,1,early_warning
902,3,74.4,16.5,97.6,1,early_warning
902,4,75.4,16.6,97.4,1,early_warning
902,5,77.8,17.4,97.0,1,early_warning
902,6,84.1,19.2,95.6,1,early_warning
902,7,91.4,21.3,93.8,1,early_warning
902,8,95.6,22.2,92.8,1,early_warning
902,9,90.0,21.1,93.7,1,early_warning
902,10,81.0,18.4,95.6,1,early_warning
902,11,74.9,17.3,96.9,1,early_warning
902,12,74.4,17.1,97.7,1,early_warning
902,13,74.0,16.7,97.7,1,early_warning
902,14,73.8,16.3,97.7,1,early_warning
902,15,74.5,16.5,97.8,1,early_warning
902,16,74.5,16.4,97.9,1,early_warning
902,17,74.7,17.1,97.6,1,early_warning
902,18,75.2,17.2,97.4,1,early_warning
902,19,75.8,17.2,97.3,1,early_warning
902,20,76.0,17.9,97.1,1,early_warning
902,21,76.3,17.4,97.0,1,early_warning
902,22,76.0,17.9,96.8,1,early_warning
902,23,76.2,18.0,96.6,1,early_warning
902,24,76.7,18.4,96.3,1,early_warning
903,1,74.4,14.9,98.3,1,gradual
903,2,74.4,15.5,98.0,1,gradual
903,3,75.4,15.5,97.7,1,gradual
903,4,77.1,15.7,97.7,1,gradual
903,5,79.8,15.7,97.4,1,gradual
903,6,80.4,16.1,97.1,1,gradual
903,7,80.3,16.4,96.7,1,gradual
903,8,81.3,16.6,96.4,1,gradual
903,9,79.6,17.2,95.9,1,gradual
903,10,81.9,17.4,95.8,1,gradual
903,11,83.5,17.7,95.5,1,gradual
903,12,84.1,18.2,95.5,1,gradual
903,13,85.3,18.3,95.4,1,gradual
903,14,84.8,18.3,95.1,1,gradual
903,15,85.5,18.1,95.0,1,gradual
903,16,86.2,18.9,94.8,1,gradual
903,17,88.0,19.4,94.7,1,gradual
903,18,88.1,19.4,94.4,1,gradual
903,19,88.6,19.8,93.9,1,gradual
903,20,89.3,20.2,93.6,1,gradual
903,21,90.8,20.0,93.4,1,gradual
903,22,89.9,20.2,93.2,1,gradual
903,23,90.0,20.6,93.0,1,gradual
903,24,92.5,21.2,92.7,1,gradual
904,1,76.4,14.7,97.7,1,early_warning
904,2,79.4,15.6,97.1,1,early_warning
904,3,85.7,17.4,95.6,1,early_warning
904,4,95.1,19.7,93.5,1,early_warning
904,5,99.6,21.1,92.4,1,early_warning
904,6,93.8,20.2,93.5,1,early_warning
904,7,86.9,17.3,95.7,1,early_warning
904,8,81.9,15.7,97.0,1,early_warning
904,9,79.8,14.8,97.4,1,early_warning
904,10,78.6,14.9,97.4,1,early_warning
904,11,78.3,14.8,97.7,1,early_warning
904,12,78.2,15.0,97.5,1,early_warning
904,13,79.6,15.0,97.4,1,early_warning
904,14,79.1,14.2,97.6,1,early_warning
904,15,79.1,14.5,97.5,1,early_warning
904,16,79.8,14.6,97.5,1,early_warning
904,17,81.1,14.7,97.5,1,early_warning
904,18,80.8,14.7,97.3,1,early_warning
904,19,80.6,15.1,97.3,1,early_warning
904,20,80.8,15.3,97.2,1,early_warning
904,21,82.2,15.7,97.1,1,early_warning
904,22,82.9,15.9,96.8,1,early_warning
904,23,84.3,16.3,96.5,1,early_warning
904,24,84.0,16.5,96.3,1,early_warning
905,1,83.4,14.2,97.4,1,early_warning
905,2,83.0,14.7,97.5,1,early_warning
905,3,84.1,15.0,97.3,1,early_warning
905,4,85.8,15.8,96.5,1,early_warning
905,5,91.6,17.8,95.1,1,early_warning
905,6,99.3,19.6,93.3,1,early_warning
905,7,103.2,20.7,92.2,1,early_warning
905,8,99.2,19.4,93.3,1,early_warning
905,9,91.0,16.7,95.3,1,early_warning
905,10,85.4,15.0,97.0,1,early_warning
905,11,85.1,14.4,97.4,1,early_warning
905,12,85.6,14.7,97.6,1,early_warning
905,13,84.0,14.8,97.5,1,early_warning
905,14,84.5,15.0,97.6,1,early_warning
905,15,83.3,15.2,97.5,1,early_warning
905,16,81.3,15.5,97.7,1,early_warning
905,17,83.3,15.9,97.5,1,early_warning
905,18,83.8,16.4,97.4,1,early_warning
905,19,83.5,16.5,97.1,1,early_warning
905,20,85.5,16.5,96.9,1,early_warning
905,21,85.8,16.6,96.8,1,early_warning
905,22,85.2,16.9,96.6,1,early_warning
905,23,86.9,16.8,96.4,1,early_warning
905,24,88.0,17.0,96.1,1,early_warning
906,1,64.5,17.1,96.8,1,early_warning
906,2,63.7,16.8,96.5,1,early_warning
906,3,65.3,17.3,95.9,1,early_warning
906,4,71.7,19.0,94.4,1,early_warning
906,5,79.5,21.1,92.5,1,early_warning
906,6,85.1,22.7,91.5,1,early_warning
906,7,79.8,21.8,92.5,1,early_warning
906,8,73.2,19.6,94.5,1,early_warning
906,9,68.6,17.9,95.9,1,early_warning
906,10,65.9,16.8,96.4,1,early_warning
906,11,64.9,16.7,96.5,1,early_warning
906,12,64.8,16.6,96.3,1,early_warning
906,13,64.5,16.7,96.3,1,early_warning
906,14,65.0,16.5,96.3,1,early_warning
906,15,64.0,16.5,96.3,1,early_warning
906,16,64.9,16.4,96.3,1,early_warning
906,17,64.6,16.5,96.1,1,early_warning
906,18,65.7,16.7,95.9,1,early_warning
906,19,66.3,17.1,95.9,1,early_warning
906,20,67.1,17.7,95.8,1,early_warning
906,21,67.7,17.9,95.6,1,early_warning
906,22,69.2,18.1,95.3,1,early_warning
906,23,68.7,18.3,95.2,1,early_warning
906,24,69.1,18.2,95.3,1,early_warning
907,1,81.3,17.7,96.5,1,early_warning
907,2,84.8,19.3,94.9,1,early_warning
907,3,93.4,21.3,93.0,1,early_warning
907,4,96.4,23.0,91.9,1,early_warning
907,5,91.6,22.1,92.8,1,early_warning
907,6,85.4,19.6,95.0,1,early_warning
907,7,80.1,18.0,96.3,1,early_warning
907,8,76.9,17.8,96.9,1,early_warning
907,9,76.4,17.2,97.1,1,early_warning
907,10,74.3,17.1,97.3,1,early_warning
907,11,75.3,17.4,97.2,1,early_warning
907,12,75.5,16.8,97.4,1,early_warning
907,13,75.4,17.1,97.2,1,early_warning
907,14,76.7,17.0,97.4,1,early_warning
907,15,76.9,17.0,97.3,1,early_warning
907,16,77.3,17.4,97.1,1,early_warning
907,17,78.9,17.0,97.2,1,early_warning
907,18,79.5,17.1,97.0,1,early_warning
907,19,80.1,17.0,96.6,1,early_warning
907,20,78.5,17.9,96.5,1,early_warning
907,21,80.0,18.6,96.3,1,early_warning
907,22,79.8,18.4,96.1,1,early_warning
907,23,80.7,18.5,96.1,1,early_warning
907,24,81.3,18.4,96.2,1,early_warning
908,1,64.3,15.5,96.2,1,gradual
908,2,65.6,16.0,96.1,1,gradual
908,3,64.7,16.3,95.9,1,gradual
908,4,64.7,16.6,95.8,1,gradual
908,5,66.5,16.6,95.9,1,gradual
908,6,66.5,16.7,95.6,1,gradual
908,7,67.1,16.8,95.2,1,gradual
908,8,67.8,17.1,95.3,1,gradual
908,9,68.3,17.4,95.0,1,gradual
908,10,69.5,17.3,94.8,1,gradual
908,11,68.8,18.0,94.8,1,gradual
908,12,67.5,18.1,94.2,1,gradual
908,13,69.6,18.3,94.1,1,gradual
908,14,71.0,18.8,94.0,1,gradual
908,15,72.9,18.9,93.7,1,gradual
908,16,73.6,19.0,93.3,1,gradual
908,17,74.0,19.4,93.3,1,gradual
908,18,75.3,19.5,93.1,1,gradual
908,19,75.4,19.9,92.7,1,gradual
908,20,75.2,20.3,92.5,1,gradual
908,21,76.9,20.6,92.3,1,gradual
908,22,77.6,20.6,92.1,1,gradual
908,23,76.8,20.7,91.9,1,gradual
908,24,77.3,21.2,91.7,1,gradual
909,1,77.6,18.5,97.7,1,early_warning
909,2,78.6,18.8,97.2,1,early_warning
909,3,82.9,20.6,96.0,1,early_warning
909,4,90.3,23.0,94.1,1,early_warning
909,5,94.5,24.5,93.2,1,early_warning
909,6,91.0,23.6,94.2,1,early_warning
909,7,83.7,21.2,96.1,1,early_warning
909,8,78.7,19.7,97.5,1,early_warning
909,9,76.2,18.8,98.1,1,early_warning
909,10,75.3,18.8,98.2,1,early_warning
909,11,75.5,19.1,98.5,1,early_warning
909,12,75.3,18.6,98.4,1,early_warning
909,13,75.0,19.0,98.3,1,early_warning
909,14,75.1,18.7,98.2,1,early_warning
909,15,73.9,19.0,98.3,1,early_warning
909,16,72.9,19.5,98.2,1,early_warning
909,17,75.0,19.5,98.0,1,early_warning
909,18,75.4,19.5,98.2,1,early_warning
909,19,76.5,19.5,98.0,1,early_warning
909,20,76.5,19.4,97.7,1,early_warning
909,21,77.4,19.8,97.5,1,early_warning
909,22,78.7,20.4,97.5,1,early_warning
909,23,77.8,20.9,97.2,1,early_warning
909,24,77.5,20.7,97.0,1,early_warning
910,1,71.4,15.7,97.8,1,gradual
910,2,72.6,16.4,97.5,1,gradual
910,3,73.6,16.5,97.4,1,gradual
910,4,73.9,17.0,97.1,1,gradual
910,5,74.6,17.7,97.1,1,gradual
910,6,73.8,18.2,96.6,1,gradual
910,7,74.7,18.2,96.5,1,gradual
910,8,75.1,18.1,96.3,1,gradual
910,9,75.6,18.4,96.0,1,gradual
910,10,76.7,18.7,95.9,1,gradual
910,11,78.5,19.6,95.8,1,gradual
910,12,79.6,19.6,95.9,1,gradual
910,13,79.0,19.4,95.5,1,gradual
910,14,79.8,19.9,95.3,1,gradual
910,15,79.7,20.3,95.0,1,gradual
910,16,80.7,20.6,94.8,1,gradual
910,17,81.5,20.8,94.5,1,gradual
910,18,82.0,21.1,94.3,1,gradual
910,19,82.7,21.3,94.0,1,gradual
910,20,85.4,21.3,93.7,1,gradual
910,21,84.7,21.7,93.4,1,gradual
910,22,85.6,21.4,93.0,1,gradual
910,23,86.8,22.1,92.9,1,gradual
910,24,86.7,22.3,92.6,1,gradual
911,1,73.7,18.5,99.2,1,gradual
911,2,74.7,18.4,98.8,1,gradual
911,3,74.4,18.9,98.5,1,gradual
911,4,74.3,19.3,98.3,1,gradual
911,5,76.3,19.6,98.0,1,gradual
911,6,76.5,19.9,97.7,1,gradual
911,7,76.2,20.4,97.5,1,gradual
911,8,78.4,20.2,97.3,1,gradual
911,9,77.5,20.4,97.1,1,gradual
911,10,78.4,21.0,96.8,1,gradual
911,11,79.5,21.2,96.5,1,gradual
911,12,80.5,21.3,96.3,1,gradual
911,13,81.2,21.1,96.0,1,gradual
911,14,82.0,21.2,95.8,1,gradual
911,15,83.3,21.8,95.7,1,gradual
911,16,84.9,21.9,95.5,1,gradual
911,17,85.1,22.2,95.4,1,gradual
911,18,84.3,22.9,95.2,1,gradual
911,19,85.4,23.5,94.7,1,gradual
911,20,88.1,23.3,94.6,1,gradual
911,21,88.3,22.9,94.5,1,gradual
911,22,88.4,23.4,94.1,1,gradual
911,23,88.5,23.7,93.9,1,gradual
911,24,89.1,23.7,93.5,1,gradual
912,1,82.2,14.2,97.3,1,gradual
912,2,82.5,14.5,97.1,1,gradual
912,3,82.2,14.9,96.9,1,gradual
912,4,81.5,14.7,96.6,1,gradual
912,5,82.2,14.9,96.4,1,gradual
912,6,82.6,15.0,96.3,1,gradual
912,7,82.9,15.3,96.1,1,gradual
912,8,83.8,15.5,95.8,1,gradual
912,9,84.8,15.7,95.5,1,gradual
912,10,86.1,15.7,95.5,1,gradual
912,11,86.4,16.0,95.3,1,gradual
912,12,89.1,16.5,95.1,1,gradual
912,13,88.7,17.3,94.8,1,gradual
912,14,88.1,17.7,94.6,1,gradual
912,15,89.6,17.9,94.5,1,gradual
912,16,89.6,17.9,94.2,1,gradual
912,17,90.4,17.5,93.9,1,gradual
912,18,90.9,17.8,93.8,1,gradual
912,19,91.2,17.9,93.8,1,gradual
912,20,91.3,18.4,93.3,1,gradual
912,21,92.2,19.2,92.9,1,gradual
912,22,93.5,19.0,92.6,1,gradual
912,23,94.2,19.2,92.6,1,gradual
912,24,94.7,19.7,92.3,1,gradual
913,1,80.2,18.0,97.3,1,gradual
913,2,78.8,18.5,97.2,1,gradual
913,3,78.6,18.6,97.1,1,gradual
913,4,78.6,18.8,96.7,1,gradual
913,5,79.1,18.7,96.5,1,gradual
913,6,79.3,18.8,96.3,1,gradual
913,7,80.3,18.7,96.0,1,gradual
913,8,81.4,19.6,95.7,1,gradual
913,9,81.2,20.1,95.6,1,gradual
913,10,81.5,20.3,95.4,1,gradual
913,11,84.3,20.3,95.1,1,gradual
913,12,84.9,20.7,95.1,1,gradual
913,13,84.1,21.1,94.9,1,gradual
913,14,84.6,21.5,94.5,1,gradual
913,15,84.7,21.9,94.2,1,gradual
913,16,86.4,22.4,94.0,1,gradual
913,17,86.3,22.1,93.9,1,gradual
913,18,87.7,22.9,93.7,1,gradual
913,19,88.9,23.2,93.5,1,gradual
913,20,89.9,23.2,93.3,1,gradual
913,21,90.2,23.3,93.1,1,gradual
913,22,90.9,23.6,92.7,1,gradual
913,23,91.4,23.9,92.5,1,gradual
913,24,93.0,23.7,92.4,1,gradual
914,1,87.1,16.6,97.7,1,early_warning
914,2,86.1,16.8,97.4,1,early_warning
914,3,88.5,17.3,97.0,1,early_warning
914,4,94.3,18.8,95.4,1,early_warning
914,5,101.4,21.0,93.3,1,early_warning
914,6,103.2,21.9,92.2,1,early_warning
914,7,99.4,20.7,93.3,1,early_warning
914,8,93.7,18.8,95.0,1,early_warning
914,9,88.1,17.0,96.7,1,early_warning
914,10,86.0,16.3,97.2,1,early_warning
914,11,86.1,16.9,97.4,1,early_warning
914,12,85.8,16.5,97.3,1,early_warning
914,13,86.3,16.6,97.3,1,early_warning
914,14,85.9,16.8,97.2,1,early_warning
914,15,86.7,16.7,97.3,1,early_warning
914,16,84.8,16.5,97.3,1,early_warning
914,17,86.5,16.8,97.0,1,early_warning
914,18,87.2,17.3,96.8,1,early_warning
914,19,87.9,17.2,96.8,1,early_warning
914,20,88.4,17.2,96.5,1,early_warning
914,21,88.6,17.5,96.3,1,early_warning
914,22,90.6,17.4,96.1,1,early_warning
914,23,89.3,17.6,96.1,1,early_warning
914,24,90.6,18.2,96.0,1,early_warning
915,1,83.3,16.0,96.9,1,early_warning
915,2,84.0,16.8,96.4,1,early_warning
915,3,88.3,19.0,95.0,1,early_warning
915,4,96.7,20.8,93.3,1,early_warning
915,5,101.5,21.9,92.2,1,early_warning
915,6,97.8,20.4,93.2,1,early_warning
915,7,91.0,18.0,94.9,1,early_warning
915,8,84.9,16.3,96.3,1,early_warning
915,9,81.9,15.8,97.1,1,early_warning
915,10,82.0,15.5,97.3,1,early_warning
915,11,81.5,15.9,97.1,1,early_warning
915,12,81.9,15.7,97.3,1,early_warning
915,13,80.3,16.1,97.4,1,early_warning
915,14,81.6,16.3,97.4,1,early_warning
915,15,82.6,15.9,97.5,1,early_warning
915,16,82.0,15.8,97.4,1,early_warning
915,17,82.6,15.9,97.3,1,early_warning
915,18,83.7,16.3,96.8,1,early_warning
915,19,84.6,16.3,96.8,1,early_warning
915,20,85.3,16.2,96.3,1,early_warning
915,21,86.2,16.5,96.3,1,early_warning
915,22,84.8,17.0,96.1,1,early_warning
915,23,85.8,17.2,95.9,1,early_warning
915,24,86.2,17.6,96.0,1,early_warning
916,1,92.6,15.8,97.3,1,gradual
916,2,93.6,16.5,97.3,1,gradual
916,3,94.5,16.7,97.0,1,gradual
916,4,94.9,16.8,96.7,1,gradual
916,5,95.2,17.2,96.4,1,gradual
916,6,94.5,17.4,96.2,1,gradual
916,7,95.6,17.7,96.1,1,gradual
916,8,95.7,17.6,95.8,1,gradual
916,9,98.1,17.9,95.7,1,gradual
916,10,96.0,18.2,95.7,1,gradual
916,11,97.0,18.7,95.4,1,gradual
916,12,98.1,19.3,95.1,1,gradual
916,13,99.8,19.4,94.9,1,gradual
916,14,99.7,19.4,94.7,1,gradual
916,15,99.6,19.9,94.6,1,gradual
916,16,101.2,20.3,94.5,1,gradual
916,17,101.5,20.7,94.3,1,gradual
916,18,101.8,20.8,93.9,1,gradual
916,19,102.9,21.2,93.8,1,gradual
916,20,103.0,21.9,93.9,1,gradual
916,21,103.9,21.6,93.7,1,gradual
916,22,106.2,22.1,93.1,1,gradual
916,23,106.8,22.4,93.0,1,gradual
916,24,107.5,22.3,92.7,1,gradual
917,1,73.6,15.8,98.0,1,gradual
917,2,75.4,16.1,98.1,1,gradual
917,3,75.6,16.3,97.8,1,gradual
917,4,77.0,16.7,97.7,1,gradual
917,5,77.9,17.0,97.4,1,gradual
917,6,77.7,17.0,96.9,1,gradual
917,7,78.4,17.0,96.7,1,gradual
917,8,78.8,16.9,96.6,1,gradual
917,9,78.8,17.1,96.5,1,gradual
917,10,78.4,17.7,96.1,1,gradual
917,11,79.7,17.8,95.8,1,gradual
917,12,80.8,18.4,95.4,1,gradual
917,13,82.6,18.2,95.3,1,gradual
917,14,83.6,18.4,95.2,1,gradual
917,15,84.5,18.8,95.0,1,gradual
917,16,84.6,19.0,94.9,1,gradual
917,17,85.8,19.5,94.7,1,gradual
917,18,86.1,20.1,94.4,1,gradual
917,19,87.1,20.4,94.1,1,gradual
917,20,88.4,20.8,93.8,1,gradual
917,21,89.3,20.4,93.7,1,gradual
917,22,89.7,20.2,93.4,1,gradual
917,23,91.3,20.7,93.1,1,gradual
917,24,91.6,20.4,93.0,1,gradual
918,1,88.2,17.7,96.7,1,gradual
918,2,88.8,18.1,96.6,1,gradual
918,3,89.8,18.4,96.7,1,gradual
918,4,90.5,18.7,96.6,1,gradual
918,5,91.2,19.1,96.4,1,gradual
918,6,93.2,19.7,96.2,1,gradual
918,7,95.0,19.9,96.1,1,gradual
918,8,95.1,19.9,95.8,1,gradual
918,9,96.0,20.4,95.8,1,gradual
918,10,96.4,20.6,95.4,1,gradual
918,11,95.6,20.7,94.9,1,gradual
918,12,97.6,21.5,94.6,1,gradual
918,13,98.1,21.9,94.4,1,gradual
918,14,99.3,22.5,94.1,1,gradual
918,15,100.2,22.5,94.1,1,gradual
918,16,100.4,22.6,93.7,1,gradual
918,17,101.0,22.8,93.5,1,gradual
918,18,101.4,22.9,93.4,1,gradual
918,19,102.9,22.8,93.2,1,gradual
918,20,103.2,22.9,93.0,1,gradual
918,21,105.5,23.1,93.1,1,gradual
918,22,106.1,23.5,92.9,1,gradual
918,23,105.6,23.6,92.5,1,gradual
918,24,106.4,24.2,92.0,1,gradual
919,1,79.7,18.0,97.3,1,early_warning
919,2,81.6,18.1,96.7,1,early_warning
919,3,87.5,19.6,95.3,1,early_warning
919,4,93.7,21.3,93.5,1,early_warning
919,5,98.5,22.9,92.4,1,early_warning
919,6,95.2,21.5,93.6,1,early_warning
919,7,87.9,18.9,95.5,1,early_warning
919,8,82.7,17.4,96.7,1,early_warning
919,9,80.4,16.9,97.1,1,early_warning
919,10,80.6,16.8,97.6,1,early_warning
919,11,79.6,16.5,97.5,1,early_warning
919,12,78.2,16.7,97.3,1,early_warning
919,13,78.9,16.5,97.4,1,early_warning
919,14,78.9,16.3,97.6,1,early_warning
919,15,78.8,16.0,97.6,1,early_warning
919,16,77.9,16.1,97.7,1,early_warning
919,17,78.2,16.1,97.5,1,early_warning
919,18,79.9,16.3,97.6,1,early_warning
919,19,81.2,17.1,97.2,1,early_warning
919,20,81.4,17.7,96.9,1,early_warning
919,21,81.7,17.4,96.5,1,early_warning
919,22,82.3,18.0,96.4,1,early_warning
919,23,82.0,18.1,96.5,1,early_warning
919,24,83.7,18.1,96.5,1,early_warning
920,1,73.7,15.2,97.1,1,gradual
920,2,73.7,14.6,97.1,1,gradual
920,3,74.9,14.6,96.9,1,gradual
920,4,75.6,15.0,96.9,1,gradual
920,5,75.3,15.1,96.7,1,gradual
920,6,75.7,14.9,96.8,1,gradual
920,7,77.2,15.3,96.5,1,gradual
920,8,78.4,15.6,96.1,1,gradual
920,9,79.5,15.3,95.9,1,gradual
920,10,79.6,15.7,95.9,1,gradual
920,11,79.9,16.1,95.7,1,gradual
920,12,81.5,16.8,95.5,1,gradual
920,13,81.9,17.0,95.3,1,gradual
920,14,82.8,17.2,95.0,1,gradual
920,15,83.3,17.3,94.8,1,gradual
920,16,84.9,17.9,94.7,1,gradual
920,17,84.8,18.1,94.4,1,gradual
920,18,85.4,17.8,93.7,1,gradual
920,19,86.2,18.1,93.5,1,gradual
920,20,88.1,18.3,93.5,1,gradual
920,21,86.2,18.2,93.1,1,gradual
920,22,87.8,18.5,93.1,1,gradual
920,23,87.7,18.8,93.0,1,gradual
920,24,89.4,19.1,92.9,1,gradual
921,1,80.9,16.8,98.3,1,gradual
921,2,80.6,17.5,97.8,1,gradual
921,3,80.3,18.0,97.3,1,gradual
921,4,81.0,18.1,97.2,1,gradual
921,5,81.4,17.9,96.9,1,gradual
921,6,82.2,18.4,96.7,1,gradual
921,7,82.5,18.6,96.4,1,gradual
921,8,84.0,19.1,96.3,1,gradual
921,9,83.9,18.9,95.8,1,gradual
921,10,85.4,19.0,95.6,1,gradual
921,11,87.0,19.2,95.4,1,gradual
921,12,86.6,20.1,95.2,1,gradual
921,13,86.3,20.4,95.0,1,gradual
921,14,87.0,20.3,94.8,1,gradual
921,15,88.4,20.8,94.7,1,gradual
921,16,88.0,20.9,94.6,1,gradual
921,17,89.0,20.8,94.5,1,gradual
921,18,89.1,21.0,94.2,1,gradual
921,19,90.1,21.4,93.9,1,gradual
921,20,90.8,22.1,93.8,1,gradual
921,21,91.6,22.4,93.4,1,gradual
921,22,92.3,23.0,92.8,1,gradual
921,23,94.0,23.0,92.6,1,gradual
921,24,94.6,23.2,92.2,1,gradual
922,1,79.1,15.5,98.4,1,early_warning
922,2,79.3,15.2,98.4,1,early_warning
922,3,80.6,16.1,97.6,1,early_warning
922,4,85.2,17.6,96.1,1,early_warning
922,5,93.4,19.9,94.3,1,early_warning
922,6,95.5,20.8,93.3,1,early_warning
922,7,89.6,19.8,94.4,1,early_warning
922,8,82.6,17.4,96.3,1,early_warning
922,9,77.7,15.7,97.5,1,early_warning
922,10,74.9,14.8,98.1,1,early_warning
922,11,74.7,14.9,98.3,1,early_warning
922,12,73.7,14.9,98.2,1,early_warning
922,13,72.8,14.6,98.2,1,early_warning
922,14,73.3,14.9,98.3,1,early_warning
922,15,74.6,15.2,97.9,1,early_warning
922,16,74.5,15.3,97.9,1,early_warning
922,17,75.0,15.3,97.8,1,early_warning
922,18,76.3,15.7,97.7,1,early_warning
922,19,76.1,16.3,97.6,1,early_warning
922,20,78.0,16.7,97.8,1,early_warning
922,21,79.0,16.6,97.4,1,early_warning
922,22,80.1,16.8,97.4,1,early_warning
922,23,79.1,16.9,97.1,1,early_warning
922,24,79.6,17.0,96.9,1,early_warning
923,1,72.5,13.8,97.1,1,gradual
923,2,73.1,14.5,97.1,1,gradual
923,3,72.9,15.0,96.9,1,gradual
923,4,72.2,15.5,96.6,1,gradual
923,5,73.6,15.9,96.2,1,gradual
923,6,72.6,16.2,95.9,1,gradual
923,7,73.8,16.2,95.8,1,gradual
923,8,73.7,16.4,95.6,1,gradual
923,9,75.0,16.2,95.7,1,gradual
923,10,74.3,16.7,95.3,1,gradual
923,11,76.3,17.0,94.8,1,gradual
923,12,77.2,17.3,94.7,1,gradual
923,13,75.9,17.4,94.6,1,gradual
923,14,76.8,17.8,94.3,1,gradual
923,15,77.6,18.3,94.3,1,gradual
923,16,80.5,18.8,94.2,1,gradual
923,17,78.9,19.0,94.0,1,gradual
923,18,79.6,19.7,93.9,1,gradual
923,19,79.8,20.0,94.0,1,gradual
923,20,81.3,20.1,93.6,1,gradual
923,21,80.6,20.2,93.2,1,gradual
923,22,82.2,20.5,92.8,1,gradual
923,23,83.0,20.6,92.6,1,gradual
923,24,83.5,20.8,92.4,1,gradual
924,1,83.1,15.3,98.7,1,early_warning
924,2,82.2,15.4,98.9,1,early_warning
924,3,81.2,15.4,98.8,1,early_warning
924,4,82.8,15.3,98.5,1,early_warning
924,5,85.2,15.6,98.0,1,early_warning
924,6,90.3,17.7,96.7,1,early_warning
924,7,97.9,19.8,95.0,1,early_warning
924,8,102.7,21.2,94.0,1,early_warning
924,9,97.6,19.9,94.7,1,early_warning
924,10,89.8,18.1,96.8,1,early_warning
924,11,84.7,16.0,98.2,1,early_warning
924,12,82.0,15.1,98.7,1,early_warning
924,13,79.3,14.9,99.0,1,early_warning
924,14,79.8,15.1,99.2,1,early_warning
924,15,79.7,14.6,99.1,1,early_warning
924,16,81.9,14.7,99.2,1,early_warning
924,17,82.0,14.9,98.9,1,early_warning
924,18,83.0,15.2,98.6,1,early_warning
924,19,83.1,15.6,98.5,1,early_warning
924,20,83.3,16.0,98.3,1,early_warning
924,21,84.5,16.5,98.0,1,early_warning
924,22,84.3,16.8,97.8,1,early_warning
924,23,83.8,16.9,97.7,1,early_warning
924,24,84.1,17.4,97.5,1,early_warning
925,1,86.4,16.0,97.3,1,early_warning
925,2,85.8,16.5,97.6,1,early_warning
925,3,85.8,16.6,97.4,1,early_warning
925,4,88.1,17.3,96.9,1,early_warning
925,5,93.6,18.9,95.7,1,early_warning
925,6,101.4,21.3,94.0,1,early_warning
925,7,104.8,22.7,93.0,1,early_warning
925,8,99.7,20.8,94.1,1,early_warning
925,9,92.4,18.8,96.1,1,early_warning
925,10,87.0,17.7,97.1,1,early_warning
925,11,84.1,16.9,97.8,1,early_warning
925,12,84.3,16.9,97.9,1,early_warning
925,13,85.0,16.8,97.7,1,early_warning
925,14,84.9,16.9,97.6,1,early_warning
925,15,85.1,16.7,97.7,1,early_warning
925,16,84.9,16.9,97.8,1,early_warning
925,17,84.9,17.0,97.6,1,early_warning
925,18,86.5,17.3,97.5,1,early_warning
925,19,87.8,17.1,97.5,1,early_warning
925,20,88.0,16.9,97.1,1,early_warning
925,21,89.2,17.3,97.1,1,early_warning
925,22,89.0,17.5,96.9,1,early_warning
925,23,89.6,18.1,96.6,1,early_warning
925,24,89.8,18.2,96.4,1,early_warning
926,1,74.1,14.2,95.2,1,gradual
926,2,75.7,14.7,95.3,1,gradual
926,3,77.3,15.3,95.2,1,gradual
926,4,77.7,15.5,95.1,1,gradual
926,5,77.8,15.8,94.7,1,gradual
926,6,78.3,16.1,94.2,1,gradual
926,7,79.7,16.4,94.0,1,gradual
926,8,79.5,15.9,94.0,1,gradual
926,9,80.9,15.8,93.9,1,gradual
926,10,81.1,16.7,93.5,1,gradual
926,11,81.6,16.9,93.4,1,gradual
926,12,82.8,16.8,93.2,1,gradual
926,13,84.7,17.4,93.0,1,gradual
926,14,85.2,17.5,92.6,1,gradual
926,15,85.9,17.9,92.4,1,gradual
926,16,87.4,18.0,92.2,1,gradual
926,17,89.6,18.4,92.2,1,gradual
926,18,88.3,19.1,91.9,1,gradual
926,19,88.6,19.4,91.6,1,gradual
926,20,89.2,19.3,91.2,1,gradual
926,21,91.6,19.5,91.0,1,gradual
926,22,92.2,19.7,91.1,1,gradual
926,23,92.3,20.5,90.7,1,gradual
926,24,92.5,20.9,90.6,1,gradual
927,1,75.8,16.4,96.9,1,gradual
927,2,77.2,16.3,96.5,1,gradual
927,3,78.5,16.3,96.6,1,gradual
927,4,79.4,16.6,96.5,1,gradual
927,5,79.9,16.7,96.2,1,gradual
927,6,79.9,16.9,96.3,1,gradual
927,7,80.6,17.4,96.0,1,gradual
927,8,81.4,17.9,95.6,1,gradual
927,9,82.9,17.9,95.4,1,gradual
927,10,82.7,18.4,95.2,1,gradual
927,11,83.1,18.7,94.8,1,gradual
927,12,82.9,18.6,94.8,1,gradual
927,13,82.9,19.0,94.4,1,gradual
927,14,84.1,19.1,94.4,1,gradual
927,15,84.1,19.1,94.1,1,gradual
927,16,86.3,19.0,93.9,1,gradual
927,17,87.2,19.7,93.7,1,gradual
927,18,89.4,20.4,93.3,1,gradual
927,19,89.4,20.9,93.0,1,gradual
927,20,91.1,20.9,93.0,1,gradual
927,21,91.0,21.0,93.1,1,gradual
927,22,91.0,21.6,92.9,1,gradual
927,23,91.4,21.6,92.6,1,gradual
927,24,92.1,21.7,92.3,1,gradual
928,1,75.8,15.1,96.0,1,gradual
928,2,76.7,15.2,96.0,1,gradual
928,3,76.7,15.7,95.7,1,gradual
928,4,78.8,16.2,95.6,1,gradual
928,5,79.9,16.1,95.4,1,gradual
928,6,80.7,16.8,95.3,1,gradual
928,7,81.4,16.7,95.2,1,gradual
928,8,81.8,17.0,95.1,1,gradual
928,9,82.5,16.7,94.8,1,gradual
928,10,82.3,16.7,94.6,1,gradual
928,11,82.4,17.5,94.1,1,gradual
928,12,83.5,18.1,93.9,1,gradual
928,13,85.5,18.1,93.7,1,gradual
928,14,86.5,18.1,93.3,1,gradual
928,15,86.4,18.8,93.1,1,gradual
928,16,87.7,19.1,92.7,1,gradual
928,17,88.6,19.2,92.6,1,gradual
928,18,88.5,19.6,92.3,1,gradual
928,19,88.7,19.9,92.2,1,gradual
928,20,89.5,20.1,92.1,1,gradual
928,21,89.4,20.3,92.0,1,gradual
928,22,89.7,20.8,91.7,1,gradual
928,23,91.2,20.7,91.5,1,gradual
928,24,92.6,21.3,91.3,1,gradual
929,1,74.2,17.4,97.6,1,early_warning
929,2,74.1,17.3,97.6,1,early_warning
929,3,75.0,17.2,97.3,1,early_warning
929,4,77.8,17.8,96.9,1,early_warning
929,5,83.7,19.5,95.5,1,early_warning
929,6,90.2,21.5,93.5,1,early_warning
929,7,95.6,23.1,92.6,1,early_warning
929,8,92.0,21.9,93.5,1,early_warning
929,9,84.7,19.5,95.4,1,early_warning
929,10,78.7,18.0,96.9,1,early_warning
929,11,76.9,17.2,97.2,1,early_warning
929,12,75.9,17.3,97.6,1,early_warning
929,13,74.8,17.4,97.5,1,early_warning
929,14,73.7,18.3,97.5,1,early_warning
929,15,73.2,18.4,97.6,1,early_warning
929,16,72.1,18.0,97.8,1,early_warning
929,17,73.0,18.0,97.6,1,early_warning
929,18,74.2,18.0,97.5,1,early_warning
929,19,75.8,18.6,97.3,1,early_warning
929,20,76.0,18.8,97.0,1,early_warning
929,21,77.5,19.1,96.9,1,early_warning
929,22,79.3,19.7,96.8,1,early_warning
929,23,79.0,19.6,96.7,1,early_warning
929,24,80.0,19.7,96.5,1,early_warning
930,1,75.6,16.1,97.7,1,gradual
930,2,75.4,16.4,97.4,1,gradual
930,3,75.7,17.0,96.9,1,gradual
930,4,74.6,17.3,96.4,1,gradual
930,5,75.7,17.5,96.1,1,gradual
930,6,76.6,17.9,96.1,1,gradual
930,7,76.3,18.4,96.0,1,gradual
930,8,79.3,18.4,95.7,1,gradual
930,9,79.7,18.7,95.3,1,gradual
930,10,81.1,19.0,95.7,1,gradual
930,11,81.1,19.0,95.3,1,gradual
930,12,80.7,19.3,95.0,1,gradual
930,13,81.0,19.7,94.8,1,gradual
930,14,81.0,19.7,94.5,1,gradual
930,15,81.4,20.4,94.5,1,gradual
930,16,81.9,20.5,94.3,1,gradual
930,17,83.0,20.7,94.0,1,gradual
930,18,82.8,21.2,93.9,1,gradual
930,19,83.5,21.2,93.4,1,gradual
930,20,85.8,20.8,93.4,1,gradual
930,21,86.0,21.2,93.2,1,gradual
930,22,87.0,21.5,92.9,1,gradual
930,23,88.6,22.0,92.7,1,gradual
930,24,88.5,22.3,92.6,1,gradual
931,1,72.3,14.0,97.2,1,early_warning
931,2,72.9,14.4,97.4,1,early_warning
931,3,72.9,14.4,97.3,1,early_warning
931,4,75.6,15.2,96.9,1,early_warning
931,5,82.3,17.1,95.5,1,early_warning
931,6,89.8,19.0,93.7,1,early_warning
931,7,93.4,20.7,92.8,1,early_warning
931,8,89.8,19.4,93.7,1,early_warning
931,9,81.9,17.0,95.7,1,early_warning
931,10,76.6,15.7,97.0,1,early_warning
931,11,75.2,14.6,97.5,1,early_warning
931,12,73.5,14.4,97.7,1,early_warning
931,13,71.8,14.5,97.6,1,early_warning
931,14,72.7,14.7,97.5,1,early_warning
931,15,72.8,15.1,97.5,1,early_warning
931,16,72.8,14.6,97.7,1,early_warning
931,17,73.8,15.0,97.5,1,early_warning
931,18,75.3,15.1,97.3,1,early_warning
931,19,76.4,15.5,97.3,1,early_warning
931,20,76.8,15.9,97.0,1,early_warning
931,21,76.8,15.8,96.7,1,early_warning
931,22,77.6,16.5,96.5,1,early_warning
931,23,79.6,16.6,96.4,1,early_warning
931,24,78.9,16.4,96.2,1,early_warning
932,1,84.4,14.4,98.0,1,gradual
932,2,83.8,14.8,97.5,1,gradual
932,3,83.5,15.3,97.3,1,gradual
932,4,82.4,15.3,97.0,1,gradual
932,5,82.1,15.4,96.7,1,gradual
932,6,82.6,15.6,96.8,1,gradual
932,7,82.9,16.0,96.4,1,gradual
932,8,84.2,16.3,96.2,1,gradual
932,9,85.7,16.2,96.0,1,gradual
932,10,87.9,16.8,95.8,1,gradual
932,11,88.5,17.1,95.6,1,gradual
932,12,88.8,17.0,95.4,1,gradual
932,13,89.3,17.4,95.4,1,gradual
932,14,90.3,17.0,95.0,1,gradual
932,15,88.6,17.0,94.8,1,gradual
932,16,88.6,17.6,94.9,1,gradual
932,17,89.1,17.8,94.8,1,gradual
932,18,89.0,18.1,94.4,1,gradual
932,19,91.3,18.6,94.0,1,gradual
932,20,91.8,18.5,93.8,1,gradual
932,21,92.3,18.9,93.7,1,gradual
932,22,92.9,19.3,93.2,1,gradual
932,23,94.5,19.5,92.9,1,gradual
932,24,95.1,19.8,92.8,1,gradual
933,1,79.4,16.3,97.7,1,early_warning
933,2,81.8,17.0,97.3,1,early_warning
933,3,87.7,18.6,96.0,1,early_warning
933,4,95.7,21.2,94.4,1,early_warning
933,5,100.4,22.3,93.2,1,early_warning
933,6,96.1,21.1,94.1,1,early_warning
933,7,89.5,18.6,96.2,1,early_warning
933,8,83.4,17.4,97.7,1,early_warning
933,9,81.2,16.7,98.1,1,early_warning
933,10,80.4,16.0,98.2,1,early_warning
933,11,79.0,16.2,98.2,1,early_warning
933,12,79.8,16.2,98.1,1,early_warning
933,13,80.8,16.6,97.9,1,early_warning
933,14,81.1,16.6,98.1,1,early_warning
933,15,80.8,16.8,98.1,1,early_warning
933,16,80.8,16.7,98.1,1,early_warning
933,17,79.7,16.7,97.9,1,early_warning
933,18,81.2,17.2,97.9,1,early_warning
933,19,82.3,17.2,97.7,1,early_warning
933,20,81.5,17.5,97.5,1,early_warning
933,21,82.4,17.5,97.4,1,early_warning
933,22,82.7,17.5,97.4,1,early_warning
933,23,83.1,18.0,97.2,1,early_warning
933,24,84.5,18.3,97.0,1,early_warning
934,1,81.5,16.0,98.9,1,gradual
934,2,82.9,16.1,98.6,1,gradual
934,3,83.8,16.4,98.4,1,gradual
934,4,83.5,16.8,98.0,1,gradual
934,5,84.6,17.3,97.8,1,gradual
934,6,85.1,17.4,97.5,1,gradual
934,7,87.0,17.8,97.3,1,gradual
934,8,88.1,17.7,97.2,1,gradual
934,9,90.8,18.2,96.8,1,gradual
934,10,90.7,18.5,96.7,1,gradual
934,11,89.8,19.1,96.6,1,gradual
934,12,90.3,19.5,96.1,1,gradual
934,13,90.1,19.9,95.8,1,gradual
934,14,90.9,20.2,95.6,1,gradual
934,15,92.0,20.4,95.3,1,gradual
934,16,93.0,20.8,95.2,1,gradual
934,17,93.9,21.1,95.0,1,gradual
934,18,92.8,20.9,94.8,1,gradual
934,19,94.1,20.8,94.6,1,gradual
934,20,95.0,20.9,94.1,1,gradual
934,21,95.6,21.3,94.0,1,gradual
934,22,97.4,21.9,94.0,1,gradual
934,23,96.7,22.1,93.6,1,gradual
934,24,96.9,21.7,93.5,1,gradual
935,1,74.5,18.5,96.9,1,gradual
935,2,75.7,19.0,97.2,1,gradual
935,3,77.7,18.6,97.0,1,gradual
935,4,78.7,18.4,96.8,1,gradual
935,5,79.6,19.1,96.4,1,gradual
935,6,80.3,19.3,96.3,1,gradual
935,7,80.2,19.8,96.0,1,gradual
935,8,80.9,20.0,96.1,1,gradual
935,9,81.4,20.4,95.7,1,gradual
935,10,82.5,20.7,95.7,1,gradual
935,11,84.5,21.1,95.3,1,gradual
935,12,84.6,21.7,95.1,1,gradual
935,13,85.6,21.8,94.7,1,gradual
935,14,86.0,22.2,94.7,1,gradual
935,15,86.2,22.0,94.5,1,gradual
935,16,88.6,22.7,94.2,1,gradual
935,17,89.4,22.8,93.9,1,gradual
935,18,88.3,22.9,93.6,1,gradual
935,19,88.3,23.3,93.4,1,gradual
935,20,90.8,22.9,93.4,1,gradual
935,21,91.0,23.0,93.1,1,gradual
935,22,92.4,23.4,92.6,1,gradual
935,23,93.1,23.9,92.3,1,gradual
935,24,92.5,24.2,92.2,1,gradual
936,1,79.7,12.2,97.8,1,gradual
936,2,80.0,12.7,97.3,1,gradual
936,3,80.0,13.3,97.0,1,gradual
936,4,81.2,13.9,97.0,1,gradual
936,5,81.4,14.5,96.9,1,gradual
936,6,83.7,14.5,96.7,1,gradual
936,7,83.8,15.2,96.6,1,gradual
936,8,84.7,15.6,96.3,1,gradual
936,9,84.9,16.2,96.0,1,gradual
936,10,85.3,16.2,95.7,1,gradual
936,11,86.9,16.4,95.4,1,gradual
936,12,87.2,16.8,95.2,1,gradual
936,13,87.0,16.9,95.1,1,gradual
936,14,89.4,17.1,94.9,1,gradual
936,15,91.0,17.4,94.4,1,gradual
936,16,91.5,17.5,94.5,1,gradual
936,17,91.2,17.7,94.3,1,gradual
936,18,91.3,17.7,94.0,1,gradual
936,19,91.1,18.3,93.6,1,gradual
936,20,92.3,18.9,93.6,1,gradual
936,21,94.1,19.0,93.5,1,gradual
936,22,95.5,18.9,93.2,1,gradual
936,23,96.1,19.3,92.9,1,gradual
936,24,96.7,19.4,92.7,1,gradual
937,1,79.7,17.7,97.5,1,early_warning
937,2,83.3,18.7,96.9,1,early_warning
937,3,89.2,20.7,95.4,1,early_warning
937,4,96.7,23.3,93.5,1,early_warning
937,5,100.2,24.8,92.6,1,early_warning
937,6,97.7,23.2,93.6,1,early_warning
937,7,89.4,20.4,95.6,1,early_warning
937,8,84.4,18.8,96.8,1,early_warning
937,9,81.9,19.0,97.2,1,early_warning
937,10,81.6,18.3,97.4,1,early_warning
937,11,81.9,18.7,97.7,1,early_warning
937,12,81.6,18.5,97.6,1,early_warning
937,13,81.6,18.3,97.6,1,early_warning
937,14,82.0,18.1,97.6,1,early_warning
937,15,82.7,18.3,97.7,1,early_warning
937,16,82.3,18.3,97.7,1,early_warning
937,17,82.3,18.7,97.3,1,early_warning
937,18,81.3,19.0,97.2,1,early_warning
937,19,82.1,19.1,97.1,1,early_warning
937,20,83.6,19.5,96.8,1,early_warning
937,21,84.0,19.7,96.7,1,early_warning
937,22,86.1,20.2,96.6,1,early_warning
937,23,86.3,20.5,96.5,1,early_warning
937,24,86.3,20.8,96.5,1,early_warning
938,1,81.6,16.9,99.2,1,early_warning
938,2,82.5,16.7,99.2,1,early_warning
938,3,82.7,16.7,99.0,1,early_warning
938,4,82.1,16.3,98.7,1,early_warning
938,5,84.6,16.3,98.2,1,early_warning
938,6,89.7,18.1,96.9,1,early_warning
938,7,97.8,20.6,94.9,1,early_warning
938,8,102.0,22.3,93.8,1,early_warning
938,9,97.2,20.8,94.7,1,early_warning
938,10,89.1,18.7,96.6,1,early_warning
938,11,84.8,17.3,97.9,1,early_warning
938,12,84.0,16.5,98.7,1,early_warning
938,13,83.7,17.0,98.7,1,early_warning
938,14,81.4,16.7,98.6,1,early_warning
938,15,81.5,16.7,98.7,1,early_warning
938,16,81.2,16.8,98.7,1,early_warning
938,17,82.1,17.1,98.6,1,early_warning
938,18,83.0,17.1,98.3,1,early_warning
938,19,83.4,16.7,98.1,1,early_warning
938,20,84.1,17.3,98.1,1,early_warning
938,21,84.5,17.0,98.0,1,early_warning
938,22,85.2,17.8,97.7,1,early_warning
938,23,85.9,18.3,97.6,1,early_warning
938,24,87.5,18.5,97.4,1,early_warning
939,1,72.2,20.1,96.4,1,early_warning
939,2,72.6,19.9,96.3,1,early_warning
939,3,73.0,19.4,96.3,1,early_warning
939,4,74.0,19.8,96.5,1,early_warning
939,5,76.5,20.4,95.9,1,early_warning
939,6,81.0,21.6,94.5,1,early_warning
939,7,88.9,24.1,92.5,1,early_warning
939,8,92.5,25.2,91.4,1,early_warning
939,9,89.3,24.4,92.4,1,early_warning
939,10,81.4,21.8,94.6,1,early_warning
939,11,75.6,20.0,95.8,1,early_warning
939,12,74.1,19.6,96.2,1,early_warning
939,13,74.6,19.4,96.4,1,early_warning
939,14,73.6,19.2,96.5,1,early_warning
939,15,73.6,19.3,96.5,1,early_warning
939,16,74.3,19.3,96.7,1,early_warning
939,17,74.5,19.2,96.4,1,early_warning
939,18,75.3,19.5,96.3,1,early_warning
939,19,76.4,20.1,96.3,1,early_warning
939,20,75.7,20.9,96.0,1,early_warning
939,21,74.9,21.1,95.7,1,early_warning
939,22,75.8,21.1,95.8,1,early_warning
939,23,75.6,21.2,95.6,1,early_warning
939,24,75.6,21.6,95.3,1,early_warning
940,1,80.7,12.9,98.8,1,early_warning
940,2,82.6,13.9,98.1,1,early_warning
940,3,88.5,15.9,96.5,1,early_warning
940,4,96.0,18.1,94.6,1,early_warning
940,5,99.0,19.3,93.6,1,early_warning
940,6,95.0,18.1,94.5,1,early_warning
940,7,85.7,15.5,96.3,1,early_warning
940,8,79.5,13.8,97.8,1,early_warning
940,9,77.6,13.4,98.3,1,early_warning
940,10,77.8,13.1,98.2,1,early_warning
940,11,78.3,13.1,98.2,1,early_warning
940,12,78.1,13.3,98.0,1,early_warning
940,13,78.0,13.6,98.1,1,early_warning
940,14,78.1,13.7,98.3,1,early_warning
940,15,77.5,14.0,98.0,1,early_warning
940,16,76.9,13.6,98.1,1,early_warning
940,17,78.8,13.8,97.9,1,early_warning
940,18,78.5,13.9,97.8,1,early_warning
940,19,80.3,14.3,98.0,1,early_warning
940,20,80.0,14.7,97.8,1,early_warning
940,21,81.3,14.9,97.7,1,early_warning
940,22,81.2,15.1,97.4,1,early_warning
940,23,82.3,15.6,97.3,1,early_warning
940,24,83.4,16.1,97.1,1,early_warning
941,1,72.3,13.5,98.2,1,gradual
941,2,72.6,13.9,97.7,1,gradual
941,3,74.7,14.6,97.5,1,gradual
941,4,73.0,14.9,97.2,1,gradual
941,5,75.7,14.8,97.0,1,gradual
941,6,78.2,15.3,96.9,1,gradual
941,7,77.8,15.8,96.8,1,gradual
941,8,77.6,16.0,96.5,1,gradual
941,9,79.3,16.0,96.3,1,gradual
941,10,79.9,16.2,96.0,1,gradual
941,11,80.4,16.3,95.6,1,gradual
941,12,81.7,17.0,95.4,1,gradual
941,13,82.5,16.9,95.0,1,gradual
941,14,82.4,17.1,94.8,1,gradual
941,15,83.9,17.4,94.7,1,gradual
941,16,83.9,17.4,94.4,1,gradual
941,17,84.7,17.3,94.4,1,gradual
941,18,84.3,17.5,93.8,1,gradual
941,19,85.9,17.7,93.8,1,gradual
941,20,87.0,17.6,93.5,1,gradual
941,21,88.2,18.4,93.3,1,gradual
941,22,88.2,18.9,93.2,1,gradual
941,23,90.0,19.5,93.2,1,gradual
941,24,91.4,20.2,93.1,1,gradual
942,1,67.4,15.0,96.7,1,gradual
942,2,68.2,15.1,96.5,1,gradual
942,3,69.3,14.7,96.3,1,gradual
942,4,70.9,14.9,96.2,1,gradual
942,5,71.5,15.0,95.7,1,gradual
942,6,71.4,15.2,95.7,1,gradual
942,7,71.6,15.8,95.5,1,gradual
942,8,73.0,15.7,95.2,1,gradual
942,9,73.9,15.8,95.0,1,gradual
942,10,75.1,15.8,94.6,1,gradual
942,11,75.5,16.0,94.3,1,gradual
942,12,76.6,16.4,94.3,1,gradual
942,13,76.7,16.7,93.8,1,gradual
942,14,77.9,16.9,93.5,1,gradual
942,15,79.0,17.0,93.6,1,gradual
942,16,78.5,17.2,93.5,1,gradual
942,17,79.2,17.5,93.4,1,gradual
942,18,80.2,17.7,93.0,1,gradual
942,19,81.7,18.1,92.7,1,gradual
942,20,83.0,18.5,92.4,1,gradual
942,21,82.4,19.1,92.1,1,gradual
942,22,84.6,19.1,91.7,1,gradual
942,23,87.2,19.5,91.4,1,gradual
942,24,86.7,19.4,91.5,1,gradual
943,1,81.4,16.6,96.7,1,early_warning
943,2,80.3,17.1,96.9,1,early_warning
943,3,82.0,17.6,96.2,1,early_warning
943,4,87.9,18.9,94.8,1,early_warning
943,5,97.2,20.9,93.2,1,early_warning
943,6,101.1,22.3,92.1,1,early_warning
943,7,96.2,20.9,92.9,1,early_warning
943,8,88.6,18.7,94.8,1,early_warning
943,9,82.7,17.1,96.1,1,early_warning
943,10,80.8,16.3,96.8,1,early_warning
943,11,79.7,16.7,96.9,1,early_warning
943,12,80.3,16.7,96.9,1,early_warning
943,13,80.5,16.6,96.9,1,early_warning
943,14,80.0,16.3,96.9,1,early_warning
943,15,80.2,16.8,96.9,1,early_warning
943,16,80.5,16.9,96.9,1,early_warning
943,17,79.8,16.7,96.8,1,early_warning
943,18,81.3,16.9,96.6,1,early_warning
943,19,80.6,17.5,96.6,1,early_warning
943,20,81.7,18.1,96.3,1,early_warning
943,21,82.0,18.3,96.1,1,early_warning
943,22,83.1,18.5,96.2,1,early_warning
943,23,83.3,18.3,95.8,1,early_warning
943,24,86.7,18.4,95.7,1,early_warning
944,1,79.2,18.6,98.6,1,early_warning
944,2,82.5,18.6,97.9,1,early_warning
944,3,89.1,19.9,96.4,1,early_warning
944,4,96.6,22.0,94.5,1,early_warning
944,5,100.6,22.9,93.6,1,early_warning
944,6,97.1,21.7,94.7,1,early_warning
944,7,89.4,19.3,96.4,1,early_warning
944,8,83.4,18.0,97.6,1,early_warning
944,9,81.9,17.4,98.2,1,early_warning
944,10,80.8,17.0,98.2,1,early_warning
944,11,81.0,16.6,98.3,1,early_warning
944,12,81.1,16.5,98.3,1,early_warning
944,13,79.6,16.6,98.3,1,early_warning
944,14,79.9,16.8,98.4,1,early_warning
944,15,80.2,17.0,98.3,1,early_warning
944,16,79.5,16.4,98.4,1,early_warning
944,17,80.4,17.2,98.3,1,early_warning
944,18,81.6,17.5,98.2,1,early_warning
944,19,81.9,17.9,98.0,1,early_warning
944,20,82.8,17.7,97.9,1,early_warning
944,21,83.2,18.4,97.6,1,early_warning
944,22,84.3,18.4,97.6,1,early_warning
944,23,85.6,19.1,97.3,1,early_warning
944,24,85.9,19.1,97.4,1,early_warning
945,1,91.0,15.2,98.4,1,gradual
945,2,89.7,15.0,98.2,1,gradual
945,3,88.2,15.3,97.9,1,gradual
945,4,88.8,15.5,97.9,1,gradual
945,5,90.0,15.7,97.6,1,gradual
945,6,91.3,16.4,97.2,1,gradual
945,7,90.3,16.5,97.1,1,gradual
945,8,92.8,16.1,96.9,1,gradual
945,9,93.2,16.5,96.7,1,gradual
945,10,93.4,16.8,96.3,1,gradual
945,11,93.3,17.2,96.3,1,gradual
945,12,93.5,17.2,96.1,1,gradual
945,13,94.1,17.1,95.7,1,gradual
945,14,94.4,18.1,95.4,1,gradual
945,15,94.7,18.6,95.1,1,gradual
945,16,95.7,19.1,95.1,1,gradual
945,17,98.3,19.3,94.6,1,gradual
945,18,98.0,19.3,94.6,1,gradual
945,19,100.4,19.7,94.2,1,gradual
945,20,101.1,20.1,94.1,1,gradual
945,21,100.8,20.2,93.8,1,gradual
945,22,101.1,19.7,93.6,1,gradual
945,23,102.0,20.0,93.6,1,gradual
945,24,102.8,20.0,93.3,1,gradual
946,1,84.2,16.5,97.5,1,early_warning
946,2,84.4,16.8,97.6,1,early_warning
946,3,85.2,17.8,97.1,1,early_warning
946,4,89.5,19.6,95.7,1,early_warning
946,5,97.6,21.3,93.6,1,early_warning
946,6,101.1,22.7,92.9,1,early_warning
946,7,96.7,21.8,93.9,1,early_warning
946,8,88.6,19.4,95.8,1,early_warning
946,9,83.0,17.8,97.1,1,early_warning
946,10,80.5,17.4,97.8,1,early_warning
946,11,80.0,17.0,98.0,1,early_warning
946,12,81.4,16.9,97.9,1,early_warning
946,13,81.8,17.0,97.6,1,early_warning
946,14,82.6,17.0,97.7,1,early_warning
946,15,81.4,16.9,97.7,1,early_warning
946,16,80.8,16.9,98.0,1,early_warning
946,17,82.0,17.1,97.9,1,early_warning
946,18,83.0,17.1,97.7,1,early_warning
946,19,84.6,17.1,97.3,1,early_warning
946,20,85.4,17.9,97.0,1,early_warning
946,21,86.2,18.2,96.8,1,early_warning
946,22,85.6,18.9,96.7,1,early_warning
946,23,86.6,19.6,96.5,1,early_warning
946,24,88.3,19.8,96.3,1,early_warning
947,1,82.0,17.1,97.1,1,early_warning
947,2,83.8,17.7,96.2,1,early_warning
947,3,91.0,19.3,94.7,1,early_warning
947,4,98.0,21.2,92.7,1,early_warning
947,5,101.3,22.6,92.0,1,early_warning
947,6,97.8,21.4,93.1,1,early_warning
947,7,90.5,19.6,94.8,1,early_warning
947,8,84.1,17.8,96.2,1,early_warning
947,9,79.7,16.7,96.7,1,early_warning
947,10,81.8,16.5,96.6,1,early_warning
947,11,81.6,16.5,96.6,1,early_warning
947,12,81.1,16.5,96.7,1,early_warning
947,13,81.0,16.6,96.7,1,early_warning
947,14,81.8,16.5,96.7,1,early_warning
947,15,81.0,16.7,96.6,1,early_warning
947,16,80.5,16.5,96.5,1,early_warning
947,17,81.8,16.6,96.2,1,early_warning
947,18,82.6,17.1,96.1,1,early_warning
947,19,84.4,17.0,95.7,1,early_warning
947,20,85.0,17.5,95.7,1,early_warning
947,21,85.3,18.0,95.7,1,early_warning
947,22,85.6,18.3,95.6,1,early_warning
947,23,86.9,18.9,95.4,1,early_warning
947,24,86.6,19.2,95.3,1,early_warning
948,1,79.4,17.2,98.0,1,early_warning
948,2,76.9,16.9,97.7,1,early_warning
948,3,78.8,17.1,97.3,1,early_warning
948,4,80.7,17.8,96.6,1,early_warning
948,5,85.6,19.3,95.2,1,early_warning
948,6,91.7,21.6,93.2,1,early_warning
948,7,95.8,23.0,92.2,1,early_warning
948,8,91.5,22.2,93.3,1,early_warning
948,9,84.0,19.5,95.4,1,early_warning
948,10,79.0,18.3,96.7,1,early_warning
948,11,77.2,17.5,97.5,1,early_warning
948,12,76.7,17.3,97.7,1,early_warning
948,13,76.4,17.1,97.6,1,early_warning
948,14,76.0,17.3,97.4,1,early_warning
948,15,76.1,17.1,97.2,1,early_warning
948,16,75.9,16.8,97.3,1,early_warning
948,17,76.4,16.8,97.0,1,early_warning
948,18,76.9,17.1,97.0,1,early_warning
948,19,76.5,17.3,96.8,1,early_warning
948,20,77.6,17.7,96.8,1,early_warning
948,21,77.8,18.1,96.6,1,early_warning
948,22,78.3,18.5,96.6,1,early_warning
948,23,79.1,19.0,96.3,1,early_warning
948,24,81.2,19.3,96.0,1,early_warning
949,1,72.0,16.8,97.8,1,early_warning
949,2,72.6,17.2,97.6,1,early_warning
949,3,73.8,17.1,97.6,1,early_warning
949,4,73.7,17.1,97.4,1,early_warning
949,5,74.7,17.9,96.9,1,early_warning
949,6,79.0,19.1,95.7,1,early_warning
949,7,87.7,21.8,93.7,1,early_warning
949,8,91.7,23.1,92.7,1,early_warning
949,9,88.2,22.1,93.7,1,early_warning
949,10,80.9,20.0,95.6,1,early_warning
949,11,74.4,18.1,97.0,1,early_warning
949,12,73.7,17.6,97.7,1,early_warning
949,13,74.1,16.8,97.8,1,early_warning
949,14,74.1,17.0,97.8,1,early_warning
949,15,73.8,17.1,97.8,1,early_warning
949,16,73.9,17.0,97.7,1,early_warning
949,17,73.5,16.9,97.6,1,early_warning
949,18,73.9,16.9,97.4,1,early_warning
949,19,74.8,17.2,97.1,1,early_warning
949,20,76.4,17.8,97.0,1,early_warning
949,21,78.0,18.1,96.7,1,early_warning
949,22,78.4,18.1,96.6,1,early_warning
949,23,79.0,18.6,96.5,1,early_warning
949,24,80.1,18.9,96.4,1,early_warning
950,1,74.2,17.5,98.3,1,early_warning
950,2,75.9,17.3,98.1,1,early_warning
950,3,77.4,17.8,97.3,1,early_warning
950,4,81.7,19.4,95.7,1,early_warning
950,5,89.7,22.0,93.5,1,early_warning
950,6,93.7,22.8,92.5,1,early_warning
950,7,91.8,21.8,93.6,1,early_warning
950,8,83.8,19.4,95.7,1,early_warning
950,9,78.6,17.8,97.0,1,early_warning
950,10,76.2,17.2,97.4,1,early_warning
950,11,74.7,16.7,97.6,1,early_warning
950,12,74.6,16.6,97.5,1,early_warning
950,13,74.2,16.9,97.4,1,early_warning
950,14,74.5,16.6,97.3,1,early_warning
950,15,74.3,16.7,97.3,1,early_warning
950,16,75.3,17.0,97.4,1,early_warning
950,17,76.7,17.2,97.4,1,early_warning
950,18,78.0,16.9,97.5,1,early_warning
950,19,78.1,17.6,97.2,1,early_warning
950,20,77.9,17.8,96.7,1,early_warning
950,21,78.7,18.2,96.8,1,early_warning
950,22,79.6,18.4,96.6,1,early_warning
950,23,80.9,18.6,96.4,1,early_warning
950,24,81.6,18.5,96.3,1,early_warning
951,1,78.6,16.9,96.6,1,early_warning
951,2,78.4,17.3,96.6,1,early_warning
951,3,79.5,18.1,96.1,1,early_warning
951,4,85.6,19.9,94.8,1,early_warning
951,5,94.1,22.1,92.9,1,early_warning
951,6,98.0,23.5,92.0,1,early_warning
951,7,93.9,21.6,93.1,1,early_warning
951,8,85.9,19.5,95.0,1,early_warning
951,9,80.7,17.7,96.4,1,early_warning
951,10,78.5,16.8,97.0,1,early_warning
951,11,77.6,16.3,97.0,1,early_warning
951,12,77.2,16.3,97.2,1,early_warning
951,13,76.7,16.8,97.0,1,early_warning
951,14,77.6,17.1,97.2,1,early_warning
951,15,76.3,17.0,97.2,1,early_warning
951,16,78.2,17.2,97.1,1,early_warning
951,17,78.7,17.1,96.9,1,early_warning
951,18,77.5,17.2,96.8,1,early_warning
951,19,78.3,17.3,96.6,1,early_warning
951,20,78.4,17.5,96.4,1,early_warning
951,21,80.1,17.9,96.0,1,early_warning
951,22,81.5,17.9,95.9,1,early_warning
951,23,82.3,18.4,96.0,1,early_warning
951,24,83.3,18.8,95.9,1,early_warning
952,1,81.0,15.9,97.5,1,early_warning
952,2,81.6,16.2,97.6,1,early_warning
952,3,82.3,16.0,97.5,1,early_warning
952,4,81.5,16.2,97.5,1,early_warning
952,5,83.1,17.2,96.9,1,early_warning
952,6,88.6,18.8,95.5,1,early_warning
952,7,98.3,20.9,93.6,1,early_warning
952,8,103.4,22.1,92.5,1,early_warning
952,9,98.7,20.8,93.5,1,early_warning
952,10,90.8,19.1,95.5,1,early_warning
952,11,86.6,17.2,96.9,1,early_warning
952,12,84.1,16.5,97.2,1,early_warning
952,13,84.6,16.2,97.3,1,early_warning
952,14,83.7,16.0,97.4,1,early_warning
952,15,84.3,16.0,97.2,1,early_warning
952,16,84.1,16.1,97.4,1,early_warning
952,17,84.4,16.5,97.3,1,early_warning
952,18,83.5,16.7,97.1,1,early_warning
952,19,83.8,16.8,97.2,1,early_warning
952,20,83.8,17.0,97.1,1,early_warning
952,21,85.7,17.1,97.0,1,early_warning
952,22,86.4,17.6,96.9,1,early_warning
952,23,87.0,17.9,97.0,1,early_warning
952,24,86.4,17.8,96.7,1,early_warning
953,1,76.2,16.1,96.7,1,early_warning
953,2,77.5,16.6,96.5,1,early_warning
953,3,81.5,18.3,95.3,1,early_warning
953,4,89.2,20.9,93.3,1,early_warning
953,5,91.5,22.1,92.1,1,early_warning
953,6,86.4,21.3,93.3,1,early_warning
953,7,80.3,18.1,95.1,1,early_warning
953,8,74.3,16.6,96.6,1,early_warning
953,9,73.1,16.4,97.0,1,early_warning
953,10,71.9,15.6,97.2,1,early_warning
953,11,71.8,15.9,97.2,1,early_warning
953,12,71.8,16.3,97.3,1,early_warning
953,13,70.7,16.5,97.2,1,early_warning
953,14,72.5,16.4,97.0,1,early_warning
953,15,72.1,16.2,97.1,1,early_warning
953,16,71.9,16.3,97.1,1,early_warning
953,17,72.8,16.4,97.0,1,early_warning
953,18,73.0,16.3,96.8,1,early_warning
953,19,74.2,16.4,96.5,1,early_warning
953,20,74.7,16.5,96.5,1,early_warning
953,21,74.4,16.8,96.2,1,early_warning
953,22,76.3,16.7,96.1,1,early_warning
953,23,77.0,17.2,96.1,1,early_warning
953,24,77.1,18.0,95.7,1,early_warning
954,1,82.3,14.3,97.6,1,early_warning
954,2,83.0,14.2,97.2,1,early_warning
954,3,84.9,14.6,96.6,1,early_warning
954,4,90.0,16.4,95.2,1,early_warning
954,5,99.1,19.2,93.4,1,early_warning
954,6,103.1,19.8,92.4,1,early_warning
954,7,97.9,18.7,93.2,1,early_warning
954,8,89.2,16.3,95.2,1,early_warning
954,9,84.1,14.9,96.6,1,early_warning
954,10,83.0,14.2,96.9,1,early_warning
954,11,83.3,14.3,97.1,1,early_warning
954,12,82.5,14.2,97.0,1,early_warning
954,13,82.5,14.0,97.0,1,early_warning
954,14,84.0,13.9,96.9,1,early_warning
954,15,84.0,14.1,96.8,1,early_warning
954,16,82.4,14.0,96.8,1,early_warning
954,17,83.4,14.5,96.8,1,early_warning
954,18,83.9,14.6,96.4,1,early_warning
954,19,85.0,14.4,96.3,1,early_warning
954,20,84.6,14.5,96.1,1,early_warning
954,21,85.7,14.8,96.0,1,early_warning
954,22,85.5,15.4,96.0,1,early_warning
954,23,85.8,15.3,95.9,1,early_warning
954,24,87.6,15.7,95.6,1,early_warning
955,1,77.3,18.2,97.9,1,gradual
955,2,77.9,18.5,97.9,1,gradual
955,3,78.2,18.6,97.5,1,gradual
955,4,79.3,18.9,97.2,1,gradual
955,5,79.4,19.0,97.1,1,gradual
955,6,80.0,18.7,96.8,1,gradual
955,7,81.1,19.2,96.4,1,gradual
955,8,81.1,19.4,96.2,1,gradual
955,9,81.4,19.6,95.9,1,gradual
955,10,82.4,19.7,95.6,1,gradual
955,11,82.3,20.3,95.4,1,gradual
955,12,84.3,20.3,95.1,1,gradual
955,13,84.6,21.1,94.8,1,gradual
955,14,85.5,21.4,94.6,1,gradual
955,15,85.9,21.4,94.6,1,gradual
955,16,86.6,21.8,94.3,1,gradual
955,17,88.4,22.6,94.0,1,gradual
955,18,90.6,22.9,94.0,1,gradual
955,19,90.8,22.9,93.9,1,gradual
955,20,91.1,23.1,93.8,1,gradual
955,21,91.9,23.2,93.6,1,gradual
955,22,92.4,22.8,93.4,1,gradual
955,23,94.3,23.3,93.0,1,gradual
955,24,94.4,23.9,92.6,1,gradual
956,1,83.8,15.9,96.5,1,early_warning
956,2,83.2,15.8,97.0,1,early_warning
956,3,85.0,17.2,96.6,1,early_warning
956,4,90.6,19.0,95.3,1,early_warning
956,5,97.7,21.0,93.6,1,early_warning
956,6,101.1,21.8,92.8,1,early_warning
956,7,97.0,20.7,93.8,1,early_warning
956,8,89.8,17.8,95.8,1,early_warning
956,9,85.3,16.4,97.1,1,early_warning
956,10,83.3,15.8,97.8,1,early_warning
956,11,82.5,16.0,97.8,1,early_warning
956,12,80.9,16.2,98.0,1,early_warning
956,13,80.5,16.1,97.8,1,early_warning
956,14,79.4,16.2,97.7,1,early_warning
956,15,80.2,16.0,97.9,1,early_warning
956,16,80.6,15.8,97.9,1,early_warning
956,17,81.7,16.2,97.7,1,early_warning
956,18,82.0,16.5,97.5,1,early_warning
956,19,81.9,17.0,97.4,1,early_warning
956,20,83.0,17.1,97.0,1,early_warning
956,21,83.6,17.1,97.2,1,early_warning
956,22,84.0,17.9,96.9,1,early_warning
956,23,85.4,18.3,96.8,1,early_warning
956,24,86.2,18.2,96.4,1,early_warning
957,1,77.1,17.2,99.6,1,gradual
957,2,76.8,17.3,99.2,1,gradual
957,3,77.7,17.6,98.8,1,gradual
957,4,78.4,17.7,98.5,1,gradual
957,5,78.9,17.9,98.0,1,gradual
957,6,79.0,18.1,97.7,1,gradual
957,7,79.0,17.9,97.6,1,gradual
957,8,79.7,18.2,97.4,1,gradual
957,9,81.5,18.6,97.0,1,gradual
957,10,81.4,18.9,96.8,1,gradual
957,11,83.7,19.5,96.5,1,gradual
957,12,83.8,19.6,96.3,1,gradual
957,13,84.7,20.5,96.3,1,gradual
957,14,85.3,20.2,96.0,1,gradual
957,15,85.9,20.4,95.8,1,gradual
957,16,87.2,20.6,95.6,1,gradual
957,17,87.4,21.0,95.1,1,gradual
957,18,88.7,21.1,94.9,1,gradual
957,19,89.3,21.5,94.7,1,gradual
957,20,89.5,21.6,94.6,1,gradual
957,21,90.5,21.9,94.4,1,gradual
957,22,91.1,22.2,94.3,1,gradual
957,23,92.1,22.5,93.9,1,gradual
957,24,92.5,23.1,94.0,1,gradual
958,1,74.6,13.1,98.1,1,gradual
958,2,75.5,13.1,97.8,1,gradual
958,3,78.2,13.5,97.1,1,gradual
958,4,78.4,13.9,97.2,1,gradual
958,5,77.8,14.4,96.9,1,gradual
958,6,78.7,14.8,96.7,1,gradual
958,7,81.1,15.1,96.3,1,gradual
958,8,81.5,14.9,96.1,1,gradual
958,9,82.3,15.3,95.8,1,gradual
958,10,81.4,15.6,95.7,1,gradual
958,11,83.1,16.3,95.5,1,gradual
958,12,84.6,16.8,95.3,1,gradual
958,13,84.7,17.1,95.1,1,gradual
958,14,86.3,17.4,94.9,1,gradual
958,15,85.6,17.7,94.4,1,gradual
958,16,86.2,17.7,94.2,1,gradual
958,17,87.1,18.3,94.1,1,gradual
958,18,87.6,18.4,93.7,1,gradual
958,19,87.4,18.5,93.4,1,gradual
958,20,88.3,18.8,93.5,1,gradual
958,21,90.7,18.8,93.3,1,gradual
958,22,91.1,19.0,92.9,1,gradual
958,23,93.1,19.6,92.8,1,gradual
958,24,93.1,19.2,92.6,1,gradual
959,1,81.1,16.0,96.8,1,early_warning
959,2,82.6,16.7,96.5,1,early_warning
959,3,87.2,18.6,95.2,1,early_warning
959,4,95.1,21.3,93.3,1,early_warning
959,5,97.1,22.4,92.5,1,early_warning
959,6,93.4,21.1,93.3,1,early_warning
959,7,85.8,18.4,95.1,1,early_warning
959,8,80.3,16.6,96.4,1,early_warning
959,9,80.5,16.2,97.1,1,early_warning
959,10,79.8,16.3,97.2,1,early_warning
959,11,78.8,16.0,97.1,1,early_warning
959,12,78.4,16.1,96.8,1,early_warning
959,13,79.2,16.1,96.8,1,early_warning
959,14,80.1,16.3,96.7,1,early_warning
959,15,80.1,16.4,96.6,1,early_warning
959,16,80.1,16.9,96.9,1,early_warning
959,17,79.5,16.8,96.8,1,early_warning
959,18,79.9,16.9,96.8,1,early_warning
959,19,80.2,17.2,96.5,1,early_warning
959,20,82.9,17.3,96.4,1,early_warning
959,21,82.9,17.6,96.3,1,early_warning
959,22,83.4,17.7,96.2,1,early_warning
959,23,83.4,17.4,96.0,1,early_warning
959,24,85.4,18.0,95.7,1,early_warning
960,1,75.1,14.9,98.1,1,gradual
960,2,75.8,15.0,97.6,1,gradual
960,3,78.5,15.3,97.2,1,gradual
960,4,78.8,16.0,96.9,1,gradual
960,5,79.9,16.3,96.7,1,gradual
960,6,78.9,16.7,96.4,1,gradual
960,7,79.4,17.0,96.3,1,gradual
960,8,79.9,17.3,95.9,1,gradual
960,9,82.2,17.4,95.5,1,gradual
960,10,82.1,18.1,95.0,1,gradual
960,11,82.2,18.0,94.8,1,gradual
960,12,85.2,18.3,94.8,1,gradual
960,13,86.2,18.8,94.6,1,gradual
960,14,86.2,19.2,94.5,1,gradual
960,15,86.4,19.2,94.2,1,gradual
960,16,86.1,19.0,93.9,1,gradual
960,17,87.2,19.7,93.8,1,gradual
960,18,87.4,20.5,93.6,1,gradual
960,19,88.1,20.7,93.3,1,gradual
960,20,89.8,20.9,93.3,1,gradual
960,21,90.9,21.1,93.0,1,gradual
960,22,91.2,21.0,92.7,1,gradual
960,23,91.2,21.4,92.6,1,gradual
960,24,92.1,21.5,92.5,1,gradual
961,1,87.0,13.6,98.0,1,gradual
961,2,85.8,14.0,98.3,1,gradual
961,3,84.9,14.4,98.1,1,gradual
961,4,85.1,14.9,98.1,1,gradual
961,5,85.5,15.3,97.6,1,gradual
961,6,85.7,15.3,97.6,1,gradual
961,7,86.8,15.4,97.4,1,gradual
961,8,88.1,15.2,96.9,1,gradual
961,9,88.4,16.2,96.8,1,gradual
961,10,88.1,16.4,96.3,1,gradual
961,11,88.4,17.1,96.1,1,gradual
961,12,88.0,17.2,95.9,1,gradual
961,13,90.3,17.4,95.8,1,gradual
961,14,91.0,17.5,95.5,1,gradual
961,15,92.7,18.4,95.2,1,gradual
961,16,93.4,18.6,95.0,1,gradual
961,17,93.1,19.1,94.9,1,gradual
961,18,94.0,18.8,94.7,1,gradual
961,19,94.4,18.8,94.5,1,gradual
961,20,95.7,18.8,94.4,1,gradual
961,21,97.4,19.2,94.2,1,gradual
961,22,97.2,19.4,94.1,1,gradual
961,23,98.2,19.5,93.7,1,gradual
961,24,99.3,19.9,93.6,1,gradual
962,1,73.3,16.0,98.7,1,early_warning
962,2,76.3,16.3,98.1,1,early_warning
962,3,83.6,18.1,96.7,1,early_warning
962,4,92.2,20.4,94.6,1,early_warning
962,5,95.1,21.9,93.4,1,early_warning
962,6,91.2,21.1,94.4,1,early_warning
962,7,82.6,19.1,96.4,1,early_warning
962,8,76.8,17.6,97.8,1,early_warning
962,9,75.1,17.0,98.4,1,early_warning
962,10,74.2,16.8,98.4,1,early_warning
962,11,75.0,16.5,98.4,1,early_warning
962,12,76.5,16.2,98.5,1,early_warning
962,13,75.3,16.5,98.6,1,early_warning
962,14,76.9,16.0,98.6,1,early_warning
962,15,76.5,15.6,98.8,1,early_warning
962,16,75.1,15.9,98.6,1,early_warning
962,17,76.7,16.3,98.4,1,early_warning
962,18,78.1,16.4,98.2,1,early_warning
962,19,78.8,16.9,98.3,1,early_warning
962,20,79.1,17.0,98.1,1,early_warning
962,21,78.6,17.3,97.8,1,early_warning
962,22,80.8,18.2,97.8,1,early_warning
962,23,81.4,18.4,97.5,1,early_warning
962,24,81.9,18.5,97.1,1,early_warning
963,1,85.0,15.4,97.2,1,early_warning
963,2,85.7,16.2,96.7,1,early_warning
963,3,91.1,17.8,95.2,1,early_warning
963,4,97.9,19.7,93.1,1,early_warning
963,5,101.0,20.8,92.2,1,early_warning
963,6,98.6,19.8,93.3,1,early_warning
963,7,90.5,17.8,95.3,1,early_warning
963,8,84.6,16.3,96.6,1,early_warning
963,9,83.1,15.7,97.2,1,early_warning
963,10,81.7,15.4,97.5,1,early_warning
963,11,79.8,15.8,97.3,1,early_warning
963,12,81.9,15.8,97.2,1,early_warning
963,13,83.6,15.7,97.1,1,early_warning
963,14,85.5,15.4,97.1,1,early_warning
963,15,84.5,15.4,97.2,1,early_warning
963,16,83.8,15.2,97.2,1,early_warning
963,17,85.9,15.4,96.9,1,early_warning
963,18,84.4,16.0,96.7,1,early_warning
963,19,84.9,16.3,96.9,1,early_warning
963,20,85.1,16.7,96.7,1,early_warning
963,21,85.4,17.1,96.5,1,early_warning
963,22,85.3,17.2,96.3,1,early_warning
963,23,87.5,17.4,96.2,1,early_warning
963,24,87.4,17.7,95.9,1,early_warning
964,1,66.8,16.4,96.8,1,early_warning
964,2,68.3,16.6,96.8,1,early_warning
964,3,69.2,16.1,96.9,1,early_warning
964,4,73.1,17.2,95.9,1,early_warning
964,5,80.2,19.1,94.3,1,early_warning
964,6,87.9,21.6,92.4,1,early_warning
964,7,90.4,22.4,91.3,1,early_warning
964,8,85.0,21.0,92.4,1,early_warning
964,9,76.5,18.6,94.2,1,early_warning
964,10,72.3,17.0,95.8,1,early_warning
964,11,70.6,16.0,96.0,1,early_warning
964,12,70.9,15.9,96.1,1,early_warning
964,13,72.6,15.6,96.1,1,early_warning
964,14,71.2,15.8,96.3,1,early_warning
964,15,71.8,16.5,96.4,1,early_warning
964,16,72.0,16.2,96.6,1,early_warning
964,17,71.7,16.2,96.4,1,early_warning
964,18,72.4,16.4,96.4,1,early_warning
964,19,74.1,16.6,96.0,1,early_warning
964,20,74.2,17.4,96.0,1,early_warning
964,21,75.5,17.9,95.8,1,early_warning
964,22,74.4,18.0,95.6,1,early_warning
964,23,75.5,18.0,95.4,1,early_warning
964,24,75.7,18.1,95.0,1,early_warning
965,1,81.0,12.3,96.9,1,early_warning
965,2,82.1,12.6,97.0,1,early_warning
965,3,80.9,12.7,97.1,1,early_warning
965,4,81.5,12.5,96.9,1,early_warning
965,5,83.5,12.9,96.4,1,early_warning
965,6,89.9,14.5,95.1,1,early_warning
965,7,97.4,16.9,93.2,1,early_warning
965,8,102.3,18.1,92.2,1,early_warning
965,9,97.9,17.2,93.1,1,early_warning
965,10,91.1,15.2,94.9,1,early_warning
965,11,84.5,13.4,96.2,1,early_warning
965,12,82.7,12.7,96.6,1,early_warning
965,13,82.1,12.6,96.6,1,early_warning
965,14,80.5,12.3,96.8,1,early_warning
965,15,81.4,12.5,96.8,1,early_warning
965,16,81.4,12.9,96.8,1,early_warning
965,17,81.9,12.9,96.8,1,early_warning
965,18,82.1,13.6,96.8,1,early_warning
965,19,83.4,13.7,96.7,1,early_warning
965,20,83.7,13.9,96.5,1,early_warning
965,21,85.4,14.4,96.4,1,early_warning
965,22,85.1,14.6,96.1,1,early_warning
965,23,85.8,14.7,96.2,1,early_warning
965,24,87.3,15.2,95.9,1,early_warning
966,1,84.1,14.4,97.8,1,early_warning
966,2,88.7,16.4,96.4,1,early_warning
966,3,96.8,19.5,94.4,1,early_warning
966,4,101.9,20.5,93.3,1,early_warning
966,5,97.2,19.2,94.4,1,early_warning
966,6,89.5,17.4,96.4,1,early_warning
966,7,83.2,15.7,97.7,1,early_warning
966,8,82.3,15.2,98.1,1,early_warning
966,9,81.5,15.0,98.3,1,early_warning
966,10,81.8,15.2,98.3,1,early_warning
966,11,80.3,15.7,98.3,1,early_warning
966,12,80.7,15.5,98.4,1,early_warning
966,13,80.2,15.3,98.7,1,early_warning
966,14,80.5,15.0,98.6,1,early_warning
966,15,80.4,15.0,98.4,1,early_warning
966,16,80.9,15.3,98.6,1,early_warning
966,17,81.1,15.7,98.1,1,early_warning
966,18,82.1,15.8,97.8,1,early_warning
966,19,82.0,16.2,97.7,1,early_warning
966,20,84.8,16.4,97.8,1,early_warning
966,21,86.5,16.4,97.6,1,early_warning
966,22,86.9,16.5,97.5,1,early_warning
966,23,85.4,16.7,97.3,1,early_warning
966,24,87.8,16.6,97.4,1,early_warning
967,1,86.4,15.4,95.5,1,early_warning
967,2,85.0,15.5,95.4,1,early_warning
967,3,86.3,16.1,95.0,1,early_warning
967,4,91.7,18.0,93.5,1,early_warning
967,5,99.8,20.3,91.5,1,early_warning
967,6,102.9,21.5,90.6,1,early_warning
967,7,99.6,20.3,91.7,1,early_warning
967,8,91.7,17.7,93.6,1,early_warning
967,9,84.5,16.3,95.0,1,early_warning
967,10,82.2,15.8,95.6,1,early_warning
967,11,81.5,15.7,95.8,1,early_warning
967,12,82.6,15.9,95.6,1,early_warning
967,13,82.8,16.0,95.7,1,early_warning
967,14,82.8,16.0,95.9,1,early_warning
967,15,82.3,15.8,96.1,1,early_warning
967,16,83.0,15.5,95.9,1,early_warning
967,17,83.9,15.8,95.4,1,early_warning
967,18,84.9,16.1,95.2,1,early_warning
967,19,85.5,16.2,95.1,1,early_warning
967,20,86.6,16.6,94.9,1,early_warning
967,21,87.0,16.7,94.9,1,early_warning
967,22,87.8,17.1,94.7,1,early_warning
967,23,87.8,17.0,94.4,1,early_warning
967,24,88.7,17.1,94.3,1,early_warning
968,1,80.1,17.4,96.1,1,early_warning
968,2,80.6,17.5,96.2,1,early_warning
968,3,82.7,17.7,95.5,1,early_warning
968,4,88.8,19.3,94.1,1,early_warning
968,5,97.2,21.8,92.1,1,early_warning
968,6,100.7,22.9,91.1,1,early_warning
968,7,97.9,21.7,92.2,1,early_warning
968,8,90.7,19.0,94.4,1,early_warning
968,9,84.1,17.2,95.7,1,early_warning
968,10,82.6,16.5,96.3,1,early_warning
968,11,82.6,16.3,96.4,1,early_warning
968,12,81.0,16.5,96.2,1,early_warning
968,13,79.5,16.6,96.3,1,early_warning
968,14,80.6,16.8,96.5,1,early_warning
968,15,81.2,16.8,96.5,1,early_warning
968,16,80.9,16.8,96.5,1,early_warning
968,17,82.7,17.3,96.3,1,early_warning
968,18,81.6,17.5,96.0,1,early_warning
968,19,81.6,17.9,96.0,1,early_warning
968,20,82.1,18.3,95.8,1,early_warning
968,21,83.9,18.5,95.7,1,early_warning
968,22,83.3,18.8,95.4,1,early_warning
968,23,82.8,18.7,95.2,1,early_warning
968,24,84.7,18.8,95.1,1,early_warning
969,1,87.9,14.9,96.2,1,early_warning
969,2,93.7,16.7,94.8,1,early_warning
969,3,101.2,19.3,92.8,1,early_warning
969,4,105.8,19.9,91.9,1,early_warning
969,5,101.1,19.1,92.7,1,early_warning
969,6,93.5,16.5,94.7,1,early_warning
969,7,87.8,14.8,96.1,1,early_warning
969,8,85.6,14.3,96.4,1,early_warning
969,9,85.2,13.9,96.8,1,early_warning
969,10,86.2,14.2,96.6,1,early_warning
969,11,87.7,14.3,96.8,1,early_warning
969,12,86.3,14.4,96.7,1,early_warning
969,13,85.0,14.2,96.8,1,early_warning
969,14,84.3,14.0,96.8,1,early_warning
969,15,84.4,13.8,96.6,1,early_warning
969,16,84.1,13.7,96.8,1,early_warning
969,17,85.2,13.8,96.8,1,early_warning
969,18,84.8,14.3,96.6,1,early_warning
969,19,87.7,14.6,96.5,1,early_warning
969,20,88.2,15.0,96.5,1,early_warning
969,21,91.1,15.6,96.3,1,early_warning
969,22,91.2,15.3,96.0,1,early_warning
969,23,92.0,15.5,95.8,1,early_warning
969,24,92.2,15.9,95.7,1,early_warning
970,1,77.0,14.9,97.1,1,early_warning
970,2,81.5,15.9,96.5,1,early_warning
970,3,89.2,17.3,95.4,1,early_warning
970,4,96.0,20.0,93.4,1,early_warning
970,5,100.7,21.5,92.3,1,early_warning
970,6,96.4,20.2,93.4,1,early_warning
970,7,89.4,17.7,95.5,1,early_warning
970,8,85.2,16.2,97.1,1,early_warning
970,9,81.8,15.6,97.8,1,early_warning
970,10,80.0,15.7,97.7,1,early_warning
970,11,79.3,15.5,97.9,1,early_warning
970,12,80.9,15.5,97.9,1,early_warning
970,13,81.4,15.3,97.7,1,early_warning
970,14,81.5,15.3,97.6,1,early_warning
970,15,81.0,15.6,97.8,1,early_warning
970,16,79.8,15.6,97.6,1,early_warning
970,17,80.5,16.1,97.3,1,early_warning
970,18,82.8,16.2,97.3,1,early_warning
970,19,82.9,16.8,97.2,1,early_warning
970,20,82.9,16.8,97.0,1,early_warning
970,21,83.1,16.5,97.0,1,early_warning
970,22,83.8,16.9,96.8,1,early_warning
970,23,86.5,17.2,96.6,1,early_warning
970,24,87.4,17.6,96.3,1,early_warning
971,1,77.1,15.4,97.6,1,early_warning
971,2,80.1,16.4,96.7,1,early_warning
971,3,85.4,18.3,95.2,1,early_warning
971,4,93.5,20.6,93.3,1,early_warning
971,5,97.4,21.8,92.1,1,early_warning
971,6,91.8,20.6,93.2,1,early_warning
971,7,84.5,18.2,95.2,1,early_warning
971,8,77.9,16.8,96.5,1,early_warning
971,9,76.1,16.5,97.0,1,early_warning
971,10,76.4,16.5,97.2,1,early_warning
971,11,75.7,15.6,97.1,1,early_warning
971,12,75.5,16.1,97.3,1,early_warning
971,13,76.1,16.4,97.3,1,early_warning
971,14,75.4,16.0,97.5,1,early_warning
971,15,75.2,15.9,97.4,1,early_warning
971,16,75.2,16.3,97.3,1,early_warning
971,17,76.1,16.3,97.3,1,early_warning
971,18,77.6,16.4,97.1,1,early_warning
971,19,77.4,16.4,96.9,1,early_warning
971,20,78.8,17.1,96.9,1,early_warning
971,21,79.7,17.2,96.4,1,early_warning
971,22,80.4,17.3,96.3,1,early_warning
971,23,80.8,17.5,96.4,1,early_warning
971,24,81.1,17.4,96.1,1,early_warning
972,1,78.6,17.1,96.1,1,early_warning
972,2,83.3,19.1,94.5,1,early_warning
972,3,92.0,21.4,92.7,1,early_warning
972,4,96.1,23.2,91.7,1,early_warning
972,5,91.1,22.3,92.8,1,early_warning
972,6,83.2,19.9,95.0,1,early_warning
972,7,78.2,18.6,96.2,1,early_warning
972,8,75.1,17.9,96.6,1,early_warning
972,9,75.5,17.7,96.8,1,early_warning
972,10,76.5,17.6,96.9,1,early_warning
972,11,76.1,17.5,96.8,1,early_warning
972,12,77.2,17.5,96.8,1,early_warning
972,13,75.1,17.8,96.9,1,early_warning
972,14,76.5,17.5,97.0,1,early_warning
972,15,76.9,17.7,96.8,1,early_warning
972,16,76.3,18.0,96.8,1,early_warning
972,17,77.5,18.2,96.6,1,early_warning
972,18,77.4,17.8,96.6,1,early_warning
972,19,76.9,18.3,96.5,1,early_warning
972,20,77.8,18.5,96.4,1,early_warning
972,21,78.8,18.8,96.3,1,early_warning
972,22,79.8,19.2,96.3,1,early_warning
972,23,80.4,19.6,96.3,1,early_warning
972,24,79.0,19.6,95.9,1,early_warning
973,1,81.6,16.9,97.4,1,gradual
973,2,81.2,17.1,97.3,1,gradual
973,3,80.4,17.2,97.0,1,gradual
973,4,78.8,17.8,96.9,1,gradual
973,5,80.9,18.2,96.8,1,gradual
973,6,81.4,19.1,96.5,1,gradual
973,7,82.4,19.0,96.5,1,gradual
973,8,82.3,19.9,96.2,1,gradual
973,9,83.2,19.4,96.0,1,gradual
973,10,84.3,19.8,96.0,1,gradual
973,11,84.3,20.0,95.7,1,gradual
973,12,85.5,20.1,95.4,1,gradual
973,13,87.6,20.3,95.1,1,gradual
973,14,87.4,20.6,94.8,1,gradual
973,15,88.9,21.0,94.7,1,gradual
973,16,87.6,21.6,94.4,1,gradual
973,17,89.7,21.6,94.2,1,gradual
973,18,90.1,21.8,93.9,1,gradual
973,19,88.6,21.7,93.7,1,gradual
973,20,90.3,22.0,93.5,1,gradual
973,21,91.5,22.2,93.2,1,gradual
973,22,93.6,22.3,93.2,1,gradual
973,23,93.5,22.9,92.9,1,gradual
973,24,94.0,23.2,92.7,1,gradual
974,1,73.6,17.8,96.9,1,gradual
974,2,73.0,17.5,96.7,1,gradual
974,3,73.3,17.5,96.6,1,gradual
974,4,75.0,17.7,96.1,1,gradual
974,5,76.0,18.2,96.0,1,gradual
974,6,77.5,18.8,95.8,1,gradual
974,7,78.0,19.4,95.3,1,gradual
974,8,77.9,19.4,95.2,1,gradual
974,9,78.8,19.7,95.1,1,gradual
974,10,78.3,19.5,94.9,1,gradual
974,11,78.8,19.5,94.8,1,gradual
974,12,79.5,20.1,94.6,1,gradual
974,13,80.2,20.4,94.3,1,gradual
974,14,80.0,21.1,93.9,1,gradual
974,15,79.3,21.3,93.7,1,gradual
974,16,81.8,21.7,93.7,1,gradual
974,17,82.6,21.9,93.5,1,gradual
974,18,83.2,22.4,93.2,1,gradual
974,19,84.2,22.5,93.0,1,gradual
974,20,84.9,22.4,92.8,1,gradual
974,21,85.9,22.9,92.7,1,gradual
974,22,86.8,23.2,92.6,1,gradual
974,23,87.6,23.5,92.4,1,gradual
974,24,86.8,23.6,92.3,1,gradual
975,1,77.1,15.2,96.9,1,early_warning
975,2,83.5,17.3,95.7,1,early_warning
975,3,91.0,20.3,93.7,1,early_warning
975,4,95.1,22.0,92.7,1,early_warning
975,5,90.4,20.8,93.6,1,early_warning
975,6,82.6,18.4,95.7,1,early_warning
975,7,76.3,17.1,97.2,1,early_warning
975,8,74.2,16.5,97.8,1,early_warning
975,9,73.3,15.9,97.7,1,early_warning
975,10,74.2,15.7,97.8,1,early_warning
975,11,73.4,15.4,97.7,1,early_warning
975,12,73.1,15.3,97.8,1,early_warning
975,13,73.4,15.6,97.7,1,early_warning
975,14,72.5,15.7,97.7,1,early_warning
975,15,74.1,15.7,98.0,1,early_warning
975,16,73.7,15.7,98.2,1,early_warning
975,17,73.6,16.0,98.0,1,early_warning
975,18,75.1,15.9,98.0,1,early_warning
975,19,75.0,16.1,97.7,1,early_warning
975,20,75.7,16.3,97.3,1,early_warning
975,21,76.7,17.0,97.3,1,early_warning
975,22,76.8,17.3,97.2,1,early_warning
975,23,76.9,17.2,96.9,1,early_warning
975,24,78.6,17.5,96.8,1,early_warning
976,1,80.5,15.8,97.5,1,early_warning
976,2,83.6,16.7,97.2,1,early_warning
976,3,89.0,18.5,95.8,1,early_warning
976,4,97.0,20.7,94.0,1,early_warning
976,5,102.0,22.1,93.0,1,early_warning
976,6,96.4,20.5,94.1,1,early_warning
976,7,90.2,18.6,96.1,1,early_warning
976,8,83.9,16.7,97.5,1,early_warning
976,9,83.4,16.0,97.8,1,early_warning
976,10,81.3,15.7,97.9,1,early_warning
976,11,81.5,15.8,98.0,1,early_warning
976,12,81.9,15.7,98.0,1,early_warning
976,13,83.5,15.6,97.9,1,early_warning
976,14,83.1,15.6,98.1,1,early_warning
976,15,82.4,15.3,98.1,1,early_warning
976,16,81.4,15.6,97.8,1,early_warning
976,17,81.3,15.9,97.8,1,early_warning
976,18,81.5,16.1,97.7,1,early_warning
976,19,81.7,16.3,97.7,1,early_warning
976,20,83.8,16.7,97.5,1,early_warning
976,21,84.3,17.0,97.4,1,early_warning
976,22,85.2,17.6,97.3,1,early_warning
976,23,85.9,18.0,97.1,1,early_warning
976,24,86.8,18.3,97.0,1,early_warning
977,1,84.0,19.2,97.0,1,early_warning
977,2,90.1,20.6,95.8,1,early_warning
977,3,96.9,22.5,93.7,1,early_warning
977,4,101.8,24.2,92.8,1,early_warning
977,5,98.5,23.2,93.8,1,early_warning
977,6,90.2,20.5,95.5,1,early_warning
977,7,84.5,19.0,96.9,1,early_warning
977,8,83.4,18.6,97.5,1,early_warning
977,9,83.3,18.6,97.5,1,early_warning
977,10,84.1,18.9,97.4,1,early_warning
977,11,83.1,19.1,97.5,1,early_warning
977,12,83.4,18.9,97.6,1,early_warning
977,13,82.9,18.8,97.6,1,early_warning
977,14,82.0,18.7,97.5,1,early_warning
977,15,83.2,18.4,97.5,1,early_warning
977,16,81.8,18.3,97.8,1,early_warning
977,17,82.3,18.4,97.4,1,early_warning
977,18,83.7,19.1,97.2,1,early_warning
977,19,85.4,19.3,96.9,1,early_warning
977,20,85.4,19.7,96.8,1,early_warning
977,21,85.2,19.6,96.9,1,early_warning
977,22,85.0,19.7,96.9,1,early_warning
977,23,87.9,20.2,96.6,1,early_warning
977,24,87.7,20.6,96.4,1,early_warning
978,1,77.0,15.5,98.4,1,early_warning
978,2,77.7,16.4,98.0,1,early_warning
978,3,85.1,17.9,96.3,1,early_warning
978,4,93.1,20.0,94.4,1,early_warning
978,5,96.2,21.0,93.3,1,early_warning
978,6,93.4,20.2,94.1,1,early_warning
978,7,85.3,18.0,96.1,1,early_warning
978,8,79.6,16.2,97.6,1,early_warning
978,9,78.2,15.4,98.0,1,early_warning
978,10,77.1,15.6,98.2,1,early_warning
978,11,76.3,15.4,98.4,1,early_warning
978,12,75.4,15.9,98.4,1,early_warning
978,13,75.9,15.8,98.1,1,early_warning
978,14,76.8,15.6,98.2,1,early_warning
978,15,75.6,15.4,98.1,1,early_warning
978,16,75.3,15.2,98.2,1,early_warning
978,17,76.5,15.5,97.9,1,early_warning
978,18,76.4,15.6,97.7,1,early_warning
978,19,78.2,15.7,97.3,1,early_warning
978,20,78.4,16.1,97.4,1,early_warning
978,21,79.5,16.7,97.1,1,early_warning
978,22,79.9,16.8,97.1,1,early_warning
978,23,80.9,16.9,96.8,1,early_warning
978,24,81.3,17.6,96.9,1,early_warning
979,1,76.8,16.9,97.2,1,early_warning
979,2,77.0,16.6,97.3,1,early_warning
979,3,75.9,17.0,97.4,1,early_warning
979,4,75.3,17.2,97.4,1,early_warning
979,5,77.5,17.9,96.9,1,early_warning
979,6,82.5,19.4,95.4,1,early_warning
979,7,91.0,21.6,93.7,1,early_warning
979,8,94.3,22.5,92.7,1,early_warning
979,9,90.7,21.6,93.9,1,early_warning
979,10,83.0,18.8,95.7,1,early_warning
979,11,76.3,17.3,97.0,1,early_warning
979,12,74.9,16.8,97.6,1,early_warning
979,13,72.6,16.9,97.5,1,early_warning
979,14,75.0,16.8,97.7,1,early_warning
979,15,75.2,17.0,97.6,1,early_warning
979,16,76.2,16.6,97.5,1,early_warning
979,17,76.1,17.2,97.4,1,early_warning
979,18,76.6,17.5,97.4,1,early_warning
979,19,76.7,17.9,97.4,1,early_warning
979,20,77.6,18.0,97.3,1,early_warning
979,21,79.0,18.2,97.0,1,early_warning
979,22,80.2,18.7,96.8,1,early_warning
979,23,79.5,18.8,96.6,1,early_warning
979,24,80.8,19.0,96.3,1,early_warning
980,1,83.0,18.7,97.6,1,early_warning
980,2,87.9,20.4,96.0,1,early_warning
980,3,96.8,22.7,94.0,1,early_warning
980,4,100.6,24.1,92.7,1,early_warning
980,5,97.9,22.6,93.7,1,early_warning
980,6,88.8,20.1,95.6,1,early_warning
980,7,84.4,18.4,96.9,1,early_warning
980,8,80.9,17.7,97.3,1,early_warning
980,9,81.8,17.4,97.4,1,early_warning
980,10,80.5,17.5,97.5,1,early_warning
980,11,81.3,17.5,97.5,1,early_warning
980,12,81.1,17.0,97.3,1,early_warning
980,13,81.8,17.2,97.5,1,early_warning
980,14,81.7,17.2,97.5,1,early_warning
980,15,82.7,17.8,97.5,1,early_warning
980,16,82.8,17.7,97.7,1,early_warning
980,17,83.2,17.6,97.5,1,early_warning
980,18,82.8,17.8,97.5,1,early_warning
980,19,84.1,18.6,97.2,1,early_warning
980,20,83.6,18.6,97.2,1,early_warning
980,21,84.1,18.6,97.0,1,early_warning
980,22,85.1,19.0,96.7,1,early_warning
980,23,84.1,19.2,96.6,1,early_warning
980,24,85.7,19.5,96.6,1,early_warning
981,1,86.8,14.7,98.2,1,early_warning
981,2,84.9,14.8,98.2,1,early_warning
981,3,85.0,15.5,97.8,1,early_warning
981,4,89.6,17.4,96.4,1,early_warning
981,5,97.4,19.8,94.3,1,early_warning
981,6,100.8,20.9,93.4,1,early_warning
981,7,96.3,19.6,94.4,1,early_warning
981,8,87.3,17.2,96.5,1,early_warning
981,9,81.5,15.8,97.9,1,early_warning
981,10,79.7,15.2,98.2,1,early_warning
981,11,79.5,14.9,98.4,1,early_warning
981,12,79.1,14.8,98.6,1,early_warning
981,13,80.0,14.6,98.8,1,early_warning
981,14,79.1,14.6,98.8,1,early_warning
981,15,79.9,14.5,98.8,1,early_warning
981,16,80.8,14.3,98.6,1,early_warning
981,17,79.5,14.3,98.6,1,early_warning
981,18,79.7,14.3,98.6,1,early_warning
981,19,80.8,14.6,98.2,1,early_warning
981,20,81.0,15.3,98.1,1,early_warning
981,21,82.0,15.2,97.9,1,early_warning
981,22,82.5,15.8,97.7,1,early_warning
981,23,84.2,16.3,97.8,1,early_warning
981,24,86.0,16.8,97.7,1,early_warning
982,1,77.5,16.5,98.0,1,early_warning
982,2,78.3,16.5,98.1,1,early_warning
982,3,77.5,16.6,97.9,1,early_warning
982,4,79.9,16.3,97.7,1,early_warning
982,5,84.0,16.7,97.2,1,early_warning
982,6,87.6,18.8,95.8,1,early_warning
982,7,96.3,20.9,93.9,1,early_warning
982,8,99.6,21.8,93.0,1,early_warning
982,9,95.6,21.1,94.0,1,early_warning
982,10,86.4,18.9,95.6,1,early_warning
982,11,81.7,17.1,97.2,1,early_warning
982,12,79.2,16.4,97.5,1,early_warning
982,13,79.1,15.9,97.7,1,early_warning
982,14,79.3,16.0,97.8,1,early_warning
982,15,79.0,16.1,97.8,1,early_warning
982,16,79.6,16.4,97.7,1,early_warning
982,17,80.1,16.4,97.6,1,early_warning
982,18,80.0,16.7,97.5,1,early_warning
982,19,79.6,16.9,97.5,1,early_warning
982,20,81.7,17.5,97.5,1,early_warning
982,21,82.2,17.9,97.3,1,early_warning
982,22,82.8,18.0,97.2,1,early_warning
982,23,80.8,18.2,97.3,1,early_warning
982,24,83.9,18.6,97.1,1,early_warning
983,1,91.7,11.4,97.3,1,early_warning
983,2,97.4,13.4,96.1,1,early_warning
983,3,104.9,16.0,94.1,1,early_warning
983,4,108.6,17.2,93.1,1,early_warning
983,5,104.7,16.4,94.1,1,early_warning
983,6,97.7,14.0,96.3,1,early_warning
983,7,91.8,12.4,97.7,1,early_warning
983,8,89.5,11.5,98.0,1,early_warning
983,9,87.6,11.5,98.1,1,early_warning
983,10,87.2,11.8,98.2,1,early_warning
983,11,87.7,11.6,98.2,1,early_warning
983,12,86.4,11.5,98.2,1,early_warning
983,13,86.5,11.4,98.3,1,early_warning
983,14,87.9,11.4,98.3,1,early_warning
983,15,88.5,11.5,98.4,1,early_warning
983,16,86.4,11.4,98.3,1,early_warning
983,17,87.1,11.7,98.2,1,early_warning
983,18,88.6,11.6,97.8,1,early_warning
983,19,87.4,12.1,97.7,1,early_warning
983,20,88.7,11.9,97.6,1,early_warning
983,21,90.3,12.4,97.7,1,early_warning
983,22,90.8,12.6,97.6,1,early_warning
983,23,91.4,12.8,97.7,1,early_warning
983,24,91.5,13.4,97.5,1,early_warning
984,1,70.5,15.9,96.7,1,early_warning
984,2,71.0,16.0,96.6,1,early_warning
984,3,72.3,16.4,96.7,1,early_warning
984,4,72.3,16.4,96.8,1,early_warning
984,5,74.2,17.2,96.2,1,early_warning
984,6,81.2,18.5,94.7,1,early_warning
984,7,87.5,21.0,92.8,1,early_warning
984,8,92.7,22.3,91.8,1,early_warning
984,9,90.0,20.7,92.8,1,early_warning
984,10,81.9,18.5,94.8,1,early_warning
984,11,75.6,16.7,96.2,1,early_warning
984,12,72.9,16.5,96.6,1,early_warning
984,13,72.1,16.0,96.6,1,early_warning
984,14,73.5,16.2,96.6,1,early_warning
984,15,73.8,16.4,96.6,1,early_warning
984,16,73.2,16.6,96.7,1,early_warning
984,17,74.2,16.8,96.6,1,early_warning
984,18,74.2,16.8,96.6,1,early_warning
984,19,73.2,17.3,96.5,1,early_warning
984,20,76.3,17.8,96.3,1,early_warning
984,21,76.8,17.7,96.0,1,early_warning
984,22,77.5,17.9,95.8,1,early_warning
984,23,77.9,18.2,95.5,1,early_warning
984,24,78.3,18.5,95.4,1,early_warning
985,1,80.6,14.5,98.8,1,early_warning
985,2,80.2,14.5,98.3,1,early_warning
985,3,80.1,14.3,98.2,1,early_warning
985,4,80.1,14.4,98.1,1,early_warning
985,5,82.7,14.8,97.3,1,early_warning
985,6,89.0,16.1,95.9,1,early_warning
985,7,97.1,18.5,94.1,1,early_warning
985,8,100.3,20.0,93.0,1,early_warning
985,9,96.3,19.2,94.0,1,early_warning
985,10,87.3,16.9,95.8,1,early_warning
985,11,81.9,14.9,97.3,1,early_warning
985,12,78.5,14.7,97.8,1,early_warning
985,13,78.3,14.4,98.0,1,early_warning
985,14,78.1,13.9,97.9,1,early_warning
985,15,78.9,13.7,97.8,1,early_warning
985,16,79.7,13.8,97.8,1,early_warning
985,17,79.5,14.0,97.8,1,early_warning
985,18,79.8,13.9,97.8,1,early_warning
985,19,81.4,14.8,97.6,1,early_warning
985,20,82.4,15.0,97.4,1,early_warning
985,21,83.8,15.4,97.3,1,early_warning
985,22,82.8,15.6,97.1,1,early_warning
985,23,83.9,16.0,97.2,1,early_warning
985,24,83.7,15.9,96.7,1,early_warning
986,1,83.8,14.4,97.8,1,gradual
986,2,83.5,14.2,97.5,1,gradual
986,3,82.5,14.1,97.3,1,gradual
986,4,83.6,14.5,97.0,1,gradual
986,5,83.3,14.1,96.6,1,gradual
986,6,85.2,14.4,96.4,1,gradual
986,7,85.8,14.2,96.2,1,gradual
986,8,86.2,14.9,96.2,1,gradual
986,9,87.2,15.2,95.9,1,gradual
986,10,88.4,15.2,95.7,1,gradual
986,11,88.7,15.1,95.4,1,gradual
986,12,89.3,15.5,95.2,1,gradual
986,13,88.7,15.4,95.1,1,gradual
986,14,89.1,15.8,95.0,1,gradual
986,15,90.0,16.0,94.8,1,gradual
986,16,90.0,16.1,94.6,1,gradual
986,17,92.1,16.7,94.2,1,gradual
986,18,93.6,16.9,93.9,1,gradual
986,19,93.3,17.5,93.6,1,gradual
986,20,94.3,17.8,93.5,1,gradual
986,21,94.5,18.1,93.4,1,gradual
986,22,95.2,18.3,92.8,1,gradual
986,23,95.2,19.0,92.7,1,gradual
986,24,95.6,18.9,92.5,1,gradual
987,1,84.3,14.0,98.0,1,early_warning
987,2,86.2,14.9,97.5,1,early_warning
987,3,92.4,17.0,96.1,1,early_warning
987,4,101.1,20.0,94.0,1,early_warning
987,5,103.8,20.8,93.0,1,early_warning
987,6,98.8,19.5,93.9,1,early_warning
987,7,92.3,17.3,95.7,1,early_warning
987,8,86.0,16.0,97.2,1,early_warning
987,9,83.9,15.4,97.8,1,early_warning
987,10,84.4,15.1,97.9,1,early_warning
987,11,84.1,14.8,97.9,1,early_warning
987,12,83.9,14.9,98.0,1,early_warning
987,13,84.6,15.2,98.0,1,early_warning
987,14,84.3,15.2,97.8,1,early_warning
987,15,84.4,15.4,97.6,1,early_warning
987,16,84.5,15.4,97.8,1,early_warning
987,17,85.2,15.3,97.7,1,early_warning
987,18,84.0,15.7,97.2,1,early_warning
987,19,85.4,15.6,97.1,1,early_warning
987,20,85.9,15.9,97.0,1,early_warning
987,21,88.1,16.0,97.0,1,early_warning
987,22,88.6,16.2,96.9,1,early_warning
987,23,88.2,16.6,96.8,1,early_warning
987,24,88.8,17.1,96.7,1,early_warning
988,1,76.2,15.4,97.0,1,early_warning
988,2,79.1,15.9,96.6,1,early_warning
988,3,85.8,17.5,95.0,1,early_warning
988,4,93.5,19.7,93.0,1,early_warning
988,5,98.0,20.8,92.4,1,early_warning
988,6,94.5,20.0,93.3,1,early_warning
988,7,87.7,17.7,95.2,1,early_warning
988,8,81.9,16.0,96.5,1,early_warning
988,9,78.7,15.1,97.0,1,early_warning
988,10,77.5,14.7,97.2,1,early_warning
988,11,77.8,15.1,97.5,1,early_warning
988,12,79.0,15.1,97.7,1,early_warning
988,13,78.3,14.7,97.6,1,early_warning
988,14,79.9,14.8,97.5,1,early_warning
988,15,79.4,14.8,97.6,1,early_warning
988,16,78.7,15.1,97.7,1,early_warning
988,17,77.3,15.1,97.4,1,early_warning
988,18,78.6,15.1,97.2,1,early_warning
988,19,78.7,15.3,96.8,1,early_warning
988,20,79.4,15.9,96.6,1,early_warning
988,21,81.1,15.9,96.5,1,early_warning
988,22,82.7,16.6,96.3,1,early_warning
988,23,82.4,16.5,96.2,1,early_warning
988,24,82.7,16.9,96.2,1,early_warning
989,1,72.7,17.4,97.9,1,early_warning
989,2,73.8,16.7,98.0,1,early_warning
989,3,76.3,17.0,97.5,1,early_warning
989,4,84.1,18.0,96.2,1,early_warning
989,5,91.1,20.4,94.4,1,early_warning
989,6,95.5,21.6,93.5,1,early_warning
989,7,91.3,20.3,94.4,1,early_warning
989,8,84.7,17.7,96.3,1,early_warning
989,9,79.1,15.9,97.8,1,early_warning
989,10,77.7,15.8,98.3,1,early_warning
989,11,75.0,15.4,98.5,1,early_warning
989,12,75.6,15.5,98.6,1,early_warning
989,13,76.1,15.4,98.7,1,early_warning
989,14,74.7,15.4,98.5,1,early_warning
989,15,74.1,15.3,98.5,1,early_warning
989,16,72.6,15.5,98.4,1,early_warning
989,17,73.4,15.6,98.0,1,early_warning
989,18,73.9,16.1,98.0,1,early_warning
989,19,73.2,16.1,97.7,1,early_warning
989,20,75.4,16.3,97.5,1,early_warning
989,21,75.4,16.5,97.4,1,early_warning
989,22,77.8,16.7,97.2,1,early_warning
989,23,79.5,16.9,97.1,1,early_warning
989,24,79.9,17.7,97.0,1,early_warning
990,1,88.7,13.1,98.6,1,early_warning
990,2,91.4,14.2,97.7,1,early_warning
990,3,97.9,16.0,96.2,1,early_warning
990,4,106.5,18.0,94.2,1,early_warning
990,5,111.6,19.1,93.1,1,early_warning
990,6,106.3,18.2,93.9,1,early_warning
990,7,96.8,16.1,95.9,1,early_warning
990,8,90.5,14.0,97.2,1,early_warning
990,9,90.3,13.9,97.7,1,early_warning
990,10,89.4,13.7,98.1,1,early_warning
990,11,88.7,13.5,98.0,1,early_warning
990,12,89.7,13.4,98.0,1,early_warning
990,13,88.1,13.6,98.3,1,early_warning
990,14,89.5,14.0,98.0,1,early_warning
990,15,89.2,14.0,97.9,1,early_warning
990,16,89.3,13.5,97.9,1,early_warning
990,17,90.9,13.8,97.8,1,early_warning
990,18,92.2,13.6,97.5,1,early_warning
990,19,91.6,14.2,97.3,1,early_warning
990,20,93.0,14.1,97.4,1,early_warning
990,21,93.2,14.6,97.0,1,early_warning
990,22,94.7,14.3,97.1,1,early_warning
990,23,94.7,14.4,97.0,1,early_warning
990,24,96.4,14.7,96.7,1,early_warning
991,1,76.7,12.5,97.3,1,gradual
991,2,75.3,13.3,97.4,1,gradual
991,3,75.4,14.0,97.2,1,gradual
991,4,77.6,14.4,96.9,1,gradual
991,5,77.2,14.8,96.6,1,gradual
991,6,78.4,15.1,96.5,1,gradual
991,7,78.8,15.2,95.9,1,gradual
991,8,78.8,15.6,95.7,1,gradual
991,9,80.3,15.9,95.6,1,gradual
991,10,81.9,15.9,95.5,1,gradual
991,11,82.0,16.0,95.2,1,gradual
991,12,83.0,16.8,95.0,1,gradual
991,13,81.6,17.4,94.9,1,gradual
991,14,83.4,17.8,94.6,1,gradual
991,15,83.7,18.0,94.3,1,gradual
991,16,83.3,18.1,94.3,1,gradual
991,17,84.6,18.0,93.9,1,gradual
991,18,85.3,18.6,93.9,1,gradual
991,19,85.5,19.0,93.5,1,gradual
991,20,86.7,19.2,93.1,1,gradual
991,21,88.2,19.5,92.8,1,gradual
991,22,88.5,19.5,92.6,1,gradual
991,23,89.0,19.5,92.6,1,gradual
991,24,89.9,19.7,92.1,1,gradual
992,1,77.5,14.8,96.9,1,gradual
992,2,79.4,15.1,96.7,1,gradual
992,3,80.5,15.4,96.4,1,gradual
992,4,81.0,15.9,96.1,1,gradual
992,5,80.9,15.9,95.8,1,gradual
992,6,81.3,16.3,95.6,1,gradual
992,7,83.7,16.8,95.4,1,gradual
992,8,83.9,17.1,95.0,1,gradual
992,9,85.6,16.6,94.7,1,gradual
992,10,86.3,17.1,94.4,1,gradual
992,11,86.4,17.3,94.4,1,gradual
992,12,87.1,17.4,94.1,1,gradual
992,13,88.1,17.7,94.0,1,gradual
992,14,89.1,18.1,93.9,1,gradual
992,15,89.3,18.7,93.5,1,gradual
992,16,89.2,19.1,93.3,1,gradual
992,17,89.0,18.8,93.2,1,gradual
992,18,89.7,19.7,93.0,1,gradual
992,19,91.4,19.7,93.0,1,gradual
992,20,91.9,20.3,92.7,1,gradual
992,21,92.7,19.9,92.4,1,gradual
992,22,94.3,20.0,92.0,1,gradual
992,23,94.5,20.5,92.0,1,gradual
992,24,94.5,21.2,91.7,1,gradual
993,1,80.3,18.3,96.7,1,gradual
993,2,80.6,18.2,96.6,1,gradual
993,3,80.6,18.2,96.4,1,gradual
993,4,81.9,17.9,96.3,1,gradual
993,5,82.5,18.1,96.1,1,gradual
993,6,84.2,18.6,95.8,1,gradual
993,7,85.0,19.4,95.6,1,gradual
993,8,85.2,19.5,95.4,1,gradual
993,9,85.5,19.7,95.4,1,gradual
993,10,86.4,19.9,95.1,1,gradual
993,11,86.8,19.9,94.9,1,gradual
993,12,86.7,20.0,94.7,1,gradual
993,13,86.4,20.6,94.2,1,gradual
993,14,87.4,21.3,94.0,1,gradual
993,15,89.1,21.4,93.9,1,gradual
993,16,89.7,21.3,93.6,1,gradual
993,17,91.7,21.2,93.6,1,gradual
993,18,92.8,21.2,93.4,1,gradual
993,19,92.0,21.6,93.2,1,gradual
993,20,92.0,22.0,93.0,1,gradual
993,21,92.0,22.6,92.9,1,gradual
993,22,93.9,23.0,92.7,1,gradual
993,23,94.4,22.9,92.3,1,gradual
993,24,94.6,23.0,92.1,1,gradual
994,1,80.6,17.1,95.5,1,early_warning
994,2,81.9,17.8,95.3,1,early_warning
994,3,88.2,19.7,94.1,1,early_warning
994,4,95.2,22.0,92.1,1,early_warning
994,5,98.6,22.9,91.2,1,early_warning
994,6,94.8,21.9,92.2,1,early_warning
994,7,87.1,19.5,94.4,1,early_warning
994,8,82.1,17.6,95.8,1,early_warning
994,9,80.0,17.0,96.1,1,early_warning
994,10,80.2,17.0,96.2,1,early_warning
994,11,79.6,16.8,96.2,1,early_warning
994,12,78.8,16.6,96.1,1,early_warning
994,13,78.7,16.8,96.1,1,early_warning
994,14,79.0,17.0,96.3,1,early_warning
994,15,79.2,17.0,96.3,1,early_warning
994,16,79.3,17.5,96.3,1,early_warning
994,17,79.9,17.3,96.2,1,early_warning
994,18,79.9,17.6,95.9,1,early_warning
994,19,80.8,17.8,95.9,1,early_warning
994,20,83.4,18.3,95.8,1,early_warning
994,21,83.0,18.7,95.6,1,early_warning
994,22,82.9,19.1,95.7,1,early_warning
994,23,82.5,19.4,95.4,1,early_warning
994,24,83.1,19.6,95.3,1,early_warning
995,1,80.9,16.2,96.6,1,gradual
995,2,82.9,16.0,96.4,1,gradual
995,3,84.6,15.7,96.3,1,gradual
995,4,85.5,15.8,96.1,1,gradual
995,5,87.5,16.4,96.2,1,gradual
995,6,88.3,16.9,95.9,1,gradual
995,7,89.0,17.3,95.4,1,gradual
995,8,89.7,17.3,95.4,1,gradual
995,9,89.3,17.2,95.3,1,gradual
995,10,90.4,17.6,95.2,1,gradual
995,11,90.2,17.7,95.0,1,gradual
995,12,91.0,18.0,94.4,1,gradual
995,13,92.9,18.3,94.2,1,gradual
995,14,93.4,18.4,94.0,1,gradual
995,15,93.8,18.8,93.8,1,gradual
995,16,95.1,19.1,93.4,1,gradual
995,17,96.2,19.6,93.2,1,gradual
995,18,97.0,20.0,93.0,1,gradual
995,19,98.8,19.8,92.8,1,gradual
995,20,98.7,19.9,92.4,1,gradual
995,21,100.7,20.4,92.1,1,gradual
995,22,100.3,20.4,91.9,1,gradual
995,23,101.6,20.6,91.8,1,gradual
995,24,101.9,21.1,91.7,1,gradual
996,1,79.7,16.6,96.9,1,early_warning
996,2,81.0,16.6,96.9,1,early_warning
996,3,82.1,17.1,96.1,1,early_warning
996,4,87.2,19.0,94.5,1,early_warning
996,5,95.4,21.1,92.5,1,early_warning
996,6,99.3,22.2,91.4,1,early_warning
996,7,94.3,20.7,92.2,1,early_warning
996,8,87.4,18.5,94.2,1,early_warning
996,9,81.2,17.1,95.7,1,early_warning
996,10,78.9,16.8,96.3,1,early_warning
996,11,77.7,16.5,96.3,1,early_warning
996,12,77.7,16.5,96.4,1,early_warning
996,13,77.4,16.1,96.4,1,early_warning
996,14,77.2,15.9,96.5,1,early_warning
996,15,76.8,15.6,96.6,1,early_warning
996,16,76.9,15.8,96.3,1,early_warning
996,17,77.2,15.5,96.2,1,early_warning
996,18,78.8,16.2,96.0,1,early_warning
996,19,79.4,16.3,95.8,1,early_warning
996,20,80.1,16.8,95.7,1,early_warning
996,21,81.2,16.6,95.6,1,early_warning
996,22,81.5,16.9,95.5,1,early_warning
996,23,81.4,17.4,95.1,1,early_warning
996,24,82.9,17.9,95.0,1,early_warning
997,1,86.9,16.8,99.5,1,early_warning
997,2,86.7,16.8,99.7,1,early_warning
997,3,87.4,17.2,99.7,1,early_warning
997,4,89.4,17.3,98.8,1,early_warning
997,5,93.4,19.0,97.5,1,early_warning
997,6,100.4,21.4,95.8,1,early_warning
997,7,105.1,22.7,95.0,1,early_warning
997,8,100.3,21.8,95.9,1,early_warning
997,9,92.6,19.3,97.7,1,early_warning
997,10,87.7,17.7,99.0,1,early_warning
997,11,85.8,17.2,99.5,1,early_warning
997,12,84.7,16.8,99.9,1,early_warning
997,13,85.8,17.1,99.9,1,early_warning
997,14,85.6,17.4,99.9,1,early_warning
997,15,85.8,16.9,99.9,1,early_warning
997,16,86.7,17.2,99.9,1,early_warning
997,17,88.1,17.1,99.6,1,early_warning
997,18,88.2,17.6,99.4,1,early_warning
997,19,87.8,17.8,99.2,1,early_warning
997,20,87.5,18.0,98.8,1,early_warning
997,21,88.3,17.8,98.9,1,early_warning
997,22,89.3,18.0,98.7,1,early_warning
997,23,88.7,18.3,98.5,1,early_warning
997,24,90.2,18.9,98.3,1,early_warning
998,1,90.4,18.3,96.7,1,early_warning
998,2,95.4,20.3,95.2,1,early_warning
998,3,101.7,22.6,93.5,1,early_warning
998,4,105.1,23.9,92.8,1,early_warning
998,5,99.7,22.6,93.7,1,early_warning
998,6,91.6,20.4,95.6,1,early_warning
998,7,86.3,18.6,96.9,1,early_warning
998,8,84.7,18.0,97.8,1,early_warning
998,9,85.2,18.3,97.7,1,early_warning
998,10,84.1,18.2,97.5,1,early_warning
998,11,85.4,17.9,97.4,1,early_warning
998,12,85.8,17.6,97.6,1,early_warning
998,13,85.8,18.0,97.5,1,early_warning
998,14,84.7,17.7,97.2,1,early_warning
998,15,83.2,17.5,97.3,1,early_warning
998,16,83.9,17.4,97.4,1,early_warning
998,17,84.3,18.1,97.4,1,early_warning
998,18,85.4,18.5,97.5,1,early_warning
998,19,86.2,18.7,97.3,1,early_warning
998,20,87.8,18.4,97.1,1,early_warning
998,21,87.8,18.8,96.9,1,early_warning
998,22,88.9,19.5,96.6,1,early_warning
998,23,89.0,19.8,96.5,1,early_warning
998,24,88.3,20.4,96.3,1,early_warning
999,1,76.3,16.9,97.3,1,early_warning
999,2,78.8,17.3,96.8,1,early_warning
999,3,86.3,18.6,95.4,1,early_warning
999,4,93.3,20.8,93.5,1,early_warning
999,5,95.8,21.7,92.5,1,early_warning
999,6,92.8,19.8,93.1,1,early_warning
999,7,85.3,17.9,95.3,1,early_warning
999,8,80.2,16.3,96.9,1,early_warning
999,9,79.4,16.0,97.6,1,early_warning
999,10,79.0,15.9,97.5,1,early_warning
999,11,78.4,16.1,97.4,1,early_warning
999,12,77.2,16.3,97.6,1,early_warning
999,13,77.9,16.1,97.7,1,early_warning
999,14,77.8,16.0,97.8,1,early_warning
999,15,77.2,16.0,97.8,1,early_warning
999,16,75.7,16.1,97.6,1,early_warning
999,17,77.9,16.7,97.5,1,early_warning
999,18,79.7,17.1,97.2,1,early_warning
999,19,80.1,17.2,97.1,1,early_warning
999,20,80.2,17.9,96.8,1,early_warning
999,21,81.4,17.5,96.6,1,early_warning
999,22,81.4,17.6,96.5,1,early_warning
999,23,82.7,18.1,96.4,1,early_warning
999,24,84.2,18.5,96.5,1,early_warning
1000,1,79.6,14.6,98.4,1,gradual
1000,2,82.2,14.4,98.1,1,gradual
1000,3,84.2,14.9,97.9,1,gradual
1000,4,84.3,15.5,97.6,1,gradual
1000,5,84.6,15.7,97.1,1,gradual
1000,6,86.3,16.3,97.0,1,gradual
1000,7,88.5,16.5,96.7,1,gradual
1000,8,89.2,16.6,96.8,1,gradual
1000,9,88.9,17.0,96.6,1,gradual
1000,10,90.0,17.5,96.0,1,gradual
1000,11,90.7,17.8,95.9,1,gradual
1000,12,91.8,18.1,96.0,1,gradual
1000,13,91.7,18.5,95.6,1,gradual
1000,14,93.8,18.6,95.3,1,gradual
1000,15,94.2,18.4,95.2,1,gradual
1000,16,94.9,18.8,94.9,1,gradual
1000,17,95.7,18.8,94.7,1,gradual
1000,18,95.7,18.8,94.8,1,gradual
1000,19,97.4,19.0,94.5,1,gradual
1000,20,97.0,19.3,94.4,1,gradual
1000,21,98.3,19.6,94.1,1,gradual
1000,22,98.5,20.1,93.8,1,gradual
1000,23,99.2,20.5,93.4,1,gradual
1000,24,99.7,21.1,93.3,1,gradual
1001,1,76.9,18.1,98.3,1,early_warning
1001,2,76.1,18.2,98.0,1,early_warning
1001,3,74.9,18.2,98.1,1,early_warning
1001,4,75.9,18.1,97.8,1,early_warning
1001,5,78.7,18.4,97.0,1,early_warning
1001,6,85.5,20.5,95.6,1,early_warning
1001,7,92.9,23.2,93.6,1,early_warning
1001,8,96.9,24.2,92.8,1,early_warning
1001,9,92.0,22.9,93.9,1,early_warning
1001,10,84.0,20.5,95.8,1,early_warning
1001,11,78.1,18.8,97.0,1,early_warning
1001,12,75.9,17.9,97.4,1,early_warning
1001,13,76.3,17.8,97.6,1,early_warning
1001,14,76.6,17.9,97.6,1,early_warning
1001,15,76.9,17.8,97.6,1,early_warning
1001,16,76.2,18.0,97.7,1,early_warning
1001,17,77.5,18.2,97.4,1,early_warning
1001,18,77.9,18.6,97.3,1,early_warning
1001,19,79.2,18.6,97.3,1,early_warning
1001,20,80.0,19.2,97.1,1,early_warning
1001,21,79.9,19.2,97.2,1,early_warning
1001,22,81.4,19.4,97.0,1,early_warning
1001,23,81.1,19.4,97.0,1,early_warning
1001,24,81.8,20.1,96.6,1,early_warning
1002,1,73.7,16.1,97.5,1,early_warning
1002,2,72.2,16.1,97.5,1,early_warning
1002,3,71.1,16.0,97.4,1,early_warning
1002,4,72.3,16.0,97.1,1,early_warning
1002,5,74.2,17.2,96.8,1,early_warning
1002,6,80.3,18.9,95.3,1,early_warning
1002,7,87.7,21.2,93.4,1,early_warning
1002,8,91.1,22.6,92.3,1,early_warning
1002,9,86.1,21.1,93.4,1,early_warning
1002,10,79.9,18.7,95.6,1,early_warning
1002,11,73.3,17.1,96.7,1,early_warning
1002,12,71.4,16.9,97.3,1,early_warning
1002,13,71.5,17.1,97.4,1,early_warning
1002,14,71.2,16.8,97.5,1,early_warning
1002,15,71.7,16.5,97.2,1,early_warning
1002,16,71.5,16.2,97.2,1,early_warning
1002,17,73.9,16.3,97.0,1,early_warning
1002,18,74.7,16.7,96.8,1,early_warning
1002,19,75.5,16.9,96.6,1,early_warning
1002,20,77.2,16.8,96.6,1,early_warning
1002,21,77.4,17.7,96.3,1,early_warning
1002,22,78.1,17.7,96.3,1,early_warning
1002,23,77.7,18.1,96.1,1,early_warning
1002,24,77.2,18.3,96.1,1,early_warning
1003,1,80.9,16.6,97.5,1,early_warning
1003,2,83.0,17.2,96.7,1,early_warning
1003,3,88.1,19.0,95.4,1,early_warning
1003,4,94.7,21.8,93.4,1,early_warning
1003,5,98.3,22.6,92.4,1,early_warning
1003,6,93.6,21.6,93.7,1,early_warning
1003,7,85.6,19.0,95.5,1,early_warning
1003,8,79.8,16.9,97.0,1,early_warning
1003,9,78.0,16.2,97.3,1,early_warning
1003,10,78.0,15.8,97.5,1,early_warning
1003,11,80.2,15.8,97.5,1,early_warning
1003,12,79.9,15.7,97.5,1,early_warning
1003,13,78.1,16.1,97.4,1,early_warning
1003,14,78.4,16.2,97.5,1,early_warning
1003,15,77.5,16.3,97.7,1,early_warning
1003,16,76.7,16.3,97.4,1,early_warning
1003,17,79.2,16.4,97.4,1,early_warning
1003,18,80.4,16.9,97.0,1,early_warning
1003,19,81.3,17.6,96.9,1,early_warning
1003,20,81.6,17.9,96.8,1,early_warning
1003,21,81.3,17.9,96.7,1,early_warning
1003,22,80.6,18.6,96.5,1,early_warning
1003,23,79.6,18.2,96.5,1,early_warning
1003,24,82.3,18.1,96.1,1,early_warning
1004,1,85.0,16.2,97.2,1,gradual
1004,2,85.4,16.3,97.2,1,gradual
1004,3,85.7,17.0,97.0,1,gradual
1004,4,86.0,17.2,97.0,1,gradual
1004,5,87.3,17.4,96.6,1,gradual
1004,6,88.7,17.4,96.3,1,gradual
1004,7,88.5,17.2,96.2,1,gradual
1004,8,89.9,17.8,95.9,1,gradual
1004,9,91.6,18.3,95.7,1,gradual
1004,10,92.0,18.3,95.5,1,gradual
1004,11,92.9,18.4,95.3,1,gradual
1004,12,93.4,18.9,95.1,1,gradual
1004,13,93.3,19.0,94.8,1,gradual
1004,14,95.2,19.0,94.7,1,gradual
1004,15,96.6,19.5,94.2,1,gradual
1004,16,97.6,19.7,94.1,1,gradual
1004,17,96.7,19.8,94.0,1,gradual
1004,18,99.5,20.3,93.8,1,gradual
1004,19,99.2,20.4,93.5,1,gradual
1004,20,100.1,20.4,93.3,1,gradual
1004,21,99.7,20.6,92.9,1,gradual
1004,22,100.5,21.0,92.6,1,gradual
1004,23,99.9,22.1,92.2,1,gradual
1004,24,100.3,22.0,92.0,1,gradual
1005,1,72.4,16.0,97.6,1,gradual
1005,2,72.2,15.9,97.4,1,gradual
1005,3,72.0,16.2,96.8,1,gradual
1005,4,73.6,16.3,96.7,1,gradual
1005,5,74.7,16.8,96.6,1,gradual
1005,6,73.9,16.7,96.1,1,gradual
1005,7,75.1,16.8,95.9,1,gradual
1005,8,75.5,16.7,95.7,1,gradual
1005,9,77.4,16.8,95.6,1,gradual
1005,10,79.3,17.6,95.6,1,gradual
1005,11,79.7,17.6,95.2,1,gradual
1005,12,79.7,18.2,95.1,1,gradual
1005,13,80.1,18.7,94.9,1,gradual
1005,14,79.4,18.7,94.6,1,gradual
1005,15,81.3,18.8,94.2,1,gradual
1005,16,81.2,19.4,94.0,1,gradual
1005,17,81.8,19.3,93.9,1,gradual
1005,18,83.5,19.3,93.7,1,gradual
1005,19,83.8,19.5,93.3,1,gradual
1005,20,83.9,19.8,93.2,1,gradual
1005,21,86.3,20.1,93.0,1,gradual
1005,22,86.2,20.6,92.7,1,gradual
1005,23,88.1,20.4,92.8,1,gradual
1005,24,88.0,20.9,92.7,1,gradual
1006,1,83.2,16.1,98.3,1,early_warning
1006,2,85.7,16.7,97.7,1,early_warning
1006,3,90.4,18.4,96.0,1,early_warning
1006,4,99.1,21.1,94.2,1,early_warning
1006,5,103.2,22.6,93.2,1,early_warning
1006,6,99.2,20.9,94.2,1,early_warning
1006,7,92.3,18.8,96.2,1,early_warning
1006,8,85.5,17.7,97.4,1,early_warning
1006,9,83.8,16.7,97.9,1,early_warning
1006,10,84.1,16.6,98.1,1,early_warning
1006,11,84.2,16.6,98.0,1,early_warning
1006,12,84.0,16.5,97.9,1,early_warning
1006,13,83.1,15.6,98.0,1,early_warning
1006,14,82.6,15.6,98.0,1,early_warning
1006,15,83.1,15.8,98.2,1,early_warning
1006,16,82.3,16.3,98.2,1,early_warning
1006,17,82.0,16.6,97.9,1,early_warning
1006,18,83.6,16.8,97.8,1,early_warning
1006,19,84.2,17.1,97.5,1,early_warning
1006,20,85.2,17.2,97.4,1,early_warning
1006,21,85.2,17.6,97.3,1,early_warning
1006,22,85.3,18.3,97.2,1,early_warning
1006,23,87.0,18.1,97.0,1,early_warning
1006,24,89.3,18.1,97.1,1,early_warning
1007,1,84.0,17.7,98.4,1,early_warning
1007,2,89.4,19.6,97.2,1,early_warning
1007,3,95.6,22.4,95.1,1,early_warning
1007,4,99.9,23.7,94.4,1,early_warning
1007,5,96.2,22.3,95.5,1,early_warning
1007,6,87.7,20.3,97.3,1,early_warning
1007,7,81.1,18.8,98.6,1,early_warning
1007,8,79.4,18.1,99.4,1,early_warning
1007,9,77.8,17.7,99.4,1,early_warning
1007,10,78.7,17.8,99.3,1,early_warning
1007,11,78.7,17.9,99.4,1,early_warning
1007,12,77.6,18.0,99.3,1,early_warning
1007,13,78.2,18.1,99.3,1,early_warning
1007,14,78.6,18.0,99.1,1,early_warning
1007,15,78.2,18.1,99.3,1,early_warning
1007,16,78.2,18.2,99.3,1,early_warning
1007,17,80.3,18.1,99.3,1,early_warning
1007,18,80.5,18.7,99.1,1,early_warning
1007,19,80.7,19.0,98.8,1,early_warning
1007,20,81.8,19.0,98.7,1,early_warning
1007,21,81.5,19.4,98.5,1,early_warning
1007,22,82.6,19.2,98.4,1,early_warning
1007,23,83.1,19.2,98.4,1,early_warning
1007,24,84.6,19.3,98.3,1,early_warning
1008,1,81.1,14.0,97.2,1,gradual
1008,2,80.8,14.1,96.8,1,gradual
1008,3,83.4,14.0,96.3,1,gradual
1008,4,83.8,14.4,96.0,1,gradual
1008,5,83.9,14.6,95.7,1,gradual
1008,6,84.9,14.6,95.3,1,gradual
1008,7,85.6,15.0,95.1,1,gradual
1008,8,87.1,15.4,95.0,1,gradual
1008,9,87.9,15.8,95.0,1,gradual
1008,10,88.3,16.1,94.8,1,gradual
1008,11,89.5,16.5,94.6,1,gradual
1008,12,89.6,17.0,94.3,1,gradual
1008,13,89.9,17.2,94.2,1,gradual
1008,14,90.6,17.2,94.2,1,gradual
1008,15,92.4,17.2,94.0,1,gradual
1008,16,92.2,17.8,93.6,1,gradual
1008,17,92.5,18.0,93.1,1,gradual
1008,18,92.5,18.3,92.8,1,gradual
1008,19,93.0,18.6,92.6,1,gradual
1008,20,93.3,19.1,92.4,1,gradual
1008,21,93.9,19.8,92.3,1,gradual
1008,22,95.1,19.3,92.0,1,gradual
1008,23,95.4,19.7,91.7,1,gradual
1008,24,95.3,19.7,91.6,1,gradual
1009,1,77.6,17.0,97.9,1,early_warning
1009,2,78.5,16.9,97.6,1,early_warning
1009,3,80.4,17.0,97.1,1,early_warning
1009,4,85.9,18.5,95.5,1,early_warning
1009,5,92.9,21.1,93.4,1,early_warning
1009,6,98.6,22.1,92.3,1,early_warning
1009,7,94.1,21.4,93.2,1,early_warning
1009,8,86.5,18.7,95.3,1,early_warning
1009,9,79.9,16.9,96.8,1,early_warning
1009,10,77.9,16.1,97.1,1,early_warning
1009,11,76.0,15.9,97.3,1,early_warning
1009,12,75.7,16.4,97.2,1,early_warning
1009,13,78.1,15.8,97.0,1,early_warning
1009,14,77.8,16.5,97.3,1,early_warning
1009,15,76.4,16.4,97.2,1,early_warning
1009,16,76.5,16.8,97.2,1,early_warning
1009,17,76.6,17.3,96.9,1,early_warning
1009,18,77.8,17.9,96.9,1,early_warning
1009,19,77.0,17.7,96.7,1,early_warning
1009,20,77.7,17.5,96.5,1,early_warning
1009,21,79.2,17.8,96.3,1,early_warning
1009,22,79.5,18.1,96.3,1,early_warning
1009,23,79.2,18.1,96.3,1,early_warning
1009,24,79.9,18.4,96.2,1,early_warning
1010,1,77.8,21.0,97.7,1,early_warning
1010,2,84.2,22.4,96.1,1,early_warning
1010,3,92.2,24.7,94.3,1,early_warning
1010,4,95.8,25.5,93.4,1,early_warning
1010,5,92.9,24.3,94.6,1,early_warning
1010,6,85.2,21.9,96.5,1,early_warning
1010,7,80.1,20.4,98.0,1,early_warning
1010,8,76.8,20.3,98.3,1,early_warning
1010,9,76.1,19.9,98.4,1,early_warning
1010,10,75.8,19.2,98.5,1,early_warning
1010,11,77.9,19.4,98.4,1,early_warning
1010,12,77.2,18.9,98.5,1,early_warning
1010,13,78.1,19.2,98.4,1,early_warning
1010,14,77.4,19.8,98.7,1,early_warning
1010,15,78.2,19.7,98.6,1,early_warning
1010,16,78.8,20.0,98.5,1,early_warning
1010,17,79.6,20.3,98.5,1,early_warning
1010,18,78.9,20.4,98.3,1,early_warning
1010,19,78.7,20.6,98.0,1,early_warning
1010,20,80.4,20.6,97.8,1,early_warning
1010,21,80.9,20.9,97.8,1,early_warning
1010,22,80.6,21.0,97.6,1,early_warning
1010,23,81.1,21.2,97.5,1,early_warning
1010,24,83.1,21.4,97.3,1,early_warning
1011,1,91.6,17.8,97.2,1,gradual
1011,2,93.4,17.4,97.0,1,gradual
1011,3,93.1,17.0,96.9,1,gradual
1011,4,92.9,17.4,97.0,1,gradual
1011,5,93.5,17.6,96.8,1,gradual
1011,6,94.6,18.1,96.6,1,gradual
1011,7,95.9,18.7,96.2,1,gradual
1011,8,96.5,19.0,95.8,1,gradual
1011,9,95.7,19.6,95.9,1,gradual
1011,10,97.4,20.0,95.6,1,gradual
1011,11,97.2,20.1,95.0,1,gradual
1011,12,98.5,20.7,95.1,1,gradual
1011,13,98.3,20.8,94.8,1,gradual
1011,14,98.4,21.0,94.7,1,gradual
1011,15,98.9,21.1,94.6,1,gradual
1011,16,100.4,20.9,94.4,1,gradual
1011,17,101.3,21.3,94.2,1,gradual
1011,18,100.9,21.6,93.8,1,gradual
1011,19,103.4,22.7,93.7,1,gradual
1011,20,103.8,22.8,93.6,1,gradual
1011,21,105.3,23.2,93.3,1,gradual
1011,22,106.0,23.2,92.9,1,gradual
1011,23,107.0,23.1,92.5,1,gradual
1011,24,106.6,23.0,92.5,1,gradual
1012,1,78.0,17.5,96.2,1,early_warning
1012,2,82.6,19.2,94.6,1,early_warning
1012,3,91.1,22.4,92.4,1,early_warning
1012,4,95.2,23.7,91.5,1,early_warning
1012,5,90.8,22.8,92.4,1,early_warning
1012,6,83.0,19.9,94.3,1,early_warning
1012,7,77.2,18.4,95.6,1,early_warning
1012,8,75.8,17.7,95.9,1,early_warning
1012,9,75.0,17.9,95.9,1,early_warning
1012,10,73.6,17.5,95.8,1,early_warning
1012,11,74.7,17.5,95.8,1,early_warning
1012,12,75.0,17.5,95.8,1,early_warning
1012,13,75.6,17.5,95.8,1,early_warning
1012,14,75.5,17.7,95.6,1,early_warning
1012,15,76.7,17.2,95.6,1,early_warning
1012,16,76.4,17.2,95.8,1,early_warning
1012,17,77.7,17.5,95.6,1,early_warning
1012,18,77.8,18.1,95.5,1,early_warning
1012,19,78.6,18.5,95.5,1,early_warning
1012,20,77.9,18.9,95.4,1,early_warning
1012,21,79.1,19.5,95.3,1,early_warning
1012,22,80.1,19.4,94.9,1,early_warning
1012,23,81.3,19.6,94.7,1,early_warning
1012,24,81.9,19.9,94.7,1,early_warning
1013,1,84.6,15.6,97.9,1,early_warning
1013,2,84.1,16.0,97.5,1,early_warning
1013,3,83.8,16.4,97.2,1,early_warning
1013,4,85.6,16.8,96.7,1,early_warning
1013,5,91.4,18.3,95.1,1,early_warning
1013,6,98.6,21.1,93.3,1,early_warning
1013,7,102.6,22.2,92.4,1,early_warning
1013,8,97.8,21.1,93.2,1,early_warning
1013,9,89.6,18.1,95.3,1,early_warning
1013,10,84.9,16.9,96.6,1,early_warning
1013,11,81.8,16.3,97.0,1,early_warning
1013,12,82.3,15.9,97.1,1,early_warning
1013,13,81.8,16.2,97.3,1,early_warning
1013,14,81.6,16.2,97.2,1,early_warning
1013,15,82.4,15.9,97.2,1,early_warning
1013,16,82.3,15.9,97.2,1,early_warning
1013,17,81.6,16.4,97.1,1,early_warning
1013,18,82.2,16.4,96.8,1,early_warning
1013,19,83.8,16.9,96.7,1,early_warning
1013,20,84.2,17.4,96.4,1,early_warning
1013,21,84.7,17.8,96.3,1,early_warning
1013,22,84.5,17.8,96.2,1,early_warning
1013,23,85.0,18.1,96.2,1,early_warning
1013,24,86.2,18.7,96.1,1,early_warning
1014,1,90.1,13.9,97.9,1,gradual
1014,2,89.0,14.5,97.7,1,gradual
1014,3,89.3,15.0,97.7,1,gradual
1014,4,89.7,15.5,97.4,1,gradual
1014,5,91.0,15.5,97.2,1,gradual
1014,6,91.8,15.5,97.2,1,gradual
1014,7,92.2,15.8,97.0,1,gradual
1014,8,93.2,15.6,96.9,1,gradual
1014,9,93.2,16.2,96.5,1,gradual
1014,10,92.7,16.7,96.3,1,gradual
1014,11,93.1,17.1,96.2,1,gradual
1014,12,93.9,17.3,96.0,1,gradual
1014,13,94.8,17.6,95.8,1,gradual
1014,14,95.6,18.0,95.6,1,gradual
1014,15,97.4,18.3,95.1,1,gradual
1014,16,99.5,18.6,94.8,1,gradual
1014,17,100.1,18.5,94.7,1,gradual
1014,18,100.4,19.5,94.5,1,gradual
1014,19,100.8,19.5,94.3,1,gradual
1014,20,100.0,19.3,93.9,1,gradual
1014,21,101.7,19.4,93.9,1,gradual
1014,22,103.1,19.9,93.6,1,gradual
1014,23,103.3,20.0,93.4,1,gradual
1014,24,103.3,20.1,93.1,1,gradual
1015,1,90.0,18.0,97.0,1,early_warning
1015,2,92.0,18.6,96.5,1,early_warning
1015,3,94.9,20.4,95.2,1,early_warning
1015,4,102.8,22.8,93.2,1,early_warning
1015,5,107.0,24.1,92.3,1,early_warning
1015,6,102.4,22.9,93.3,1,early_warning
1015,7,94.6,20.7,95.2,1,early_warning
1015,8,90.5,19.4,96.8,1,early_warning
1015,9,87.7,18.7,97.3,1,early_warning
1015,10,87.5,18.7,97.2,1,early_warning
1015,11,87.2,18.2,97.2,1,early_warning
1015,12,86.6,18.3,97.2,1,early_warning
1015,13,88.3,18.2,97.3,1,early_warning
1015,14,87.3,18.6,97.3,1,early_warning
1015,15,86.5,18.6,97.2,1,early_warning
1015,16,84.6,18.3,97.3,1,early_warning
1015,17,85.6,18.5,97.0,1,early_warning
1015,18,86.3,18.9,96.7,1,early_warning
1015,19,87.5,19.3,96.7,1,early_warning
1015,20,87.6,19.3,96.6,1,early_warning
1015,21,88.8,19.1,96.3,1,early_warning
1015,22,90.7,19.9,96.2,1,early_warning
1015,23,90.1,20.2,96.2,1,early_warning
1015,24,91.0,19.7,96.2,1,early_warning
1016,1,70.5,14.2,96.5,1,early_warning
1016,2,73.4,15.0,95.9,1,early_warning
1016,3,78.4,16.7,94.4,1,early_warning
1016,4,85.2,19.0,92.8,1,early_warning
1016,5,88.6,20.7,91.5,1,early_warning
1016,6,85.0,19.9,92.6,1,early_warning
1016,7,77.1,17.4,94.5,1,early_warning
1016,8,70.9,15.6,95.8,1,early_warning
1016,9,68.8,14.9,96.6,1,early_warning
1016,10,69.6,15.4,96.4,1,early_warning
1016,11,69.0,14.7,96.3,1,early_warning
1016,12,68.3,14.9,96.5,1,early_warning
1016,13,68.7,14.7,96.6,1,early_warning
1016,14,68.0,14.5,96.6,1,early_warning
1016,15,67.5,14.5,96.8,1,early_warning
1016,16,67.9,14.4,96.8,1,early_warning
1016,17,69.0,14.7,96.8,1,early_warning
1016,18,70.2,15.2,96.6,1,early_warning
1016,19,71.4,15.4,96.2,1,early_warning
1016,20,71.7,15.9,96.1,1,early_warning
1016,21,72.1,16.3,95.8,1,early_warning
1016,22,74.1,16.5,95.7,1,early_warning
1016,23,74.8,16.9,95.4,1,early_warning
1016,24,74.1,17.6,95.3,1,early_warning
1017,1,79.0,15.3,96.7,1,gradual
1017,2,79.4,15.9,96.7,1,gradual
1017,3,80.8,16.2,96.6,1,gradual
1017,4,82.0,16.7,96.2,1,gradual
1017,5,83.4,16.8,96.1,1,gradual
1017,6,81.7,17.4,95.9,1,gradual
1017,7,82.5,18.4,95.7,1,gradual
1017,8,84.6,19.2,95.4,1,gradual
1017,9,84.3,18.8,95.1,1,gradual
1017,10,85.4,18.8,94.9,1,gradual
1017,11,86.1,18.8,94.9,1,gradual
1017,12,87.2,18.7,94.8,1,gradual
1017,13,86.9,18.7,94.6,1,gradual
1017,14,88.4,19.0,94.2,1,gradual
1017,15,88.8,19.1,94.0,1,gradual
1017,16,88.2,20.1,93.8,1,gradual
1017,17,88.9,20.0,93.5,1,gradual
1017,18,89.7,20.6,93.3,1,gradual
1017,19,92.0,20.9,93.2,1,gradual
1017,20,93.0,21.1,92.9,1,gradual
1017,21,95.2,21.5,92.5,1,gradual
1017,22,95.2,22.1,92.3,1,gradual
1017,23,96.8,22.2,92.2,1,gradual
1017,24,96.7,22.8,92.2,1,gradual
1018,1,70.5,18.0,97.5,1,gradual
1018,2,71.0,17.8,97.3,1,gradual
1018,3,73.9,18.1,97.3,1,gradual
1018,4,75.8,18.5,97.3,1,gradual
1018,5,76.5,18.9,97.1,1,gradual
1018,6,77.0,19.1,96.6,1,gradual
1018,7,75.9,19.3,96.4,1,gradual
1018,8,76.7,19.6,96.3,1,gradual
1018,9,76.2,20.4,96.2,1,gradual
1018,10,77.6,21.0,96.0,1,gradual
1018,11,78.3,21.2,95.9,1,gradual
1018,12,78.2,21.1,95.7,1,gradual
1018,13,79.7,21.6,95.2,1,gradual
1018,14,81.7,21.7,95.2,1,gradual
1018,15,82.1,21.9,94.8,1,gradual
1018,16,82.2,22.1,94.5,1,gradual
1018,17,81.5,22.7,94.4,1,gradual
1018,18,82.7,23.1,94.1,1,gradual
1018,19,83.8,23.1,93.8,1,gradual
1018,20,85.3,22.8,93.8,1,gradual
1018,21,87.5,22.9,93.5,1,gradual
1018,22,88.2,23.1,93.5,1,gradual
1018,23,89.1,23.4,93.3,1,gradual
1018,24,88.7,23.9,92.9,1,gradual
1019,1,69.7,16.0,98.4,1,early_warning
1019,2,71.0,16.6,97.7,1,early_warning
1019,3,77.4,17.9,96.2,1,early_warning
1019,4,84.5,19.8,94.4,1,early_warning
1019,5,88.4,21.2,93.5,1,early_warning
1019,6,84.3,20.1,94.6,1,early_warning
1019,7,77.9,17.3,96.4,1,early_warning
1019,8,71.5,15.6,97.7,1,early_warning
1019,9,68.2,15.4,98.1,1,early_warning
1019,10,67.3,15.4,98.2,1,early_warning
1019,11,66.5,15.3,98.4,1,early_warning
1019,12,68.1,15.1,98.5,1,early_warning
1019,13,69.3,15.0,98.4,1,early_warning
1019,14,68.1,15.0,98.4,1,early_warning
1019,15,67.5,15.1,98.3,1,early_warning
1019,16,67.5,15.2,98.4,1,early_warning
1019,17,68.1,15.9,98.1,1,early_warning
1019,18,69.7,16.0,98.0,1,early_warning
1019,19,69.2,16.3,98.0,1,early_warning
1019,20,69.9,16.0,97.7,1,early_warning
1019,21,70.9,16.2,97.5,1,early_warning
1019,22,72.6,16.5,97.3,1,early_warning
1019,23,73.4,17.0,97.1,1,early_warning
1019,24,72.5,17.1,97.0,1,early_warning
1020,1,78.9,17.0,96.8,1,gradual
1020,2,79.0,16.9,96.7,1,gradual
1020,3,79.7,17.0,96.3,1,gradual
1020,4,81.2,17.0,95.8,1,gradual
1020,5,82.1,16.9,95.5,1,gradual
1020,6,85.2,17.0,95.2,1,gradual
1020,7,86.5,17.3,95.2,1,gradual
1020,8,86.7,17.6,95.1,1,gradual
1020,9,86.8,17.5,95.0,1,gradual
1020,10,87.7,17.1,94.8,1,gradual
1020,11,88.0,17.7,94.4,1,gradual
1020,12,88.2,17.9,94.3,1,gradual
1020,13,89.3,18.1,94.2,1,gradual
1020,14,90.8,18.9,93.9,1,gradual
1020,15,91.1,19.2,93.6,1,gradual
1020,16,92.1,19.6,93.3,1,gradual
1020,17,92.5,19.5,93.3,1,gradual
1020,18,93.1,19.5,92.9,1,gradual
1020,19,93.6,20.2,92.6,1,gradual
1020,20,94.5,20.4,92.6,1,gradual
1020,21,94.7,20.6,92.5,1,gradual
1020,22,94.1,21.1,92.1,1,gradual
1020,23,96.6,21.3,91.7,1,gradual
1020,24,97.0,21.4,91.5,1,gradual
1021,1,79.4,15.2,98.1,1,early_warning
1021,2,79.4,15.3,98.0,1,early_warning
1021,3,78.3,15.4,97.8,1,early_warning
1021,4,80.2,16.1,97.4,1,early_warning
1021,5,86.4,17.9,96.1,1,early_warning
1021,6,93.9,20.3,94.3,1,early_warning
1021,7,98.0,21.6,93.2,1,early_warning
1021,8,93.7,20.2,94.3,1,early_warning
1021,9,86.7,17.9,96.2,1,early_warning
1021,10,81.6,16.4,97.7,1,early_warning
1021,11,79.5,15.8,98.2,1,early_warning
1021,12,78.3,15.4,98.2,1,early_warning
1021,13,77.3,15.5,98.1,1,early_warning
1021,14,77.8,15.6,98.3,1,early_warning
1021,15,76.6,15.6,98.4,1,early_warning
1021,16,76.4,15.6,98.1,1,early_warning
1021,17,76.8,15.3,98.0,1,early_warning
1021,18,77.0,15.7,97.8,1,early_warning
1021,19,77.7,16.4,97.9,1,early_warning
1021,20,79.7,16.1,97.7,1,early_warning
1021,21,79.6,16.6,97.7,1,early_warning
1021,22,80.3,16.8,97.4,1,early_warning
1021,23,80.6,17.4,97.4,1,early_warning
1021,24,82.4,17.8,97.3,1,early_warning
1022,1,88.5,18.6,96.8,1,early_warning
1022,2,94.0,20.0,95.5,1,early_warning
1022,3,101.5,22.0,93.5,1,early_warning
1022,4,104.0,22.9,92.6,1,early_warning
1022,5,100.1,21.6,93.8,1,early_warning
1022,6,93.2,19.0,95.7,1,early_warning
1022,7,86.2,17.3,97.4,1,early_warning
1022,8,83.7,17.1,97.7,1,early_warning
1022,9,83.7,16.6,97.9,1,early_warning
1022,10,83.8,16.4,98.0,1,early_warning
1022,11,84.9,16.6,98.2,1,early_warning
1022,12,85.2,16.5,98.2,1,early_warning
1022,13,85.5,16.7,98.1,1,early_warning
1022,14,85.8,16.7,98.0,1,early_warning
1022,15,85.4,16.4,97.9,1,early_warning
1022,16,83.9,16.9,98.0,1,early_warning
1022,17,84.6,17.0,97.8,1,early_warning
1022,18,84.8,17.5,97.7,1,early_warning
1022,19,86.0,17.8,97.5,1,early_warning
1022,20,87.5,18.2,97.4,1,early_warning
1022,21,87.2,18.0,97.0,1,early_warning
1022,22,88.6,18.2,96.9,1,early_warning
1022,23,89.3,18.8,96.9,1,early_warning
1022,24,89.4,18.6,96.6,1,early_warning
1023,1,78.7,19.5,98.6,1,gradual
1023,2,80.3,19.9,98.3,1,gradual
1023,3,82.1,20.4,98.0,1,gradual
1023,4,82.4,20.9,97.6,1,gradual
1023,5,83.0,20.9,97.7,1,gradual
1023,6,85.1,20.8,97.5,1,gradual
1023,7,85.5,21.3,97.4,1,gradual
1023,8,85.8,21.3,97.1,1,gradual
1023,9,85.4,21.6,96.8,1,gradual
1023,10,85.6,21.8,96.7,1,gradual
1023,11,86.7,22.3,96.7,1,gradual
1023,12,87.9,22.9,96.5,1,gradual
1023,13,86.3,22.8,96.1,1,gradual
1023,14,87.2,23.2,95.9,1,gradual
1023,15,89.0,23.3,95.6,1,gradual
1023,16,91.8,23.5,95.5,1,gradual
1023,17,92.4,24.0,95.1,1,gradual
1023,18,92.5,24.2,95.0,1,gradual
1023,19,93.7,24.3,94.7,1,gradual
1023,20,93.6,24.6,94.4,1,gradual
1023,21,94.6,24.8,94.3,1,gradual
1023,22,94.6,24.9,94.0,1,gradual
1023,23,96.4,25.3,93.8,1,gradual
1023,24,97.9,25.6,93.6,1,gradual
1024,1,76.4,16.7,96.3,1,early_warning
1024,2,76.5,17.1,96.3,1,early_warning
1024,3,76.1,17.0,96.1,1,early_warning
1024,4,77.5,17.1,95.9,1,early_warning
1024,5,80.4,17.9,95.4,1,early_warning
1024,6,86.0,19.3,93.9,1,early_warning
1024,7,92.7,21.9,92.2,1,early_warning
1024,8,96.9,22.4,91.4,1,early_warning
1024,9,92.5,21.2,92.3,1,early_warning
1024,10,83.8,18.9,94.4,1,early_warning
1024,11,79.2,17.3,95.6,1,early_warning
1024,12,77.0,16.9,96.3,1,early_warning
1024,13,77.4,16.6,96.4,1,early_warning
1024,14,78.4,16.8,96.3,1,early_warning
1024,15,77.2,16.7,96.3,1,early_warning
1024,16,77.3,17.1,96.3,1,early_warning
1024,17,79.0,16.8,96.0,1,early_warning
1024,18,78.5,17.3,95.8,1,early_warning
1024,19,78.3,17.6,95.6,1,early_warning
1024,20,78.1,18.1,95.6,1,early_warning
1024,21,78.5,18.4,95.5,1,early_warning
1024,22,79.5,18.3,95.5,1,early_warning
1024,23,80.1,18.7,95.3,1,early_warning
1024,24,80.6,18.8,95.2,1,early_warning
1025,1,83.7,16.0,96.8,1,gradual
1025,2,86.1,16.1,96.6,1,gradual
1025,3,87.7,16.3,96.3,1,gradual
1025,4,89.3,16.6,96.2,1,gradual
1025,5,90.4,16.5,96.0,1,gradual
1025,6,91.7,17.1,95.8,1,gradual
1025,7,92.8,17.1,95.6,1,gradual
1025,8,93.8,17.3,95.4,1,gradual
1025,9,95.4,17.9,95.1,1,gradual
1025,10,97.3,17.9,94.8,1,gradual
1025,11,97.3,18.1,94.6,1,gradual
1025,12,98.2,18.1,94.4,1,gradual
1025,13,99.4,18.0,93.9,1,gradual
1025,14,99.8,18.3,93.5,1,gradual
1025,15,98.7,19.1,93.5,1,gradual
1025,16,100.4,19.5,93.1,1,gradual
1025,17,100.4,19.1,92.9,1,gradual
1025,18,101.3,19.5,92.7,1,gradual
1025,19,102.2,19.8,92.5,1,gradual
1025,20,102.0,20.1,92.4,1,gradual
1025,21,103.4,20.6,92.2,1,gradual
1025,22,105.2,21.0,91.9,1,gradual
1025,23,107.0,21.2,91.9,1,gradual
1025,24,106.5,21.6,91.7,1,gradual
1026,1,75.0,16.6,96.2,1,early_warning
1026,2,76.3,16.5,96.3,1,early_warning
1026,3,77.9,16.9,96.4,1,early_warning
1026,4,79.7,17.7,95.9,1,early_warning
1026,5,85.0,19.6,94.7,1,early_warning
1026,6,92.2,21.6,92.9,1,early_warning
1026,7,95.6,23.1,91.9,1,early_warning
1026,8,92.5,21.7,92.8,1,early_warning
1026,9,85.2,19.2,94.9,1,early_warning
1026,10,79.8,17.5,96.3,1,early_warning
1026,11,77.2,17.4,96.7,1,early_warning
1026,12,75.9,17.3,96.8,1,early_warning
1026,13,76.9,17.0,96.9,1,early_warning
1026,14,76.9,17.4,97.0,1,early_warning
1026,15,76.6,17.6,96.8,1,early_warning
1026,16,75.8,17.2,96.8,1,early_warning
1026,17,75.8,17.5,96.7,1,early_warning
1026,18,75.8,17.9,96.7,1,early_warning
1026,19,76.1,18.5,96.7,1,early_warning
1026,20,77.9,18.8,96.6,1,early_warning
1026,21,79.0,19.4,96.3,1,early_warning
1026,22,80.5,19.1,95.9,1,early_warning
1026,23,81.1,19.4,95.8,1,early_warning
1026,24,82.0,19.5,95.9,1,early_warning
1027,1,74.6,16.3,97.3,1,early_warning
1027,2,74.2,16.1,97.2,1,early_warning
1027,3,72.2,16.1,96.9,1,early_warning
1027,4,73.2,16.3,96.8,1,early_warning
1027,5,76.2,17.0,96.4,1,early_warning
1027,6,82.2,18.2,94.9,1,early_warning
1027,7,89.7,20.4,93.0,1,early_warning
1027,8,93.7,21.6,92.1,1,early_warning
1027,9,89.4,20.6,93.3,1,early_warning
1027,10,81.5,17.9,95.2,1,early_warning
1027,11,75.6,16.3,96.5,1,early_warning
1027,12,72.9,15.2,97.0,1,early_warning
1027,13,72.8,15.5,97.1,1,early_warning
1027,14,72.6,15.9,97.0,1,early_warning
1027,15,71.4,16.3,96.8,1,early_warning
1027,16,71.5,16.3,96.9,1,early_warning
1027,17,73.4,16.3,96.8,1,early_warning
1027,18,74.1,16.6,96.7,1,early_warning
1027,19,75.0,17.0,96.3,1,early_warning
1027,20,75.7,16.9,96.3,1,early_warning
1027,21,76.5,17.4,96.0,1,early_warning
1027,22,78.0,18.0,96.0,1,early_warning
1027,23,78.5,18.3,95.7,1,early_warning
1027,24,78.2,18.3,95.8,1,early_warning
1028,1,86.2,17.6,97.8,1,early_warning
1028,2,89.5,17.9,97.4,1,early_warning
1028,3,94.0,19.1,95.9,1,early_warning
1028,4,102.0,20.8,94.1,1,early_warning
1028,5,105.4,21.5,93.0,1,early_warning
1028,6,100.6,19.9,94.0,1,early_warning
1028,7,93.9,17.9,96.2,1,early_warning
1028,8,87.1,16.8,97.5,1,early_warning
1028,9,83.6,16.0,98.0,1,early_warning
1028,10,84.5,15.8,98.3,1,early_warning
1028,11,83.7,15.9,98.3,1,early_warning
1028,12,84.2,15.7,98.2,1,early_warning
1028,13,84.7,15.3,98.1,1,early_warning
1028,14,84.3,15.5,98.0,1,early_warning
1028,15,84.7,15.5,98.2,1,early_warning
1028,16,84.2,15.1,98.2,1,early_warning
1028,17,84.2,15.4,98.2,1,early_warning
1028,18,86.2,16.6,98.0,1,early_warning
1028,19,88.0,17.2,98.0,1,early_warning
1028,20,87.9,17.3,97.8,1,early_warning
1028,21,88.7,17.2,97.6,1,early_warning
1028,22,90.0,17.3,97.2,1,early_warning
1028,23,89.6,17.8,96.9,1,early_warning
1028,24,90.7,17.9,96.7,1,early_warning
1029,1,77.7,15.4,98.7,1,early_warning
1029,2,78.5,14.5,98.8,1,early_warning
1029,3,78.9,14.5,98.4,1,early_warning
1029,4,81.6,15.0,98.0,1,early_warning
1029,5,86.8,16.8,96.4,1,early_warning
1029,6,94.2,19.4,94.6,1,early_warning
1029,7,97.6,20.2,93.6,1,early_warning
1029,8,93.7,19.4,94.3,1,early_warning
1029,9,87.1,17.1,96.2,1,early_warning
1029,10,80.5,15.8,97.8,1,early_warning
1029,11,77.6,15.1,98.3,1,early_warning
1029,12,79.0,14.7,98.7,1,early_warning
1029,13,78.5,14.5,98.7,1,early_warning
1029,14,78.6,14.8,98.8,1,early_warning
1029,15,78.7,14.6,98.8,1,early_warning
1029,16,77.9,14.6,98.6,1,early_warning
1029,17,79.0,15.2,98.4,1,early_warning
1029,18,79.3,15.1,98.2,1,early_warning
1029,19,78.6,15.4,98.2,1,early_warning
1029,20,80.0,15.8,98.2,1,early_warning
1029,21,80.6,16.0,98.1,1,early_warning
1029,22,81.3,16.4,97.9,1,early_warning
1029,23,83.7,16.6,97.6,1,early_warning
1029,24,85.9,16.3,97.4,1,early_warning
1030,1,87.3,17.7,96.7,1,early_warning
1030,2,87.5,18.4,96.5,1,early_warning
1030,3,92.5,20.2,95.2,1,early_warning
1030,4,100.6,22.8,93.2,1,early_warning
1030,5,104.3,24.2,92.1,1,early_warning
1030,6,99.4,22.9,93.3,1,early_warning
1030,7,92.6,20.1,95.1,1,early_warning
1030,8,87.7,19.0,96.6,1,early_warning
1030,9,84.9,18.4,97.2,1,early_warning
1030,10,83.6,18.3,97.3,1,early_warning
1030,11,83.3,18.4,97.4,1,early_warning
1030,12,82.4,17.9,97.5,1,early_warning
1030,13,82.8,18.1,97.5,1,early_warning
1030,14,83.1,17.8,97.4,1,early_warning
1030,15,84.8,17.5,97.4,1,early_warning
1030,16,84.7,17.5,97.2,1,early_warning
1030,17,85.1,18.0,97.0,1,early_warning
1030,18,86.0,18.2,96.7,1,early_warning
1030,19,86.8,18.9,96.7,1,early_warning
1030,20,87.4,19.0,96.8,1,early_warning
1030,21,87.2,19.5,96.7,1,early_warning
1030,22,87.7,19.9,96.3,1,early_warning
1030,23,87.1,20.2,96.2,1,early_warning
1030,24,88.2,20.2,96.1,1,early_warning
1031,1,82.2,16.6,97.8,1,early_warning
1031,2,84.6,17.1,97.2,1,early_warning
1031,3,90.6,18.4,95.9,1,early_warning
1031,4,97.7,20.7,94.0,1,early_warning
1031,5,101.9,21.7,93.3,1,early_warning
1031,6,99.1,20.5,94.4,1,early_warning
1031,7,92.5,18.3,96.3,1,early_warning
1031,8,85.7,16.6,97.5,1,early_warning
1031,9,82.6,16.0,97.9,1,early_warning
1031,10,81.1,15.9,97.9,1,early_warning
1031,11,82.9,15.7,97.9,1,early_warning
1031,12,81.7,15.6,98.0,1,early_warning
1031,13,82.5,16.0,97.9,1,early_warning
1031,14,83.0,16.5,98.2,1,early_warning
1031,15,83.6,16.3,98.3,1,early_warning
1031,16,83.7,16.3,98.2,1,early_warning
1031,17,83.0,16.7,98.0,1,early_warning
1031,18,84.2,17.0,97.8,1,early_warning
1031,19,84.9,16.8,97.4,1,early_warning
1031,20,86.7,17.5,97.6,1,early_warning
1031,21,86.1,17.2,97.5,1,early_warning
1031,22,87.7,17.2,97.2,1,early_warning
1031,23,86.6,17.6,96.9,1,early_warning
1031,24,87.1,17.8,97.0,1,early_warning
1032,1,81.0,14.8,98.6,1,early_warning
1032,2,80.5,15.3,98.8,1,early_warning
1032,3,83.5,15.8,98.9,1,early_warning
1032,4,81.7,15.8,98.8,1,early_warning
1032,5,81.6,16.4,98.2,1,early_warning
1032,6,88.4,18.2,96.8,1,early_warning
1032,7,95.1,20.8,94.8,1,early_warning
1032,8,98.0,22.1,93.6,1,early_warning
1032,9,95.6,21.5,94.7,1,early_warning
1032,10,88.6,18.9,96.6,1,early_warning
1032,11,82.2,17.1,98.0,1,early_warning
1032,12,79.5,16.8,98.5,1,early_warning
1032,13,78.5,16.7,98.6,1,early_warning
1032,14,79.6,16.4,98.7,1,early_warning
1032,15,80.0,16.6,98.9,1,early_warning
1032,16,80.6,16.8,98.8,1,early_warning
1032,17,80.0,16.7,98.5,1,early_warning
1032,18,79.9,17.1,98.2,1,early_warning
1032,19,81.1,17.0,97.8,1,early_warning
1032,20,81.0,17.6,97.7,1,early_warning
1032,21,81.7,17.9,97.7,1,early_warning
1032,22,82.1,18.4,97.6,1,early_warning
1032,23,82.6,18.5,97.6,1,early_warning
1032,24,83.6,18.8,97.5,1,early_warning
1033,1,81.9,14.9,96.9,1,gradual
1033,2,81.5,15.3,96.7,1,gradual
1033,3,81.4,15.4,96.5,1,gradual
1033,4,83.3,16.1,96.2,1,gradual
1033,5,83.4,16.0,96.2,1,gradual
1033,6,84.7,16.3,95.9,1,gradual
1033,7,84.4,16.6,95.6,1,gradual
1033,8,84.6,16.8,95.3,1,gradual
1033,9,85.4,16.9,95.1,1,gradual
1033,10,85.8,17.3,94.9,1,gradual
1033,11,86.2,17.8,94.6,1,gradual
1033,12,88.7,18.0,94.5,1,gradual
1033,13,88.9,18.2,94.3,1,gradual
1033,14,89.5,18.2,94.0,1,gradual
1033,15,89.0,18.8,93.9,1,gradual
1033,16,89.4,19.0,93.6,1,gradual
1033,17,91.3,19.0,93.4,1,gradual
1033,18,91.2,19.3,93.1,1,gradual
1033,19,92.8,19.9,92.6,1,gradual
1033,20,94.4,20.5,92.7,1,gradual
1033,21,94.2,20.6,92.4,1,gradual
1033,22,93.7,20.3,92.3,1,gradual
1033,23,95.4,20.7,91.9,1,gradual
1033,24,95.8,20.9,91.6,1,gradual
1034,1,75.8,19.2,97.5,1,early_warning
1034,2,77.8,19.0,97.8,1,early_warning
1034,3,78.4,19.1,98.0,1,early_warning
1034,4,79.2,18.8,98.2,1,early_warning
1034,5,81.9,19.8,97.5,1,early_warning
1034,6,87.5,21.4,96.0,1,early_warning
1034,7,94.6,23.3,94.2,1,early_warning
1034,8,98.6,24.4,93.2,1,early_warning
1034,9,92.9,23.3,94.1,1,early_warning
1034,10,85.4,21.4,96.1,1,early_warning
1034,11,80.1,19.3,97.5,1,early_warning
1034,12,77.8,18.8,98.0,1,early_warning
1034,13,78.2,18.6,98.0,1,early_warning
1034,14,77.8,18.8,97.9,1,early_warning
1034,15,77.9,18.9,98.0,1,early_warning
1034,16,78.1,18.2,98.3,1,early_warning
1034,17,78.4,18.6,98.0,1,early_warning
1034,18,79.3,18.8,97.7,1,early_warning
1034,19,79.7,19.5,98.0,1,early_warning
1034,20,79.6,20.1,97.9,1,early_warning
1034,21,79.2,20.5,97.5,1,early_warning
1034,22,82.0,20.8,97.4,1,early_warning
1034,23,83.4,21.1,97.2,1,early_warning
1034,24,83.5,21.1,97.0,1,early_warning
1035,1,79.8,16.7,97.2,1,early_warning
1035,2,83.8,17.9,96.6,1,early_warning
1035,3,88.8,19.9,95.3,1,early_warning
1035,4,97.2,22.0,93.6,1,early_warning
1035,5,101.2,23.4,92.7,1,early_warning
1035,6,97.0,21.9,93.6,1,early_warning
1035,7,88.9,19.2,95.5,1,early_warning
1035,8,84.6,17.6,96.9,1,early_warning
1035,9,81.1,17.0,97.2,1,early_warning
1035,10,81.3,16.7,97.2,1,early_warning
1035,11,81.3,17.0,97.2,1,early_warning
1035,12,80.8,16.9,97.2,1,early_warning
1035,13,81.6,17.1,97.3,1,early_warning
1035,14,82.0,17.3,97.4,1,early_warning
1035,15,83.5,17.2,97.5,1,early_warning
1035,16,83.2,17.1,97.4,1,early_warning
1035,17,82.7,17.8,97.3,1,early_warning
1035,18,83.1,17.6,97.2,1,early_warning
1035,19,83.1,18.2,97.1,1,early_warning
1035,20,83.7,18.2,97.0,1,early_warning
1035,21,84.3,19.0,96.7,1,early_warning
1035,22,84.9,19.3,96.8,1,early_warning
1035,23,84.4,19.3,96.5,1,early_warning
1035,24,84.7,19.8,96.2,1,early_warning
1036,1,69.8,15.0,97.5,1,gradual
1036,2,70.2,15.0,97.5,1,gradual
1036,3,71.3,15.2,97.2,1,gradual
1036,4,71.7,15.1,96.8,1,gradual
1036,5,72.5,15.6,96.8,1,gradual
1036,6,72.8,15.7,96.7,1,gradual
1036,7,74.5,16.0,96.5,1,gradual
1036,8,74.9,16.3,96.2,1,gradual
1036,9,76.9,16.2,96.1,1,gradual
1036,10,78.6,16.5,95.9,1,gradual
1036,11,77.6,17.0,95.6,1,gradual
1036,12,79.8,16.8,95.5,1,gradual
1036,13,80.5,17.0,95.3,1,gradual
1036,14,80.4,17.9,95.0,1,gradual
1036,15,80.4,18.1,94.8,1,gradual
1036,16,80.7,17.8,94.6,1,gradual
1036,17,80.9,18.0,94.3,1,gradual
1036,18,81.2,18.3,94.1,1,gradual
1036,19,82.9,18.7,93.8,1,gradual
1036,20,83.2,18.8,93.5,1,gradual
1036,21,83.7,19.1,93.2,1,gradual
1036,22,84.2,19.8,93.0,1,gradual
1036,23,85.0,19.9,92.7,1,gradual
1036,24,86.0,20.2,92.6,1,gradual
1037,1,83.7,16.2,96.8,1,early_warning
1037,2,85.1,16.6,96.5,1,early_warning
1037,3,88.6,18.6,95.3,1,early_warning
1037,4,96.1,20.3,93.4,1,early_warning
1037,5,101.1,21.6,92.3,1,early_warning
1037,6,96.8,20.8,93.4,1,early_warning
1037,7,88.4,18.5,95.4,1,early_warning
1037,8,82.6,16.7,96.9,1,early_warning
1037,9,81.3,15.7,97.2,1,early_warning
1037,10,81.4,15.6,97.6,1,early_warning
1037,11,82.0,15.5,97.2,1,early_warning
1037,12,81.2,15.6,97.1,1,early_warning
1037,13,82.3,15.7,97.1,1,early_warning
1037,14,80.8,15.5,97.4,1,early_warning
1037,15,79.9,15.5,97.5,1,early_warning
1037,16,80.8,15.3,97.5,1,early_warning
1037,17,81.8,16.0,97.4,1,early_warning
1037,18,83.3,16.5,97.4,1,early_warning
1037,19,84.1,16.9,97.0,1,early_warning
1037,20,82.3,16.6,96.8,1,early_warning
1037,21,82.3,16.5,96.6,1,early_warning
1037,22,82.6,17.0,96.6,1,early_warning
1037,23,84.4,17.2,96.6,1,early_warning
1037,24,87.4,17.2,96.4,1,early_warning
1038,1,74.9,16.3,98.0,1,gradual
1038,2,77.0,16.5,97.8,1,gradual
1038,3,78.5,16.5,97.4,1,gradual
1038,4,78.8,17.0,97.3,1,gradual
1038,5,79.8,17.6,97.2,1,gradual
1038,6,79.4,17.6,97.0,1,gradual
1038,7,81.3,17.7,96.7,1,gradual
1038,8,82.2,18.1,96.5,1,gradual
1038,9,83.3,18.3,96.4,1,gradual
1038,10,85.3,18.8,96.0,1,gradual
1038,11,86.1,18.6,96.1,1,gradual
1038,12,87.2,19.5,95.6,1,gradual
1038,13,88.9,19.6,95.5,1,gradual
1038,14,89.5,19.6,95.0,1,gradual
1038,15,88.8,19.9,94.7,1,gradual
1038,16,89.8,20.2,94.5,1,gradual
1038,17,89.5,20.9,94.2,1,gradual
1038,18,89.4,21.4,94.1,1,gradual
1038,19,90.9,21.5,94.1,1,gradual
1038,20,92.5,21.4,93.8,1,gradual
1038,21,92.1,21.9,93.5,1,gradual
1038,22,92.9,21.7,93.1,1,gradual
1038,23,93.9,22.0,92.9,1,gradual
1038,24,93.8,22.6,92.6,1,gradual
1039,1,72.4,16.8,96.8,1,gradual
1039,2,74.1,16.7,96.7,1,gradual
1039,3,75.5,17.2,96.7,1,gradual
1039,4,77.1,17.4,96.6,1,gradual
1039,5,78.4,18.0,96.8,1,gradual
1039,6,80.6,18.4,96.4,1,gradual
1039,7,80.7,18.5,96.1,1,gradual
1039,8,82.4,18.8,95.6,1,gradual
1039,9,83.6,18.9,95.7,1,gradual
1039,10,84.3,18.8,95.6,1,gradual
1039,11,84.7,19.5,95.3,1,gradual
1039,12,85.2,19.3,94.8,1,gradual
1039,13,85.6,19.6,94.8,1,gradual
1039,14,85.5,19.9,94.5,1,gradual
1039,15,87.3,19.8,94.3,1,gradual
1039,16,86.2,19.9,93.8,1,gradual
1039,17,88.0,20.3,93.9,1,gradual
1039,18,88.1,20.9,93.8,1,gradual
1039,19,88.2,21.4,93.4,1,gradual
1039,20,89.9,21.4,93.2,1,gradual
1039,21,88.7,21.5,93.0,1,gradual
1039,22,90.7,21.6,92.8,1,gradual
1039,23,90.8,21.7,92.7,1,gradual
1039,24,89.8,22.2,92.5,1,gradual
1040,1,76.9,17.2,98.5,1,gradual
1040,2,77.7,17.4,98.1,1,gradual
1040,3,77.6,17.5,98.2,1,gradual
1040,4,78.5,17.4,97.8,1,gradual
1040,5,78.6,17.6,97.3,1,gradual
1040,6,79.7,18.0,97.0,1,gradual
1040,7,79.6,18.4,96.8,1,gradual
1040,8,79.3,19.0,96.6,1,gradual
1040,9,81.9,19.3,96.2,1,gradual
1040,10,82.6,19.3,96.0,1,gradual
1040,11,82.8,19.5,95.8,1,gradual
1040,12,82.6,20.1,95.7,1,gradual
1040,13,83.6,20.1,95.4,1,gradual
1040,14,84.3,20.4,95.3,1,gradual
1040,15,83.8,20.2,95.0,1,gradual
1040,16,84.8,20.6,94.8,1,gradual
1040,17,84.8,21.2,94.3,1,gradual
1040,18,86.2,21.7,94.4,1,gradual
1040,19,87.0,21.5,94.1,1,gradual
1040,20,88.9,21.8,94.1,1,gradual
1040,21,89.3,22.6,94.0,1,gradual
1040,22,90.2,22.6,93.8,1,gradual
1040,23,91.8,22.6,93.5,1,gradual
1040,24,92.6,22.8,93.3,1,gradual
1041,1,73.2,19.5,97.6,1,early_warning
1041,2,71.1,18.7,97.4,1,early_warning
1041,3,70.6,18.6,97.5,1,early_warning
1041,4,73.8,19.0,96.9,1,early_warning
1041,5,78.5,20.8,95.8,1,early_warning
1041,6,86.0,23.4,94.2,1,early_warning
1041,7,90.2,24.5,92.8,1,early_warning
1041,8,85.9,23.6,93.6,1,early_warning
1041,9,78.7,21.0,95.7,1,early_warning
1041,10,73.5,19.1,97.4,1,early_warning
1041,11,72.8,19.0,97.8,1,early_warning
1041,12,71.6,18.7,97.8,1,early_warning
1041,13,69.5,18.3,97.7,1,early_warning
1041,14,68.1,18.2,97.7,1,early_warning
1041,15,69.8,18.4,97.5,1,early_warning
1041,16,68.9,18.8,97.7,1,early_warning
1041,17,71.8,19.1,97.5,1,early_warning
1041,18,70.9,19.3,97.4,1,early_warning
1041,19,72.0,19.5,97.1,1,early_warning
1041,20,73.2,19.5,96.8,1,early_warning
1041,21,72.2,19.7,96.9,1,early_warning
1041,22,72.6,20.3,96.8,1,early_warning
1041,23,73.0,20.6,96.8,1,early_warning
1041,24,74.8,21.0,96.9,1,early_warning
1042,1,76.2,15.0,97.6,1,gradual
1042,2,76.6,15.2,97.3,1,gradual
1042,3,76.7,15.8,96.9,1,gradual
1042,4,76.1,16.3,96.6,1,gradual
1042,5,75.8,16.3,96.2,1,gradual
1042,6,77.4,17.0,96.1,1,gradual
1042,7,78.9,16.7,96.0,1,gradual
1042,8,78.3,16.8,95.7,1,gradual
1042,9,78.1,17.1,95.7,1,gradual
1042,10,80.2,17.4,95.5,1,gradual
1042,11,81.1,17.8,95.3,1,gradual
1042,12,81.9,18.1,95.1,1,gradual
1042,13,82.2,18.1,94.7,1,gradual
1042,14,83.1,18.8,94.6,1,gradual
1042,15,84.0,19.2,94.3,1,gradual
1042,16,85.3,19.6,94.4,1,gradual
1042,17,85.2,19.5,94.2,1,gradual
1042,18,87.2,19.9,93.9,1,gradual
1042,19,87.4,20.2,93.8,1,gradual
1042,20,88.1,20.3,93.3,1,gradual
1042,21,89.9,20.4,93.2,1,gradual
1042,22,91.2,20.7,92.9,1,gradual
1042,23,91.9,20.3,92.6,1,gradual
1042,24,92.8,20.7,92.4,1,gradual
1043,1,86.0,15.3,96.9,1,early_warning
1043,2,87.2,16.2,96.2,1,early_warning
1043,3,92.1,17.9,94.9,1,early_warning
1043,4,100.9,20.3,92.9,1,early_warning
1043,5,104.6,21.2,91.8,1,early_warning
1043,6,100.0,19.9,92.9,1,early_warning
1043,7,91.9,17.6,94.9,1,early_warning
1043,8,86.7,16.1,96.0,1,early_warning
1043,9,84.7,15.2,96.6,1,early_warning
1043,10,84.2,14.9,96.7,1,early_warning
1043,11,83.4,15.2,96.9,1,early_warning
1043,12,81.9,15.4,96.8,1,early_warning
1043,13,81.9,15.1,96.5,1,early_warning
1043,14,82.4,14.7,96.5,1,early_warning
1043,15,83.4,14.6,96.6,1,early_warning
1043,16,83.6,15.0,96.7,1,early_warning
1043,17,85.7,15.4,96.5,1,early_warning
1043,18,86.2,15.5,96.3,1,early_warning
1043,19,86.7,16.0,96.3,1,early_warning
1043,20,88.9,16.2,96.3,1,early_warning
1043,21,89.1,16.5,96.1,1,early_warning
1043,22,90.4,16.8,95.6,1,early_warning
1043,23,90.3,17.2,95.6,1,early_warning
1043,24,92.0,17.4,95.4,1,early_warning
1044,1,92.2,17.1,97.4,1,early_warning
1044,2,91.3,17.0,97.1,1,early_warning
1044,3,92.3,17.3,96.9,1,early_warning
1044,4,93.1,18.1,96.6,1,early_warning
1044,5,99.1,19.6,95.0,1,early_warning
1044,6,107.5,22.2,92.7,1,early_warning
1044,7,111.9,23.7,91.7,1,early_warning
1044,8,108.2,22.1,92.8,1,early_warning
1044,9,100.5,19.7,94.8,1,early_warning
1044,10,94.3,18.0,96.3,1,early_warning
1044,11,91.0,17.4,97.2,1,early_warning
1044,12,90.2,17.1,97.4,1,early_warning
1044,13,91.6,17.5,97.3,1,early_warning
1044,14,91.0,17.7,97.5,1,early_warning
1044,15,91.0,17.4,97.3,1,early_warning
1044,16,90.9,16.9,97.2,1,early_warning
1044,17,92.0,17.0,97.0,1,early_warning
1044,18,92.4,16.9,96.7,1,early_warning
1044,19,94.0,17.3,96.6,1,early_warning
1044,20,94.1,18.0,96.6,1,early_warning
1044,21,94.7,18.0,96.3,1,early_warning
1044,22,94.7,18.3,96.5,1,early_warning
1044,23,96.3,18.3,96.2,1,early_warning
1044,24,96.5,18.7,95.9,1,early_warning
1045,1,73.0,17.5,97.6,1,early_warning
1045,2,73.1,17.2,97.7,1,early_warning
1045,3,72.8,16.9,98.0,1,early_warning
1045,4,75.9,17.4,97.3,1,early_warning
1045,5,83.9,19.2,96.0,1,early_warning
1045,6,90.5,21.5,94.4,1,early_warning
1045,7,94.1,22.6,93.3,1,early_warning
1045,8,89.5,21.5,94.3,1,early_warning
1045,9,81.1,19.3,96.2,1,early_warning
1045,10,75.7,17.4,97.6,1,early_warning
1045,11,73.6,16.6,98.2,1,early_warning
1045,12,73.8,16.1,98.4,1,early_warning
1045,13,73.6,16.1,98.3,1,early_warning
1045,14,73.1,16.1,98.1,1,early_warning
1045,15,74.2,16.6,98.2,1,early_warning
1045,16,74.1,16.1,98.1,1,early_warning
1045,17,76.0,16.6,97.8,1,early_warning
1045,18,75.1,16.7,97.7,1,early_warning
1045,19,75.1,17.2,97.7,1,early_warning
1045,20,75.4,17.1,97.7,1,early_warning
1045,21,77.6,17.2,97.6,1,early_warning
1045,22,78.1,18.0,97.3,1,early_warning
1045,23,78.0,18.3,96.9,1,early_warning
1045,24,79.6,18.7,96.8,1,early_warning
1046,1,79.2,15.7,98.4,1,early_warning
1046,2,81.4,15.6,98.3,1,early_warning
1046,3,81.6,15.7,98.4,1,early_warning
1046,4,84.3,15.9,98.1,1,early_warning
1046,5,87.1,16.8,97.8,1,early_warning
1046,6,92.9,18.5,96.6,1,early_warning
1046,7,100.3,20.7,94.5,1,early_warning
1046,8,104.4,21.7,93.6,1,early_warning
1046,9,100.5,20.4,94.6,1,early_warning
1046,10,92.6,18.0,96.7,1,early_warning
1046,11,87.3,16.3,98.0,1,early_warning
1046,12,83.9,15.6,98.3,1,early_warning
1046,13,81.5,15.3,98.5,1,early_warning
1046,14,81.9,15.7,98.5,1,early_warning
1046,15,83.1,15.7,98.5,1,early_warning
1046,16,83.0,15.6,98.6,1,early_warning
1046,17,82.9,16.2,98.4,1,early_warning
1046,18,83.2,16.6,98.2,1,early_warning
1046,19,83.4,16.6,97.9,1,early_warning
1046,20,84.7,16.9,97.5,1,early_warning
1046,21,86.0,16.8,97.3,1,early_warning
1046,22,86.3,17.4,97.3,1,early_warning
1046,23,85.2,17.3,97.2,1,early_warning
1046,24,87.3,17.8,97.2,1,early_warning
1047,1,74.9,21.0,95.4,1,early_warning
1047,2,77.5,21.6,94.9,1,early_warning
1047,3,82.4,23.1,93.7,1,early_warning
1047,4,89.8,25.1,91.6,1,early_warning
1047,5,92.8,26.3,90.6,1,early_warning
1047,6,90.6,25.1,91.6,1,early_warning
1047,7,82.1,22.9,93.6,1,early_warning
1047,8,77.3,21.4,94.9,1,early_warning
1047,9,74.8,20.9,95.5,1,early_warning
1047,10,74.6,20.2,95.8,1,early_warning
1047,11,74.7,20.3,95.6,1,early_warning
1047,12,75.4,20.5,95.6,1,early_warning
1047,13,74.7,20.4,95.5,1,early_warning
1047,14,78.5,20.2,95.5,1,early_warning
1047,15,77.0,20.6,95.7,1,early_warning
1047,16,76.3,20.4,95.7,1,early_warning
1047,17,77.0,20.7,95.4,1,early_warning
1047,18,77.4,21.1,95.4,1,early_warning
1047,19,78.4,21.8,95.2,1,early_warning
1047,20,79.2,21.7,95.1,1,early_warning
1047,21,78.8,22.0,95.0,1,early_warning
1047,22,79.0,22.0,94.8,1,early_warning
1047,23,80.4,21.7,94.4,1,early_warning
1047,24,80.2,22.2,94.5,1,early_warning
1048,1,73.8,15.8,96.1,1,early_warning
1048,2,77.2,16.7,95.6,1,early_warning
1048,3,82.9,17.9,94.5,1,early_warning
1048,4,90.4,19.6,92.5,1,early_warning
1048,5,95.7,21.0,91.3,1,early_warning
1048,6,91.3,19.5,92.2,1,early_warning
1048,7,83.7,17.0,94.3,1,early_warning
1048,8,77.9,15.3,95.7,1,early_warning
1048,9,74.9,15.2,96.3,1,early_warning
1048,10,74.2,14.5,96.7,1,early_warning
1048,11,72.8,14.5,96.7,1,early_warning
1048,12,73.7,15.0,96.6,1,early_warning
1048,13,73.6,15.2,96.6,1,early_warning
1048,14,74.7,15.5,96.6,1,early_warning
1048,15,75.4,14.9,96.6,1,early_warning
1048,16,75.4,15.2,96.7,1,early_warning
1048,17,74.9,15.2,96.4,1,early_warning
1048,18,76.6,15.6,96.3,1,early_warning
1048,19,77.6,15.8,96.1,1,early_warning
1048,20,77.1,16.4,96.0,1,early_warning
1048,21,78.0,16.3,96.1,1,early_warning
1048,22,79.2,16.5,95.7,1,early_warning
1048,23,81.4,16.6,95.4,1,early_warning
1048,24,81.7,17.4,95.2,1,early_warning
1049,1,82.4,15.5,97.9,1,early_warning
1049,2,81.2,15.8,97.7,1,early_warning
1049,3,81.5,15.9,97.9,1,early_warning
1049,4,82.5,16.4,97.9,1,early_warning
1049,5,84.5,17.2,97.5,1,early_warning
1049,6,89.2,19.3,96.0,1,early_warning
1049,7,97.4,21.6,93.7,1,early_warning
1049,8,101.9,23.1,92.9,1,early_warning
1049,9,98.0,21.7,93.7,1,early_warning
1049,10,89.2,19.0,95.8,1,early_warning
1049,11,84.3,17.2,97.0,1,early_warning
1049,12,83.0,16.9,97.8,1,early_warning
1049,13,83.0,16.9,98.1,1,early_warning
1049,14,82.2,16.7,98.0,1,early_warning
1049,15,81.5,16.9,97.9,1,early_warning
1049,16,80.7,17.0,97.9,1,early_warning
1049,17,81.4,17.2,97.9,1,early_warning
1049,18,82.0,16.7,97.7,1,early_warning
1049,19,81.6,17.0,97.7,1,early_warning
1049,20,83.1,17.6,97.4,1,early_warning
1049,21,83.9,17.6,97.3,1,early_warning
1049,22,84.7,18.0,97.0,1,early_warning
1049,23,85.9,18.3,96.7,1,early_warning
1049,24,86.8,18.6,96.7,1,early_warning
1050,1,82.8,17.1,97.8,1,gradual
1050,2,82.9,16.3,97.5,1,gradual
1050,3,84.5,16.2,97.5,1,gradual
1050,4,85.5,16.5,97.4,1,gradual
1050,5,85.5,16.5,97.3,1,gradual
1050,6,86.1,16.3,97.0,1,gradual
1050,7,85.4,16.3,97.0,1,gradual
1050,8,86.8,16.6,96.8,1,gradual
1050,9,87.1,17.0,96.5,1,gradual
1050,10,87.9,17.5,96.2,1,gradual
1050,11,88.2,17.9,96.0,1,gradual
1050,12,88.1,18.5,96.0,1,gradual
1050,13,90.3,18.6,95.9,1,gradual
1050,14,90.0,18.3,95.6,1,gradual
1050,15,90.4,19.0,95.4,1,gradual
1050,16,91.1,18.8,95.3,1,gradual
1050,17,90.4,19.7,95.0,1,gradual
1050,18,90.6,19.9,94.6,1,gradual
1050,19,91.3,19.9,94.4,1,gradual
1050,20,92.9,20.1,94.4,1,gradual
1050,21,93.1,20.2,94.2,1,gradual
1050,22,94.4,20.3,93.9,1,gradual
1050,23,94.1,20.6,93.6,1,gradual
1050,24,96.5,20.9,93.3,1,gradual
1051,1,71.8,15.5,97.8,1,gradual
1051,2,72.0,15.8,97.5,1,gradual
1051,3,73.5,15.6,97.4,1,gradual
1051,4,74.1,15.5,96.7,1,gradual
1051,5,76.3,15.6,96.4,1,gradual
1051,6,76.6,15.7,96.2,1,gradual
1051,7,77.4,15.9,96.2,1,gradual
1051,8,80.3,16.1,96.0,1,gradual
1051,9,79.7,16.4,95.7,1,gradual
1051,10,80.6,16.5,95.5,1,gradual
1051,11,80.7,16.5,95.2,1,gradual
1051,12,81.1,17.0,95.1,1,gradual
1051,13,81.6,17.3,94.9,1,gradual
1051,14,81.5,18.1,94.5,1,gradual
1051,15,81.4,18.4,94.4,1,gradual
1051,16,83.0,18.0,94.1,1,gradual
1051,17,83.7,18.4,93.9,1,gradual
1051,18,84.5,18.8,93.8,1,gradual
1051,19,86.2,19.1,93.5,1,gradual
1051,20,88.0,19.7,93.2,1,gradual
1051,21,88.3,20.1,92.8,1,gradual
1051,22,89.0,20.2,92.7,1,gradual
1051,23,88.7,20.6,92.7,1,gradual
1051,24,88.5,20.7,92.2,1,gradual
1052,1,79.9,17.4,96.7,1,early_warning
1052,2,78.4,17.3,96.5,1,early_warning
1052,3,78.8,17.1,96.5,1,early_warning
1052,4,79.5,17.2,96.5,1,early_warning
1052,5,80.7,18.1,95.7,1,early_warning
1052,6,86.6,19.9,94.6,1,early_warning
1052,7,94.4,22.4,92.7,1,early_warning
1052,8,98.0,23.4,91.7,1,early_warning
1052,9,97.2,22.1,92.5,1,early_warning
1052,10,88.8,19.7,94.3,1,early_warning
1052,11,83.0,17.9,96.1,1,early_warning
1052,12,81.1,17.7,96.8,1,early_warning
1052,13,80.3,17.1,96.8,1,early_warning
1052,14,79.6,17.1,96.6,1,early_warning
1052,15,80.5,17.0,96.9,1,early_warning
1052,16,81.6,16.6,96.8,1,early_warning
1052,17,82.8,16.9,96.6,1,early_warning
1052,18,81.9,16.8,96.6,1,early_warning
1052,19,81.1,17.5,96.4,1,early_warning
1052,20,80.6,18.0,95.9,1,early_warning
1052,21,83.0,18.2,95.9,1,early_warning
1052,22,84.0,18.4,95.6,1,early_warning
1052,23,84.0,18.5,95.6,1,early_warning
1052,24,84.9,18.7,95.3,1,early_warning
1053,1,73.9,15.8,95.2,1,early_warning
1053,2,79.4,17.6,94.0,1,early_warning
1053,3,86.5,20.1,92.0,1,early_warning
1053,4,90.3,21.9,91.1,1,early_warning
1053,5,86.8,20.5,92.2,1,early_warning
1053,6,79.2,18.5,94.0,1,early_warning
1053,7,74.0,16.8,95.7,1,early_warning
1053,8,71.4,16.2,96.3,1,early_warning
1053,9,71.0,16.0,96.4,1,early_warning
1053,10,70.9,16.3,96.3,1,early_warning
1053,11,71.0,16.0,96.2,1,early_warning
1053,12,71.1,16.5,96.4,1,early_warning
1053,13,71.8,16.4,96.5,1,early_warning
1053,14,71.7,16.0,96.7,1,early_warning
1053,15,71.6,16.0,96.7,1,early_warning
1053,16,70.7,15.8,96.6,1,early_warning
1053,17,70.4,16.2,96.4,1,early_warning
1053,18,72.0,16.7,96.4,1,early_warning
1053,19,73.3,16.6,96.1,1,early_warning
1053,20,73.8,17.0,96.0,1,early_warning
1053,21,74.2,17.4,95.8,1,early_warning
1053,22,74.4,17.9,95.5,1,early_warning
1053,23,75.3,18.1,95.6,1,early_warning
1053,24,76.3,18.7,95.5,1,early_warning
1054,1,85.7,17.0,98.2,1,early_warning
1054,2,88.0,17.3,97.7,1,early_warning
1054,3,92.6,18.3,96.5,1,early_warning
1054,4,100.5,21.0,94.7,1,early_warning
1054,5,103.8,21.9,93.8,1,early_warning
1054,6,99.5,21.1,94.6,1,early_warning
1054,7,91.5,18.9,96.6,1,early_warning
1054,8,86.5,16.9,98.1,1,early_warning
1054,9,83.6,16.3,98.7,1,early_warning
1054,10,83.7,16.1,98.6,1,early_warning
1054,11,82.5,16.3,98.7,1,early_warning
1054,12,82.8,16.4,98.8,1,early_warning
1054,13,83.0,16.2,98.9,1,early_warning
1054,14,84.4,16.1,98.7,1,early_warning
1054,15,85.1,16.4,98.6,1,early_warning
1054,16,85.1,16.2,98.5,1,early_warning
1054,17,84.7,16.4,98.5,1,early_warning
1054,18,85.4,16.6,98.1,1,early_warning
1054,19,85.2,16.7,97.9,1,early_warning
1054,20,85.9,16.9,97.9,1,early_warning
1054,21,86.3,17.3,97.7,1,early_warning
1054,22,85.6,17.7,97.5,1,early_warning
1054,23,87.6,17.8,97.2,1,early_warning
1054,24,88.5,18.5,97.4,1,early_warning
1055,1,88.4,15.0,97.1,1,gradual
1055,2,89.0,15.4,96.7,1,gradual
1055,3,90.7,15.7,96.5,1,gradual
1055,4,92.1,16.2,96.2,1,gradual
1055,5,91.7,16.5,96.1,1,gradual
1055,6,91.9,16.8,95.9,1,gradual
1055,7,93.9,16.9,95.5,1,gradual
1055,8,94.6,17.2,95.3,1,gradual
1055,9,95.0,17.7,95.0,1,gradual
1055,10,95.9,17.5,95.0,1,gradual
1055,11,95.8,18.2,95.0,1,gradual
1055,12,96.7,18.3,94.7,1,gradual
1055,13,98.3,18.8,94.5,1,gradual
1055,14,97.8,18.8,94.3,1,gradual
1055,15,97.7,19.1,94.1,1,gradual
1055,16,98.6,19.2,93.7,1,gradual
1055,17,98.9,19.5,93.9,1,gradual
1055,18,99.3,19.8,93.6,1,gradual
1055,19,100.2,20.3,93.0,1,gradual
1055,20,101.4,20.8,92.7,1,gradual
1055,21,101.9,20.9,92.4,1,gradual
1055,22,101.9,21.5,92.1,1,gradual
1055,23,102.4,22.0,92.0,1,gradual
1055,24,102.0,21.8,91.6,1,gradual
1056,1,78.3,20.0,97.0,1,gradual
1056,2,77.8,20.5,96.6,1,gradual
1056,3,77.9,21.1,96.5,1,gradual
1056,4,78.5,21.4,96.4,1,gradual
1056,5,79.8,21.6,96.3,1,gradual
1056,6,81.3,21.6,96.2,1,gradual
1056,7,81.3,22.0,96.0,1,gradual
1056,8,83.0,22.0,95.9,1,gradual
1056,9,83.3,22.1,95.4,1,gradual
1056,10,83.7,22.2,94.9,1,gradual
1056,11,84.0,22.7,94.9,1,gradual
1056,12,85.5,22.7,94.8,1,gradual
1056,13,86.8,23.0,94.8,1,gradual
1056,14,87.0,23.6,94.3,1,gradual
1056,15,86.2,23.9,93.9,1,gradual
1056,16,87.8,24.1,93.6,1,gradual
1056,17,89.8,24.6,93.8,1,gradual
1056,18,88.6,24.3,93.6,1,gradual
1056,19,90.6,24.2,93.4,1,gradual
1056,20,90.4,24.5,93.0,1,gradual
1056,21,90.9,25.3,92.6,1,gradual
1056,22,94.2,25.3,92.6,1,gradual
1056,23,94.6,25.7,92.4,1,gradual
1056,24,94.0,25.9,92.2,1,gradual
1057,1,77.0,16.7,98.7,1,early_warning
1057,2,78.2,16.4,98.8,1,early_warning
1057,3,82.3,17.1,98.2,1,early_warning
1057,4,88.1,18.2,96.8,1,early_warning
1057,5,96.0,20.0,95.0,1,early_warning
1057,6,100.6,21.2,93.9,1,early_warning
1057,7,96.4,20.2,94.9,1,early_warning
1057,8,88.3,18.1,96.7,1,early_warning
1057,9,84.4,16.4,98.2,1,early_warning
1057,10,80.4,15.7,98.9,1,early_warning
1057,11,80.9,15.3,99.0,1,early_warning
1057,12,81.9,15.4,99.0,1,early_warning
1057,13,81.3,15.1,98.9,1,early_warning
1057,14,80.2,15.4,99.3,1,early_warning
1057,15,80.5,15.2,99.1,1,early_warning
1057,16,81.6,15.6,99.1,1,early_warning
1057,17,81.4,15.8,98.9,1,early_warning
1057,18,81.4,15.7,98.5,1,early_warning
1057,19,81.7,16.3,98.5,1,early_warning
1057,20,82.1,16.1,98.1,1,early_warning
1057,21,84.3,16.4,98.1,1,early_warning
1057,22,85.4,16.2,97.9,1,early_warning
1057,23,84.6,17.0,97.8,1,early_warning
1057,24,85.1,17.4,97.9,1,early_warning
1058,1,73.4,16.4,98.7,1,early_warning
1058,2,75.0,16.5,98.4,1,early_warning
1058,3,75.6,16.8,98.3,1,early_warning
1058,4,77.0,17.1,98.0,1,early_warning
1058,5,78.7,17.6,97.3,1,early_warning
1058,6,85.3,19.3,95.8,1,early_warning
1058,7,93.2,21.9,94.0,1,early_warning
1058,8,97.5,23.1,93.1,1,early_warning
1058,9,93.4,21.8,94.0,1,early_warning
1058,10,86.6,19.5,96.2,1,early_warning
1058,11,80.9,17.3,97.3,1,early_warning
1058,12,79.4,16.4,97.9,1,early_warning
1058,13,80.7,16.7,98.0,1,early_warning
1058,14,80.3,17.2,98.0,1,early_warning
1058,15,79.3,16.7,98.3,1,early_warning
1058,16,77.2,16.7,98.2,1,early_warning
1058,17,79.4,16.7,97.9,1,early_warning
1058,18,80.6,16.5,97.8,1,early_warning
1058,19,79.9,17.1,97.7,1,early_warning
1058,20,81.2,17.7,97.5,1,early_warning
1058,21,81.5,17.3,97.4,1,early_warning
1058,22,82.0,17.4,97.1,1,early_warning
1058,23,83.1,17.9,96.7,1,early_warning
1058,24,83.8,18.2,96.8,1,early_warning
1059,1,84.2,13.0,95.8,1,gradual
1059,2,85.8,13.3,95.6,1,gradual
1059,3,85.7,13.7,95.3,1,gradual
1059,4,86.7,14.0,95.4,1,gradual
1059,5,86.8,14.4,95.2,1,gradual
1059,6,87.6,14.3,94.8,1,gradual
1059,7,88.2,14.8,94.8,1,gradual
1059,8,89.8,14.9,94.4,1,gradual
1059,9,90.2,14.9,94.2,1,gradual
1059,10,91.2,15.1,94.0,1,gradual
1059,11,91.6,15.6,93.6,1,gradual
1059,12,92.4,15.7,93.5,1,gradual
1059,13,92.4,16.3,93.2,1,gradual
1059,14,94.4,16.6,93.0,1,gradual
1059,15,94.3,17.0,92.6,1,gradual
1059,16,93.8,17.6,92.5,1,gradual
1059,17,94.1,17.4,92.2,1,gradual
1059,18,96.2,17.6,91.9,1,gradual
1059,19,97.4,17.8,91.7,1,gradual
1059,20,97.7,17.6,91.6,1,gradual
1059,21,99.3,18.2,91.7,1,gradual
1059,22,99.2,18.8,91.5,1,gradual
1059,23,102.0,19.1,91.2,1,gradual
1059,24,101.6,19.6,90.8,1,gradual
1060,1,69.2,14.2,97.9,1,early_warning
1060,2,68.6,14.0,97.9,1,early_warning
1060,3,70.8,14.7,97.3,1,early_warning
1060,4,76.3,16.0,96.2,1,early_warning
1060,5,84.3,18.3,94.1,1,early_warning
1060,6,86.7,20.1,93.1,1,early_warning
1060,7,83.8,18.2,93.9,1,early_warning
1060,8,76.4,15.8,95.9,1,early_warning
1060,9,71.0,14.0,97.2,1,early_warning
1060,10,66.6,13.5,97.9,1,early_warning
1060,11,66.4,13.1,98.3,1,early_warning
1060,12,66.7,13.2,98.2,1,early_warning
1060,13,66.8,13.4,98.2,1,early_warning
1060,14,67.4,13.5,98.2,1,early_warning
1060,15,67.1,13.0,98.2,1,early_warning
1060,16,66.8,13.5,98.2,1,early_warning
1060,17,67.8,13.8,98.1,1,early_warning
1060,18,67.4,14.0,97.9,1,early_warning
1060,19,68.2,14.2,97.6,1,early_warning
1060,20,69.8,14.8,97.3,1,early_warning
1060,21,71.0,14.9,97.1,1,early_warning
1060,22,72.3,15.1,96.9,1,early_warning
1060,23,73.3,15.2,96.9,1,early_warning
1060,24,73.8,15.2,96.7,1,early_warning
1061,1,71.9,16.5,97.7,1,early_warning
1061,2,75.5,17.2,97.3,1,early_warning
1061,3,81.5,18.9,95.6,1,early_warning
1061,4,88.9,21.5,93.6,1,early_warning
1061,5,91.5,22.8,92.7,1,early_warning
1061,6,88.8,21.3,93.5,1,early_warning
1061,7,81.7,19.4,95.6,1,early_warning
1061,8,76.9,17.5,96.8,1,early_warning
1061,9,73.4,16.7,97.2,1,early_warning
1061,10,73.2,16.6,97.2,1,early_warning
1061,11,72.1,16.3,97.4,1,early_warning
1061,12,71.6,16.9,97.6,1,early_warning
1061,13,70.8,17.1,97.8,1,early_warning
1061,14,72.2,17.4,97.7,1,early_warning
1061,15,73.4,16.9,97.8,1,early_warning
1061,16,73.6,17.0,97.9,1,early_warning
1061,17,74.2,16.9,97.8,1,early_warning
1061,18,73.5,17.1,97.5,1,early_warning
1061,19,73.8,17.4,97.5,1,early_warning
1061,20,75.7,17.6,97.2,1,early_warning
1061,21,75.4,17.9,96.8,1,early_warning
1061,22,76.0,18.5,96.6,1,early_warning
1061,23,77.1,18.4,96.4,1,early_warning
1061,24,79.0,18.6,96.5,1,early_warning
1062,1,77.6,14.9,97.6,1,early_warning
1062,2,76.2,14.8,97.6,1,early_warning
1062,3,77.4,15.6,97.2,1,early_warning
1062,4,83.5,17.9,95.7,1,early_warning
1062,5,91.7,20.4,93.9,1,early_warning
1062,6,95.1,21.4,92.9,1,early_warning
1062,7,92.1,20.4,93.8,1,early_warning
1062,8,85.7,18.1,95.7,1,early_warning
1062,9,79.5,16.9,97.1,1,early_warning
1062,10,76.8,15.7,97.6,1,early_warning
1062,11,76.7,15.6,97.6,1,early_warning
1062,12,76.7,15.4,97.7,1,early_warning
1062,13,76.5,15.4,97.7,1,early_warning
1062,14,77.5,15.0,97.8,1,early_warning
1062,15,77.2,14.6,97.8,1,early_warning
1062,16,76.9,14.8,97.8,1,early_warning
1062,17,77.5,15.0,97.7,1,early_warning
1062,18,77.7,15.5,97.5,1,early_warning
1062,19,77.8,16.1,97.4,1,early_warning
1062,20,79.8,16.1,97.1,1,early_warning
1062,21,80.4,17.0,96.9,1,early_warning
1062,22,79.6,17.1,96.7,1,early_warning
1062,23,80.6,17.2,96.7,1,early_warning
1062,24,82.0,17.6,96.7,1,early_warning
1063,1,79.8,16.9,97.0,1,gradual
1063,2,79.4,17.1,96.5,1,gradual
1063,3,79.5,17.4,96.3,1,gradual
1063,4,79.8,17.3,96.1,1,gradual
1063,5,81.1,17.6,96.0,1,gradual
1063,6,80.7,17.7,95.8,1,gradual
1063,7,81.5,18.1,95.7,1,gradual
1063,8,81.6,18.1,95.4,1,gradual
1063,9,81.7,18.4,95.2,1,gradual
1063,10,83.2,18.8,94.9,1,gradual
1063,11,85.0,19.6,94.6,1,gradual
1063,12,85.7,19.3,94.1,1,gradual
1063,13,84.8,19.5,93.8,1,gradual
1063,14,86.1,19.8,93.7,1,gradual
1063,15,85.4,20.7,93.6,1,gradual
1063,16,86.8,20.6,93.5,1,gradual
1063,17,86.6,21.0,93.2,1,gradual
1063,18,89.7,21.0,93.1,1,gradual
1063,19,91.3,21.3,92.6,1,gradual
1063,20,90.8,21.5,92.6,1,gradual
1063,21,90.1,21.8,92.4,1,gradual
1063,22,90.1,22.3,91.9,1,gradual
1063,23,90.8,22.5,91.8,1,gradual
1063,24,90.9,23.0,91.5,1,gradual
1064,1,84.1,16.2,97.6,1,early_warning
1064,2,85.1,16.2,97.6,1,early_warning
1064,3,88.0,16.9,97.1,1,early_warning
1064,4,92.3,18.3,95.6,1,early_warning
1064,5,98.9,20.7,93.7,1,early_warning
1064,6,103.5,21.3,92.9,1,early_warning
1064,7,100.9,20.1,94.0,1,early_warning
1064,8,92.0,18.2,95.7,1,early_warning
1064,9,86.7,16.3,97.2,1,early_warning
1064,10,84.8,15.6,97.6,1,early_warning
1064,11,83.0,15.7,97.7,1,early_warning
1064,12,84.3,15.8,97.8,1,early_warning
1064,13,83.7,15.8,97.7,1,early_warning
1064,14,83.8,15.7,97.9,1,early_warning
1064,15,84.6,15.5,97.9,1,early_warning
1064,16,84.6,15.8,97.7,1,early_warning
1064,17,85.3,15.7,97.8,1,early_warning
1064,18,84.9,16.1,97.6,1,early_warning
1064,19,86.9,16.3,97.2,1,early_warning
1064,20,87.3,16.6,97.0,1,early_warning
1064,21,88.3,16.9,96.8,1,early_warning
1064,22,89.0,17.3,96.8,1,early_warning
1064,23,90.1,17.3,96.7,1,early_warning
1064,24,90.4,17.6,96.6,1,early_warning
1065,1,79.9,15.7,96.5,1,early_warning
1065,2,84.1,17.3,95.4,1,early_warning
1065,3,91.9,19.9,93.8,1,early_warning
1065,4,94.8,20.9,92.6,1,early_warning
1065,5,90.1,19.3,93.7,1,early_warning
1065,6,83.0,16.9,95.8,1,early_warning
1065,7,78.8,15.5,97.0,1,early_warning
1065,8,75.1,14.4,97.5,1,early_warning
1065,9,75.8,14.3,97.7,1,early_warning
1065,10,75.4,14.3,97.7,1,early_warning
1065,11,76.1,14.4,97.8,1,early_warning
1065,12,76.5,14.3,97.7,1,early_warning
1065,13,75.8,14.8,97.7,1,early_warning
1065,14,74.8,14.4,97.8,1,early_warning
1065,15,75.2,14.5,97.8,1,early_warning
1065,16,76.5,14.4,97.9,1,early_warning
1065,17,76.3,14.9,97.6,1,early_warning
1065,18,78.8,14.9,97.5,1,early_warning
1065,19,79.6,15.0,97.2,1,early_warning
1065,20,79.3,15.3,97.1,1,early_warning
1065,21,79.3,15.4,97.0,1,early_warning
1065,22,80.1,15.8,96.7,1,early_warning
1065,23,80.3,15.9,96.5,1,early_warning
1065,24,81.6,16.3,96.5,1,early_warning
1066,1,77.8,19.2,97.6,1,early_warning
1066,2,80.2,19.9,96.9,1,early_warning
1066,3,87.1,21.5,95.4,1,early_warning
1066,4,95.5,24.2,93.6,1,early_warning
1066,5,98.1,25.4,92.7,1,early_warning
1066,6,94.5,24.4,93.7,1,early_warning
1066,7,86.2,21.6,95.7,1,early_warning
1066,8,80.0,19.9,97.1,1,early_warning
1066,9,77.9,19.2,97.5,1,early_warning
1066,10,77.7,19.1,97.5,1,early_warning
1066,11,77.5,19.5,97.6,1,early_warning
1066,12,77.8,19.3,97.6,1,early_warning
1066,13,75.8,19.4,97.5,1,early_warning
1066,14,77.2,19.6,97.5,1,early_warning
1066,15,77.9,19.1,97.5,1,early_warning
1066,16,76.7,19.1,97.5,1,early_warning
1066,17,77.8,19.5,97.3,1,early_warning
1066,18,77.3,19.5,97.4,1,early_warning
1066,19,78.1,19.8,97.1,1,early_warning
1066,20,78.6,20.2,97.2,1,early_warning
1066,21,79.2,20.6,97.0,1,early_warning
1066,22,79.4,20.5,96.9,1,early_warning
1066,23,81.0,21.0,96.5,1,early_warning
1066,24,82.7,20.7,96.3,1,early_warning
1067,1,89.6,19.7,96.8,1,early_warning
1067,2,96.6,21.3,95.5,1,early_warning
1067,3,105.3,23.4,93.4,1,early_warning
1067,4,110.1,24.7,92.2,1,early_warning
1067,5,104.9,22.8,93.2,1,early_warning
1067,6,96.4,20.4,95.3,1,early_warning
1067,7,91.5,18.7,96.7,1,early_warning
1067,8,89.9,18.4,96.9,1,early_warning
1067,9,89.5,17.9,97.1,1,early_warning
1067,10,89.8,18.0,97.1,1,early_warning
1067,11,89.5,17.8,97.0,1,early_warning
1067,12,90.0,17.8,96.8,1,early_warning
1067,13,89.1,17.6,97.0,1,early_warning
1067,14,89.1,17.6,96.8,1,early_warning
1067,15,88.2,17.1,96.9,1,early_warning
1067,16,88.1,17.2,96.9,1,early_warning
1067,17,90.2,17.3,96.8,1,early_warning
1067,18,90.9,17.4,96.8,1,early_warning
1067,19,90.9,17.8,96.6,1,early_warning
1067,20,91.7,18.2,96.5,1,early_warning
1067,21,92.8,18.7,96.2,1,early_warning
1067,22,94.1,19.0,96.2,1,early_warning
1067,23,94.3,19.0,96.0,1,early_warning
1067,24,94.7,19.7,96.0,1,early_warning
1068,1,87.9,17.4,98.2,1,gradual
1068,2,88.3,17.6,98.1,1,gradual
1068,3,88.1,17.1,97.8,1,gradual
1068,4,89.4,17.0,97.6,1,gradual
1068,5,91.0,17.3,97.5,1,gradual
1068,6,90.9,17.7,97.0,1,gradual
1068,7,92.2,17.6,96.8,1,gradual
1068,8,93.1,18.6,96.7,1,gradual
1068,9,93.4,18.8,96.4,1,gradual
1068,10,93.4,19.0,96.4,1,gradual
1068,11,94.2,19.1,96.2,1,gradual
1068,12,93.8,19.3,95.9,1,gradual
1068,13,94.8,19.6,95.8,1,gradual
1068,14,95.9,19.9,95.6,1,gradual
1068,15,98.1,20.1,95.4,1,gradual
1068,16,98.1,20.5,95.4,1,gradual
1068,17,98.8,20.8,95.1,1,gradual
1068,18,100.1,21.2,94.8,1,gradual
1068,19,101.8,21.5,94.6,1,gradual
1068,20,103.0,22.0,94.3,1,gradual
1068,21,102.5,22.1,94.0,1,gradual
1068,22,102.6,22.7,93.7,1,gradual
1068,23,103.4,22.3,93.6,1,gradual
1068,24,104.9,22.8,93.4,1,gradual
1069,1,78.7,15.4,98.0,1,early_warning
1069,2,79.2,15.8,97.9,1,early_warning
1069,3,79.8,16.3,97.7,1,early_warning
1069,4,82.1,17.2,97.3,1,early_warning
1069,5,88.1,18.5,96.0,1,early_warning
1069,6,98.9,20.7,94.2,1,early_warning
1069,7,101.0,21.8,93.2,1,early_warning
1069,8,96.5,20.7,93.9,1,early_warning
1069,9,88.6,18.5,95.9,1,early_warning
1069,10,82.8,17.3,97.5,1,early_warning
1069,11,81.3,16.4,98.1,1,early_warning
1069,12,79.6,16.5,98.1,1,early_warning
1069,13,79.9,16.4,97.9,1,early_warning
1069,14,80.5,16.1,97.8,1,early_warning
1069,15,81.0,16.2,98.0,1,early_warning
1069,16,81.0,16.5,97.8,1,early_warning
1069,17,80.7,16.7,97.8,1,early_warning
1069,18,81.5,16.8,97.9,1,early_warning
1069,19,82.3,17.4,97.5,1,early_warning
1069,20,82.2,17.7,97.3,1,early_warning
1069,21,83.0,17.7,97.0,1,early_warning
1069,22,83.9,17.8,97.1,1,early_warning
1069,23,84.8,17.6,97.0,1,early_warning
1069,24,85.6,17.9,96.8,1,early_warning
1070,1,81.2,15.3,98.1,1,early_warning
1070,2,83.0,15.5,97.9,1,early_warning
1070,3,83.7,15.5,97.7,1,early_warning
1070,4,85.4,16.1,97.4,1,early_warning
1070,5,90.1,17.8,96.0,1,early_warning
1070,6,98.8,20.4,93.8,1,early_warning
1070,7,102.6,21.8,92.9,1,early_warning
1070,8,98.7,20.4,93.8,1,early_warning
1070,9,90.8,18.0,95.6,1,early_warning
1070,10,85.2,16.2,97.1,1,early_warning
1070,11,84.3,15.5,97.4,1,early_warning
1070,12,82.5,15.6,97.5,1,early_warning
1070,13,82.2,15.6,97.7,1,early_warning
1070,14,82.0,15.3,97.5,1,early_warning
1070,15,83.3,15.3,97.6,1,early_warning
1070,16,82.2,15.3,97.6,1,early_warning
1070,17,82.0,15.4,97.6,1,early_warning
1070,18,83.8,16.0,97.6,1,early_warning
1070,19,85.0,16.0,97.4,1,early_warning
1070,20,85.8,16.6,97.3,1,early_warning
1070,21,86.2,16.5,97.0,1,early_warning
1070,22,88.2,16.9,96.9,1,early_warning
1070,23,88.5,17.4,96.8,1,early_warning
1070,24,89.1,17.7,96.6,1,early_warning
1071,1,86.2,12.6,96.0,1,early_warning
1071,2,85.4,12.6,96.0,1,early_warning
1071,3,83.9,12.6,95.8,1,early_warning
1071,4,85.0,13.4,95.1,1,early_warning
1071,5,91.0,15.3,93.8,1,early_warning
1071,6,98.6,17.9,91.9,1,early_warning
1071,7,103.0,19.5,91.0,1,early_warning
1071,8,99.5,17.8,92.0,1,early_warning
1071,9,92.2,15.4,93.7,1,early_warning
1071,10,88.1,13.6,95.5,1,early_warning
1071,11,85.6,12.8,95.8,1,early_warning
1071,12,84.3,12.7,96.1,1,early_warning
1071,13,84.5,12.2,96.2,1,early_warning
1071,14,83.8,12.4,96.1,1,early_warning
1071,15,83.2,12.5,96.0,1,early_warning
1071,16,82.5,12.8,96.0,1,early_warning
1071,17,84.1,13.1,95.9,1,early_warning
1071,18,84.1,13.0,95.7,1,early_warning
1071,19,83.9,13.7,95.5,1,early_warning
1071,20,85.0,14.3,95.5,1,early_warning
1071,21,85.5,14.1,95.1,1,early_warning
1071,22,86.9,13.9,95.0,1,early_warning
1071,23,86.2,14.5,94.9,1,early_warning
1071,24,86.4,14.4,94.6,1,early_warning
1072,1,78.1,16.3,97.1,1,gradual
1072,2,77.9,16.9,96.6,1,gradual
1072,3,78.5,17.3,96.5,1,gradual
1072,4,79.7,17.6,96.3,1,gradual
1072,5,80.2,17.5,96.3,1,gradual
1072,6,80.8,18.3,96.1,1,gradual
1072,7,81.6,18.7,95.8,1,gradual
1072,8,82.9,18.9,95.6,1,gradual
1072,9,84.4,19.0,95.1,1,gradual
1072,10,84.3,19.4,95.2,1,gradual
1072,11,85.6,19.8,94.9,1,gradual
1072,12,86.1,20.0,94.5,1,gradual
1072,13,86.2,20.0,94.5,1,gradual
1072,14,87.2,20.3,94.2,1,gradual
1072,15,88.3,20.2,93.9,1,gradual
1072,16,89.3,20.2,93.9,1,gradual
1072,17,89.6,21.1,93.6,1,gradual
1072,18,89.4,21.7,93.4,1,gradual
1072,19,91.0,21.6,93.0,1,gradual
1072,20,92.0,21.9,93.1,1,gradual
1072,21,92.6,22.0,92.9,1,gradual
1072,22,93.1,22.2,92.6,1,gradual
1072,23,93.5,22.4,92.5,1,gradual
1072,24,95.1,22.6,92.3,1,gradual
1073,1,76.2,16.5,97.5,1,gradual
1073,2,77.5,16.7,96.9,1,gradual
1073,3,78.9,16.4,96.7,1,gradual
1073,4,80.5,17.1,96.6,1,gradual
1073,5,80.1,17.0,96.3,1,gradual
1073,6,82.8,16.9,96.1,1,gradual
1073,7,82.8,17.2,95.9,1,gradual
1073,8,83.2,17.5,95.8,1,gradual
1073,9,84.4,17.9,95.2,1,gradual
1073,10,85.5,18.2,95.1,1,gradual
1073,11,85.9,18.7,94.8,1,gradual
1073,12,85.4,18.8,94.3,1,gradual
1073,13,86.7,18.5,94.1,1,gradual
1073,14,86.9,19.0,94.0,1,gradual
1073,15,88.3,18.9,93.9,1,gradual
1073,16,88.6,19.5,93.7,1,gradual
1073,17,88.9,19.9,93.7,1,gradual
1073,18,89.8,20.6,93.4,1,gradual
1073,19,89.7,20.7,93.3,1,gradual
1073,20,90.8,21.2,93.0,1,gradual
1073,21,92.9,21.2,92.8,1,gradual
1073,22,93.0,21.3,92.3,1,gradual
1073,23,92.3,21.4,92.1,1,gradual
1073,24,93.6,21.6,91.8,1,gradual
1074,1,72.9,15.3,97.3,1,gradual
1074,2,73.8,15.5,97.2,1,gradual
1074,3,73.8,15.8,97.1,1,gradual
1074,4,73.0,15.9,96.9,1,gradual
1074,5,74.3,16.2,96.7,1,gradual
1074,6,74.8,16.2,96.6,1,gradual
1074,7,76.2,16.6,96.7,1,gradual
1074,8,77.7,16.7,96.4,1,gradual
1074,9,78.1,17.1,96.2,1,gradual
1074,10,78.2,17.8,95.9,1,gradual
1074,11,79.8,17.6,95.8,1,gradual
1074,12,80.2,17.9,95.4,1,gradual
1074,13,81.2,18.0,95.2,1,gradual
1074,14,81.3,18.4,95.1,1,gradual
1074,15,81.3,18.4,94.8,1,gradual
1074,16,81.3,18.8,94.5,1,gradual
1074,17,81.9,18.9,94.4,1,gradual
1074,18,84.4,18.9,94.1,1,gradual
1074,19,85.7,19.5,94.0,1,gradual
1074,20,86.1,20.4,93.9,1,gradual
1074,21,85.7,20.6,93.6,1,gradual
1074,22,87.6,21.2,93.4,1,gradual
1074,23,88.4,21.2,92.9,1,gradual
1074,24,87.8,21.8,92.7,1,gradual
1075,1,79.2,16.7,98.2,1,early_warning
1075,2,77.7,17.3,98.0,1,early_warning
1075,3,79.0,17.8,97.4,1,early_warning
1075,4,84.3,19.5,95.9,1,early_warning
1075,5,93.4,21.7,94.0,1,early_warning
1075,6,96.0,22.8,93.0,1,early_warning
1075,7,91.3,21.4,93.8,1,early_warning
1075,8,83.8,18.8,96.0,1,early_warning
1075,9,77.9,17.0,97.3,1,early_warning
1075,10,76.5,16.2,97.8,1,early_warning
1075,11,74.2,16.2,97.9,1,early_warning
1075,12,75.0,16.6,98.0,1,early_warning
1075,13,73.6,16.6,98.1,1,early_warning
1075,14,73.4,16.3,98.2,1,early_warning
1075,15,74.7,16.3,98.1,1,early_warning
1075,16,76.1,16.5,98.1,1,early_warning
1075,17,75.8,16.8,98.1,1,early_warning
1075,18,77.0,17.2,98.0,1,early_warning
1075,19,77.3,17.4,97.7,1,early_warning
1075,20,78.5,17.5,97.8,1,early_warning
1075,21,79.1,18.2,97.5,1,early_warning
1075,22,79.4,18.7,97.4,1,early_warning
1075,23,80.5,19.1,97.0,1,early_warning
1075,24,81.1,19.0,96.8,1,early_warning
1076,1,81.1,18.3,97.7,1,gradual
1076,2,80.2,18.9,97.5,1,gradual
1076,3,80.9,19.4,97.7,1,gradual
1076,4,81.8,20.1,97.5,1,gradual
1076,5,83.7,20.4,97.3,1,gradual
1076,6,84.6,20.4,97.1,1,gradual
1076,7,84.6,21.2,97.0,1,gradual
1076,8,85.6,21.5,96.6,1,gradual
1076,9,86.7,21.6,96.5,1,gradual
1076,10,87.8,22.3,96.3,1,gradual
1076,11,87.0,22.2,96.2,1,gradual
1076,12,87.0,22.4,95.9,1,gradual
1076,13,89.1,22.8,95.6,1,gradual
1076,14,89.6,23.2,95.5,1,gradual
1076,15,90.7,22.9,95.3,1,gradual
1076,16,89.8,22.8,95.2,1,gradual
1076,17,91.7,23.2,94.9,1,gradual
1076,18,91.9,23.8,94.3,1,gradual
1076,19,92.4,24.3,94.3,1,gradual
1076,20,93.0,24.1,94.0,1,gradual
1076,21,94.5,24.5,93.8,1,gradual
1076,22,95.6,25.1,93.4,1,gradual
1076,23,97.4,25.2,93.4,1,gradual
1076,24,96.7,25.2,93.0,1,gradual
1077,1,80.3,16.8,96.8,1,early_warning
1077,2,81.0,16.7,96.9,1,early_warning
1077,3,80.5,16.5,96.5,1,early_warning
1077,4,80.6,17.0,96.5,1,early_warning
1077,5,82.1,17.9,95.9,1,early_warning
1077,6,87.8,19.4,94.5,1,early_warning
1077,7,95.4,21.2,92.8,1,early_warning
1077,8,99.9,22.7,91.7,1,early_warning
1077,9,96.6,21.4,92.7,1,early_warning
1077,10,88.7,19.3,94.6,1,early_warning
1077,11,83.6,17.7,95.9,1,early_warning
1077,12,81.8,17.1,96.7,1,early_warning
1077,13,80.7,16.6,97.0,1,early_warning
1077,14,81.1,17.1,97.2,1,early_warning
1077,15,79.9,17.1,97.0,1,early_warning
1077,16,79.2,17.3,96.9,1,early_warning
1077,17,80.3,17.4,96.8,1,early_warning
1077,18,80.1,17.1,96.7,1,early_warning
1077,19,81.8,17.1,96.5,1,early_warning
1077,20,81.7,17.9,96.6,1,early_warning
1077,21,81.9,18.0,96.4,1,early_warning
1077,22,82.7,17.9,96.1,1,early_warning
1077,23,84.3,18.0,96.0,1,early_warning
1077,24,85.5,18.7,96.0,1,early_warning
1078,1,77.9,15.5,98.2,1,early_warning
1078,2,78.4,15.2,98.1,1,early_warning
1078,3,76.7,15.2,98.1,1,early_warning
1078,4,78.5,15.3,98.0,1,early_warning
1078,5,81.2,16.3,97.3,1,early_warning
1078,6,86.5,17.7,95.9,1,early_warning
1078,7,92.2,20.3,94.0,1,early_warning
1078,8,96.1,21.4,92.9,1,early_warning
1078,9,92.5,20.7,94.1,1,early_warning
1078,10,85.6,18.0,96.0,1,early_warning
1078,11,79.2,16.0,97.7,1,early_warning
1078,12,76.5,15.3,97.8,1,early_warning
1078,13,76.4,14.9,98.0,1,early_warning
1078,14,77.4,14.7,98.0,1,early_warning
1078,15,78.9,14.7,98.0,1,early_warning
1078,16,78.5,15.2,98.3,1,early_warning
1078,17,79.2,15.4,98.3,1,early_warning
1078,18,79.1,15.3,98.2,1,early_warning
1078,19,80.1,16.0,98.0,1,early_warning
1078,20,80.1,16.4,97.6,1,early_warning
1078,21,81.6,16.8,97.5,1,early_warning
1078,22,81.8,16.9,97.2,1,early_warning
1078,23,82.0,17.2,97.2,1,early_warning
1078,24,81.4,17.1,97.1,1,early_warning
1079,1,79.7,16.4,99.2,1,gradual
1079,2,81.0,16.5,98.9,1,gradual
1079,3,81.2,17.0,98.8,1,gradual
1079,4,80.7,17.0,98.4,1,gradual
1079,5,81.7,17.3,98.3,1,gradual
1079,6,82.6,17.6,98.0,1,gradual
1079,7,83.8,18.2,97.6,1,gradual
1079,8,84.0,18.6,97.5,1,gradual
1079,9,83.5,18.3,97.4,1,gradual
1079,10,84.3,18.7,97.0,1,gradual
1079,11,85.4,18.8,96.7,1,gradual
1079,12,87.0,18.9,96.4,1,gradual
1079,13,88.1,19.3,96.2,1,gradual
1079,14,89.2,19.6,96.1,1,gradual
1079,15,89.5,20.0,95.8,1,gradual
1079,16,90.6,20.4,95.5,1,gradual
1079,17,89.8,20.8,95.3,1,gradual
1079,18,90.7,20.5,95.4,1,gradual
1079,19,91.0,21.1,95.3,1,gradual
1079,20,91.2,21.0,94.9,1,gradual
1079,21,91.7,21.7,94.6,1,gradual
1079,22,92.3,21.7,94.5,1,gradual
1079,23,92.4,22.5,94.1,1,gradual
1079,24,94.8,22.3,93.9,1,gradual
1080,1,88.9,13.8,98.0,1,early_warning
1080,2,93.7,15.6,96.6,1,early_warning
1080,3,101.1,18.2,94.8,1,early_warning
1080,4,106.6,19.9,93.7,1,early_warning
1080,5,101.8,19.2,94.5,1,early_warning
1080,6,94.2,17.2,96.5,1,early_warning
1080,7,89.4,15.4,97.9,1,early_warning
1080,8,86.2,14.9,98.6,1,early_warning
1080,9,85.7,14.8,98.7,1,early_warning
1080,10,86.1,14.9,98.8,1,early_warning
1080,11,87.1,14.9,98.7,1,early_warning
1080,12,85.6,14.5,98.5,1,early_warning
1080,13,85.4,14.7,98.7,1,early_warning
1080,14,84.8,14.9,98.6,1,early_warning
1080,15,83.9,15.3,98.7,1,early_warning
1080,16,83.5,15.2,98.5,1,early_warning
1080,17,83.7,15.5,98.1,1,early_warning
1080,18,85.9,15.8,98.0,1,early_warning
1080,19,87.3,16.3,97.9,1,early_warning
1080,20,88.2,16.5,97.4,1,early_warning
1080,21,89.9,16.9,97.1,1,early_warning
1080,22,91.5,16.9,97.2,1,early_warning
1080,23,90.0,16.8,97.3,1,early_warning
1080,24,90.7,16.8,97.0,1,early_warning
1081,1,79.7,11.5,97.2,1,early_warning
1081,2,80.0,11.9,96.9,1,early_warning
1081,3,82.8,12.8,96.7,1,early_warning
1081,4,87.8,15.0,95.3,1,early_warning
1081,5,94.2,17.3,93.4,1,early_warning
1081,6,99.2,18.3,92.1,1,early_warning
1081,7,95.1,17.2,93.1,1,early_warning
1081,8,86.4,14.8,95.4,1,early_warning
1081,9,82.6,13.3,96.7,1,early_warning
1081,10,80.8,12.1,97.2,1,early_warning
1081,11,80.1,12.3,97.3,1,early_warning
1081,12,79.1,12.2,97.2,1,early_warning
1081,13,79.2,12.6,97.1,1,early_warning
1081,14,79.4,12.3,97.2,1,early_warning
1081,15,79.5,12.5,97.4,1,early_warning
1081,16,78.9,12.2,97.4,1,early_warning
1081,17,79.4,12.3,97.2,1,early_warning
1081,18,79.6,12.6,97.1,1,early_warning
1081,19,79.9,13.3,97.0,1,early_warning
1081,20,81.3,13.5,96.6,1,early_warning
1081,21,82.5,14.1,96.5,1,early_warning
1081,22,82.2,14.4,96.4,1,early_warning
1081,23,82.3,14.2,96.3,1,early_warning
1081,24,83.1,14.1,96.1,1,early_warning
1082,1,78.4,15.1,95.7,1,early_warning
1082,2,80.4,15.9,95.5,1,early_warning
1082,3,86.3,17.5,94.0,1,early_warning
1082,4,94.2,20.7,92.0,1,early_warning
1082,5,98.5,22.0,91.2,1,early_warning
1082,6,95.5,20.3,92.3,1,early_warning
1082,7,88.0,17.7,94.2,1,early_warning
1082,8,81.7,16.2,95.4,1,early_warning
1082,9,79.7,15.0,96.1,1,early_warning
1082,10,78.1,14.9,96.1,1,early_warning
1082,11,77.7,15.3,96.1,1,early_warning
1082,12,78.1,15.4,96.1,1,early_warning
1082,13,77.0,15.2,95.9,1,early_warning
1082,14,77.4,15.0,95.8,1,early_warning
1082,15,77.3,14.8,96.0,1,early_warning
1082,16,78.4,14.6,96.0,1,early_warning
1082,17,79.0,15.0,95.7,1,early_warning
1082,18,80.0,15.6,95.6,1,early_warning
1082,19,80.7,16.2,95.5,1,early_warning
1082,20,80.3,16.4,95.5,1,early_warning
1082,21,82.7,16.5,95.0,1,early_warning
1082,22,83.3,16.4,94.8,1,early_warning
1082,23,82.5,17.2,94.7,1,early_warning
1082,24,84.1,17.6,94.7,1,early_warning
1083,1,76.5,15.8,97.7,1,early_warning
1083,2,79.2,16.3,97.1,1,early_warning
1083,3,85.5,17.7,95.9,1,early_warning
1083,4,94.5,20.0,94.0,1,early_warning
1083,5,98.5,20.6,93.0,1,early_warning
1083,6,92.7,19.4,93.9,1,early_warning
1083,7,85.8,17.6,95.6,1,early_warning
1083,8,80.0,15.9,97.0,1,early_warning
1083,9,77.7,15.3,97.3,1,early_warning
1083,10,77.2,15.1,97.7,1,early_warning
1083,11,75.2,14.8,98.0,1,early_warning
1083,12,76.9,15.1,97.8,1,early_warning
1083,13,78.0,14.7,97.7,1,early_warning
1083,14,77.3,14.7,97.8,1,early_warning
1083,15,76.5,14.4,97.7,1,early_warning
1083,16,77.9,14.4,97.9,1,early_warning
1083,17,78.6,14.7,97.8,1,early_warning
1083,18,78.3,14.5,97.6,1,early_warning
1083,19,79.3,14.7,97.4,1,early_warning
1083,20,80.2,15.1,97.1,1,early_warning
1083,21,80.8,15.3,97.0,1,early_warning
1083,22,82.2,16.0,96.9,1,early_warning
1083,23,82.8,16.1,96.9,1,early_warning
1083,24,82.9,16.2,96.6,1,early_warning
1084,1,86.8,16.8,98.7,1,early_warning
1084,2,89.1,16.7,98.1,1,early_warning
1084,3,94.2,17.8,96.9,1,early_warning
1084,4,100.9,20.1,94.8,1,early_warning
1084,5,104.5,21.5,93.6,1,early_warning
1084,6,101.3,20.3,94.8,1,early_warning
1084,7,93.8,17.6,96.7,1,early_warning
1084,8,88.9,15.8,98.1,1,early_warning
1084,9,87.1,15.1,98.4,1,early_warning
1084,10,86.4,15.1,98.5,1,early_warning
1084,11,85.8,15.2,98.8,1,early_warning
1084,12,85.8,15.5,98.8,1,early_warning
1084,13,85.4,15.7,99.1,1,early_warning
1084,14,84.9,15.7,99.2,1,early_warning
1084,15,84.9,15.6,99.1,1,early_warning
1084,16,85.0,15.5,99.3,1,early_warning
1084,17,84.8,15.6,99.1,1,early_warning
1084,18,83.9,15.8,98.8,1,early_warning
1084,19,85.2,15.7,98.6,1,early_warning
1084,20,86.7,15.8,98.2,1,early_warning
1084,21,88.5,16.3,98.0,1,early_warning
1084,22,88.0,16.1,98.0,1,early_warning
1084,23,88.6,16.8,97.9,1,early_warning
1084,24,89.2,17.2,97.6,1,early_warning
1085,1,66.4,11.9,97.0,1,early_warning
1085,2,68.0,12.6,97.3,1,early_warning
1085,3,67.7,13.3,97.3,1,early_warning
1085,4,70.4,14.4,96.5,1,early_warning
1085,5,75.8,15.6,95.1,1,early_warning
1085,6,83.7,18.0,93.0,1,early_warning
1085,7,88.3,19.2,92.0,1,early_warning
1085,8,83.7,18.4,92.9,1,early_warning
1085,9,76.5,15.7,95.0,1,early_warning
1085,10,71.1,14.1,96.1,1,early_warning
1085,11,69.8,13.7,96.7,1,early_warning
1085,12,68.6,13.8,96.9,1,early_warning
1085,13,69.1,13.5,97.0,1,early_warning
1085,14,69.4,13.8,97.2,1,early_warning
1085,15,68.2,13.5,97.4,1,early_warning
1085,16,67.7,13.9,97.2,1,early_warning
1085,17,70.1,14.3,96.8,1,early_warning
1085,18,71.5,14.4,96.7,1,early_warning
1085,19,71.3,14.5,96.6,1,early_warning
1085,20,72.4,14.4,96.6,1,early_warning
1085,21,73.4,14.7,96.5,1,early_warning
1085,22,73.3,15.2,96.3,1,early_warning
1085,23,74.1,15.2,96.1,1,early_warning
1085,24,76.2,15.2,95.8,1,early_warning
1086,1,71.2,15.6,97.0,1,gradual
1086,2,72.2,15.9,96.6,1,gradual
1086,3,72.8,16.0,96.1,1,gradual
1086,4,74.2,16.5,96.2,1,gradual
1086,5,73.6,17.4,96.1,1,gradual
1086,6,74.6,17.2,95.8,1,gradual
1086,7,74.9,17.4,95.5,1,gradual
1086,8,75.1,17.4,95.2,1,gradual
1086,9,75.9,17.8,95.1,1,gradual
1086,10,79.0,18.4,94.8,1,gradual
1086,11,80.9,18.2,94.5,1,gradual
1086,12,81.8,18.6,94.5,1,gradual
1086,13,82.9,19.1,94.2,1,gradual
1086,14,83.4,19.5,94.1,1,gradual
1086,15,83.7,19.8,94.1,1,gradual
1086,16,84.7,20.0,93.7,1,gradual
1086,17,85.8,19.9,93.4,1,gradual
1086,18,86.0,20.6,93.4,1,gradual
1086,19,85.5,20.8,93.1,1,gradual
1086,20,86.9,21.2,92.7,1,gradual
1086,21,85.9,21.5,92.6,1,gradual
1086,22,86.3,21.8,92.2,1,gradual
1086,23,86.8,21.9,92.3,1,gradual
1086,24,88.5,22.3,92.0,1,gradual
1087,1,77.5,16.3,98.0,1,early_warning
1087,2,83.9,18.2,96.8,1,early_warning
1087,3,91.9,21.5,94.9,1,early_warning
1087,4,95.0,22.9,93.9,1,early_warning
1087,5,91.5,21.6,94.9,1,early_warning
1087,6,84.3,19.3,96.8,1,early_warning
1087,7,78.6,17.7,98.1,1,early_warning
1087,8,75.8,16.6,98.8,1,early_warning
1087,9,74.2,16.9,98.9,1,early_warning
1087,10,73.2,16.3,98.8,1,early_warning
1087,11,74.5,16.5,98.9,1,early_warning
1087,12,74.7,16.5,98.7,1,early_warning
1087,13,74.2,16.9,98.9,1,early_warning
1087,14,74.5,16.8,98.9,1,early_warning
1087,15,75.6,16.4,99.0,1,early_warning
1087,16,76.4,16.7,99.1,1,early_warning
1087,17,77.1,17.0,99.1,1,early_warning
1087,18,78.6,16.9,98.7,1,early_warning
1087,19,79.0,17.1,98.4,1,early_warning
1087,20,79.0,17.2,98.3,1,early_warning
1087,21,80.2,17.7,98.0,1,early_warning
1087,22,81.5,18.1,97.9,1,early_warning
1087,23,80.8,18.6,97.7,1,early_warning
1087,24,82.9,18.7,97.5,1,early_warning
1088,1,83.0,18.3,97.7,1,gradual
1088,2,83.9,18.1,97.8,1,gradual
1088,3,85.2,18.4,97.4,1,gradual
1088,4,85.6,18.6,97.1,1,gradual
1088,5,85.2,19.0,96.8,1,gradual
1088,6,86.4,19.3,96.7,1,gradual
1088,7,87.3,19.6,96.5,1,gradual
1088,8,88.4,19.8,96.4,1,gradual
1088,9,87.9,19.8,96.2,1,gradual
1088,10,88.2,20.3,96.0,1,gradual
1088,11,89.3,20.4,95.7,1,gradual
1088,12,90.2,20.7,95.6,1,gradual
1088,13,91.0,20.8,95.4,1,gradual
1088,14,92.5,21.2,95.2,1,gradual
1088,15,91.9,21.6,94.8,1,gradual
1088,16,93.3,21.5,94.5,1,gradual
1088,17,94.1,21.8,94.4,1,gradual
1088,18,94.6,21.9,94.3,1,gradual
1088,19,96.7,23.0,94.1,1,gradual
1088,20,97.0,22.8,93.8,1,gradual
1088,21,98.8,22.9,93.7,1,gradual
1088,22,99.0,23.5,93.6,1,gradual
1088,23,100.1,23.5,93.3,1,gradual
1088,24,101.4,24.3,92.8,1,gradual
1089,1,82.3,17.5,98.1,1,early_warning
1089,2,86.7,18.5,96.9,1,early_warning
1089,3,93.9,20.6,94.8,1,early_warning
1089,4,97.8,22.0,93.8,1,early_warning
1089,5,94.6,20.8,94.8,1,early_warning
1089,6,88.2,18.5,96.8,1,early_warning
1089,7,82.5,16.7,97.9,1,early_warning
1089,8,80.2,16.3,98.5,1,early_warning
1089,9,79.0,15.8,98.5,1,early_warning
1089,10,80.0,16.2,98.3,1,early_warning
1089,11,81.1,15.8,98.6,1,early_warning
1089,12,80.4,15.7,98.7,1,early_warning
1089,13,81.2,15.9,98.7,1,early_warning
1089,14,80.3,15.5,98.6,1,early_warning
1089,15,81.6,15.3,98.7,1,early_warning
1089,16,82.8,15.5,98.6,1,early_warning
1089,17,82.1,16.1,98.6,1,early_warning
1089,18,80.4,16.5,98.6,1,early_warning
1089,19,82.3,16.6,98.5,1,early_warning
1089,20,83.6,16.9,98.5,1,early_warning
1089,21,84.0,16.7,98.3,1,early_warning
1089,22,84.5,17.3,98.3,1,early_warning
1089,23,85.8,17.3,98.0,1,early_warning
1089,24,86.2,17.7,97.5,1,early_warning
1090,1,73.4,16.0,97.3,1,early_warning
1090,2,72.7,16.0,97.4,1,early_warning
1090,3,73.5,16.5,97.4,1,early_warning
1090,4,74.1,17.0,97.4,1,early_warning
1090,5,77.8,17.8,96.8,1,early_warning
1090,6,82.9,20.0,95.6,1,early_warning
1090,7,89.9,22.3,93.6,1,early_warning
1090,8,93.1,23.5,92.8,1,early_warning
1090,9,89.1,22.1,93.9,1,early_warning
1090,10,81.9,20.1,95.8,1,early_warning
1090,11,75.8,18.7,97.1,1,early_warning
1090,12,74.7,18.1,97.8,1,early_warning
1090,13,74.1,18.4,97.8,1,early_warning
1090,14,74.7,18.0,98.1,1,early_warning
1090,15,73.9,18.0,98.0,1,early_warning
1090,16,73.5,17.6,97.9,1,early_warning
1090,17,74.6,18.2,97.7,1,early_warning
1090,18,74.7,18.7,97.5,1,early_warning
1090,19,75.3,18.9,97.4,1,early_warning
1090,20,75.2,18.8,97.3,1,early_warning
1090,21,75.9,19.1,97.0,1,early_warning
1090,22,77.6,19.3,96.7,1,early_warning
1090,23,77.8,19.7,96.7,1,early_warning
1090,24,79.4,20.0,96.7,1,early_warning
1091,1,81.6,16.7,97.6,1,gradual
1091,2,82.1,16.8,97.6,1,gradual
1091,3,82.0,17.6,97.6,1,gradual
1091,4,82.3,17.9,97.3,1,gradual
1091,5,81.6,18.0,97.1,1,gradual
1091,6,83.4,18.1,96.9,1,gradual
1091,7,83.0,18.3,96.6,1,gradual
1091,8,82.2,18.4,96.5,1,gradual
1091,9,83.4,18.8,96.3,1,gradual
1091,10,84.8,18.9,96.1,1,gradual
1091,11,86.4,19.7,96.0,1,gradual
1091,12,86.7,19.3,95.7,1,gradual
1091,13,86.9,19.8,95.4,1,gradual
1091,14,87.6,20.1,95.2,1,gradual
1091,15,89.1,20.0,95.0,1,gradual
1091,16,91.6,20.3,94.8,1,gradual
1091,17,90.1,20.8,94.6,1,gradual
1091,18,89.6,21.1,94.4,1,gradual
1091,19,92.2,21.5,94.2,1,gradual
1091,20,92.3,21.5,94.1,1,gradual
1091,21,93.1,21.6,94.0,1,gradual
1091,22,94.2,21.8,93.8,1,gradual
1091,23,92.8,22.5,93.4,1,gradual
1091,24,93.7,22.9,93.0,1,gradual
1092,1,82.5,17.4,98.1,1,early_warning
1092,2,84.7,17.8,97.4,1,early_warning
1092,3,88.3,19.6,95.7,1,early_warning
1092,4,96.3,22.3,93.9,1,early_warning
1092,5,100.7,23.1,93.0,1,early_warning
1092,6,97.3,22.3,94.1,1,early_warning
1092,7,89.3,19.7,96.0,1,early_warning
1092,8,82.6,18.0,97.2,1,early_warning
1092,9,79.4,17.4,97.5,1,early_warning
1092,10,79.3,17.2,97.8,1,early_warning
1092,11,79.1,16.9,97.8,1,early_warning
1092,12,79.2,17.3,98.0,1,early_warning
1092,13,79.8,17.2,97.8,1,early_warning
1092,14,80.2,17.2,97.8,1,early_warning
1092,15,79.2,17.3,97.8,1,early_warning
1092,16,79.3,17.1,97.6,1,early_warning
1092,17,79.5,17.4,97.4,1,early_warning
1092,18,80.6,17.7,97.2,1,early_warning
1092,19,83.3,18.2,97.1,1,early_warning
1092,20,85.8,18.7,97.0,1,early_warning
1092,21,84.1,19.3,96.8,1,early_warning
1092,22,83.6,19.2,96.7,1,early_warning
1092,23,84.6,19.6,96.5,1,early_warning
1092,24,85.0,19.3,96.3,1,early_warning
1093,1,76.9,14.4,96.5,1,gradual
1093,2,77.5,14.4,96.1,1,gradual
1093,3,77.2,14.6,96.0,1,gradual
1093,4,78.0,14.9,95.6,1,gradual
1093,5,79.4,15.0,95.5,1,gradual
1093,6,80.4,15.4,95.4,1,gradual
1093,7,80.2,15.5,95.2,1,gradual
1093,8,81.5,15.7,94.9,1,gradual
1093,9,81.9,16.1,94.7,1,gradual
1093,10,82.9,16.3,94.5,1,gradual
1093,11,82.6,16.9,94.1,1,gradual
1093,12,83.7,17.0,94.0,1,gradual
1093,13,84.3,17.5,93.6,1,gradual
1093,14,85.4,18.2,93.3,1,gradual
1093,15,84.2,18.4,92.9,1,gradual
1093,16,85.2,18.5,93.0,1,gradual
1093,17,87.7,18.6,92.9,1,gradual
1093,18,87.6,18.7,92.8,1,gradual
1093,19,88.0,18.9,92.5,1,gradual
1093,20,88.5,19.1,92.4,1,gradual
1093,21,88.8,19.7,92.2,1,gradual
1093,22,89.6,19.8,91.8,1,gradual
1093,23,89.3,20.2,91.5,1,gradual
1093,24,92.2,20.1,91.3,1,gradual
1094,1,77.5,16.1,96.9,1,gradual
1094,2,79.1,16.0,96.7,1,gradual
1094,3,79.7,16.5,96.3,1,gradual
1094,4,81.1,16.6,96.1,1,gradual
1094,5,83.3,16.5,95.7,1,gradual
1094,6,84.8,17.3,95.5,1,gradual
1094,7,85.2,17.7,95.3,1,gradual
1094,8,86.7,17.7,95.1,1,gradual
1094,9,86.3,18.6,94.7,1,gradual
1094,10,87.9,18.6,94.5,1,gradual
1094,11,89.2,18.4,94.3,1,gradual
1094,12,89.3,19.1,94.2,1,gradual
1094,13,88.4,19.5,93.8,1,gradual
1094,14,88.7,19.9,93.5,1,gradual
1094,15,89.5,19.5,93.5,1,gradual
1094,16,91.4,20.0,93.0,1,gradual
1094,17,92.9,19.9,92.8,1,gradual
1094,18,93.7,19.9,92.6,1,gradual
1094,19,94.6,20.3,92.6,1,gradual
1094,20,94.9,20.9,92.3,1,gradual
1094,21,94.4,21.1,92.4,1,gradual
1094,22,94.6,21.5,92.4,1,gradual
1094,23,94.8,21.5,92.2,1,gradual
1094,24,95.0,21.6,91.9,1,gradual
1095,1,70.8,18.5,97.3,1,gradual
1095,2,73.3,18.9,97.2,1,gradual
1095,3,71.6,18.8,97.0,1,gradual
1095,4,73.1,19.4,97.0,1,gradual
1095,5,73.9,19.4,96.7,1,gradual
1095,6,73.2,19.7,96.2,1,gradual
1095,7,75.2,20.0,96.0,1,gradual
1095,8,75.7,20.4,95.8,1,gradual
1095,9,76.9,20.9,95.9,1,gradual
1095,10,76.3,21.2,95.5,1,gradual
1095,11,76.1,21.6,95.3,1,gradual
1095,12,78.6,22.0,95.3,1,gradual
1095,13,78.8,21.8,94.9,1,gradual
1095,14,79.4,22.2,94.7,1,gradual
1095,15,81.1,22.5,94.5,1,gradual
1095,16,81.7,22.6,94.1,1,gradual
1095,17,83.0,22.3,93.8,1,gradual
1095,18,82.9,23.1,93.5,1,gradual
1095,19,83.3,23.5,93.4,1,gradual
1095,20,84.4,24.1,93.2,1,gradual
1095,21,84.2,23.8,93.0,1,gradual
1095,22,85.3,24.1,92.7,1,gradual
1095,23,85.8,24.2,92.6,1,gradual
1095,24,86.6,24.3,92.4,1,gradual
1096,1,85.1,18.3,97.9,1,gradual
1096,2,86.5,18.6,97.7,1,gradual
1096,3,88.7,18.8,97.6,1,gradual
1096,4,88.5,19.1,97.4,1,gradual
1096,5,88.8,19.1,97.3,1,gradual
1096,6,90.2,18.8,97.0,1,gradual
1096,7,89.6,19.3,96.8,1,gradual
1096,8,91.1,20.1,96.7,1,gradual
1096,9,91.9,20.0,96.5,1,gradual
1096,10,92.1,20.5,96.2,1,gradual
1096,11,93.7,21.0,96.1,1,gradual
1096,12,94.9,21.0,95.6,1,gradual
1096,13,95.5,21.3,95.3,1,gradual
1096,14,95.6,21.5,95.3,1,gradual
1096,15,95.7,21.5,95.0,1,gradual
1096,16,96.6,21.8,94.9,1,gradual
1096,17,96.3,22.1,94.7,1,gradual
1096,18,96.2,22.2,94.5,1,gradual
1096,19,96.5,22.6,94.2,1,gradual
1096,20,99.1,22.4,94.0,1,gradual
1096,21,98.7,22.7,93.6,1,gradual
1096,22,99.9,23.3,93.6,1,gradual
1096,23,101.0,23.9,93.4,1,gradual
1096,24,101.5,24.2,93.1,1,gradual
1097,1,77.0,17.6,97.1,1,early_warning
1097,2,76.6,17.6,97.2,1,early_warning
1097,3,76.9,17.5,97.3,1,early_warning
1097,4,80.1,18.3,97.0,1,early_warning
1097,5,87.0,20.1,95.6,1,early_warning
1097,6,94.9,22.7,93.6,1,early_warning
1097,7,98.2,23.6,92.4,1,early_warning
1097,8,95.3,22.4,93.5,1,early_warning
1097,9,88.6,20.4,95.7,1,early_warning
1097,10,82.7,18.7,96.9,1,early_warning
1097,11,80.1,17.8,97.5,1,early_warning
1097,12,80.8,17.7,97.8,1,early_warning
1097,13,80.4,17.8,97.7,1,early_warning
1097,14,79.4,18.1,97.8,1,early_warning
1097,15,79.5,18.5,97.6,1,early_warning
1097,16,80.0,18.6,97.7,1,early_warning
1097,17,80.3,18.4,97.4,1,early_warning
1097,18,80.1,17.9,97.4,1,early_warning
1097,19,81.6,18.8,97.1,1,early_warning
1097,20,82.8,18.4,96.9,1,early_warning
1097,21,82.4,18.5,96.8,1,early_warning
1097,22,83.9,19.2,96.6,1,early_warning
1097,23,83.9,19.3,96.4,1,early_warning
1097,24,83.7,19.6,96.2,1,early_warning
1098,1,81.8,15.3,97.9,1,early_warning
1098,2,83.7,15.2,97.8,1,early_warning
1098,3,86.9,15.6,97.3,1,early_warning
1098,4,93.6,17.0,95.8,1,early_warning
1098,5,100.3,19.7,94.1,1,early_warning
1098,6,104.9,20.9,93.0,1,early_warning
1098,7,99.9,19.8,94.0,1,early_warning
1098,8,93.1,17.2,95.9,1,early_warning
1098,9,86.0,15.4,97.2,1,early_warning
1098,10,83.2,15.0,97.5,1,early_warning
1098,11,82.4,14.9,97.7,1,early_warning
1098,12,81.9,15.0,97.7,1,early_warning
1098,13,82.5,15.1,98.0,1,early_warning
1098,14,84.0,14.6,98.0,1,early_warning
1098,15,82.8,14.6,98.1,1,early_warning
1098,16,83.3,15.1,97.9,1,early_warning
1098,17,83.3,15.2,97.7,1,early_warning
1098,18,84.8,15.3,97.7,1,early_warning
1098,19,85.2,15.9,97.6,1,early_warning
1098,20,85.3,15.9,97.3,1,early_warning
1098,21,86.4,16.5,97.1,1,early_warning
1098,22,86.4,16.8,96.9,1,early_warning
1098,23,86.8,17.0,97.0,1,early_warning
1098,24,87.6,16.9,96.8,1,early_warning
1099,1,76.0,14.8,98.0,1,gradual
1099,2,75.5,15.0,97.9,1,gradual
1099,3,77.9,15.0,97.5,1,gradual
1099,4,77.6,15.4,97.3,1,gradual
1099,5,76.8,15.3,97.2,1,gradual
1099,6,77.9,15.8,97.0,1,gradual
1099,7,78.9,16.1,96.9,1,gradual
1099,8,78.6,16.5,96.6,1,gradual
1099,9,78.9,16.3,96.3,1,gradual
1099,10,80.7,16.4,95.9,1,gradual
1099,11,80.8,16.7,95.7,1,gradual
1099,12,81.6,17.1,95.5,1,gradual
1099,13,82.2,17.0,95.3,1,gradual
1099,14,82.9,17.5,95.0,1,gradual
1099,15,84.5,17.8,94.6,1,gradual
1099,16,84.7,17.7,94.5,1,gradual
1099,17,85.3,18.0,94.3,1,gradual
1099,18,85.0,18.3,94.3,1,gradual
1099,19,86.4,19.3,94.1,1,gradual
1099,20,87.6,19.3,93.8,1,gradual
1099,21,89.0,19.5,93.5,1,gradual
1099,22,87.9,19.9,93.2,1,gradual
1099,23,89.1,20.2,93.1,1,gradual
1099,24,89.2,20.5,92.9,1,gradual
1100,1,74.9,16.3,98.4,1,early_warning
1100,2,76.1,16.6,98.0,1,early_warning
1100,3,78.8,16.8,97.6,1,early_warning
1100,4,83.6,18.8,95.9,1,early_warning
1100,5,92.0,20.8,93.9,1,early_warning
1100,6,96.7,21.9,93.0,1,early_warning
1100,7,93.6,20.6,93.9,1,early_warning
1100,8,85.1,18.5,95.6,1,early_warning
1100,9,79.6,16.5,96.7,1,early_warning
1100,10,77.1,16.1,97.3,1,early_warning
1100,11,76.4,16.0,97.5,1,early_warning
1100,12,76.5,16.2,97.6,1,early_warning
1100,13,75.3,16.0,97.6,1,early_warning
1100,14,75.3,15.9,97.7,1,early_warning
1100,15,74.9,15.8,97.5,1,early_warning
1100,16,75.2,15.5,97.5,1,early_warning
1100,17,77.3,16.2,97.2,1,early_warning
1100,18,78.0,16.2,97.1,1,early_warning
1100,19,77.9,16.7,97.1,1,early_warning
1100,20,78.1,16.7,97.0,1,early_warning
1100,21,78.5,17.1,97.2,1,early_warning
1100,22,80.4,17.3,97.0,1,early_warning
1100,23,81.8,17.3,96.8,1,early_warning
1100,24,82.4,17.2,96.7,1,early_warning
1101,1,76.5,15.5,96.8,1,early_warning
1101,2,75.7,15.3,97.1,1,early_warning
1101,3,76.1,15.4,96.9,1,early_warning
1101,4,75.0,15.1,96.6,1,early_warning
1101,5,77.4,15.9,96.3,1,early_warning
1101,6,83.0,18.0,94.7,1,early_warning
1101,7,89.9,20.1,92.8,1,early_warning
1101,8,94.5,20.7,92.0,1,early_warning
1101,9,91.3,19.6,92.8,1,early_warning
1101,10,84.3,16.9,94.7,1,early_warning
1101,11,79.5,15.3,95.8,1,early_warning
1101,12,77.4,14.7,96.4,1,early_warning
1101,13,75.7,14.7,96.8,1,early_warning
1101,14,76.0,14.8,96.8,1,early_warning
1101,15,76.0,14.8,96.8,1,early_warning
1101,16,75.1,15.0,97.0,1,early_warning
1101,17,75.3,15.3,96.6,1,early_warning
1101,18,75.6,16.0,96.7,1,early_warning
1101,19,75.7,15.7,96.6,1,early_warning
1101,20,76.7,15.9,96.3,1,early_warning
1101,21,75.6,16.7,96.1,1,early_warning
1101,22,77.5,16.8,95.9,1,early_warning
1101,23,78.2,16.9,95.9,1,early_warning
1101,24,79.4,17.3,95.8,1,early_warning
1102,1,72.1,18.0,98.0,1,early_warning
1102,2,72.3,17.6,98.0,1,early_warning
1102,3,72.8,17.3,98.0,1,early_warning
1102,4,73.6,17.5,98.0,1,early_warning
1102,5,75.7,18.5,97.4,1,early_warning
1102,6,80.5,19.5,95.8,1,early_warning
1102,7,89.3,21.9,93.7,1,early_warning
1102,8,93.3,23.4,92.9,1,early_warning
1102,9,89.2,22.7,93.9,1,early_warning
1102,10,81.5,20.1,95.8,1,early_warning
1102,11,76.6,18.7,97.3,1,early_warning
1102,12,73.0,17.9,97.9,1,early_warning
1102,13,72.6,17.7,97.8,1,early_warning
1102,14,73.2,17.7,98.0,1,early_warning
1102,15,72.3,17.4,98.0,1,early_warning
1102,16,73.7,17.4,98.2,1,early_warning
1102,17,74.4,17.8,98.0,1,early_warning
1102,18,74.9,17.8,97.7,1,early_warning
1102,19,75.3,17.8,97.6,1,early_warning
1102,20,76.2,18.2,97.5,1,early_warning
1102,21,76.0,18.4,97.4,1,early_warning
1102,22,75.8,18.5,97.1,1,early_warning
1102,23,76.8,18.7,96.9,1,early_warning
1102,24,76.7,19.1,96.7,1,early_warning
1103,1,78.5,17.6,96.5,1,gradual
1103,2,79.4,17.7,96.5,1,gradual
1103,3,79.6,18.4,96.4,1,gradual
1103,4,80.3,19.0,96.3,1,gradual
1103,5,80.7,19.0,96.1,1,gradual
1103,6,82.1,19.5,96.2,1,gradual
1103,7,82.8,19.3,95.8,1,gradual
1103,8,82.2,19.3,95.5,1,gradual
1103,9,83.9,19.7,95.2,1,gradual
1103,10,84.3,19.6,95.1,1,gradual
1103,11,85.1,20.3,94.8,1,gradual
1103,12,84.9,20.6,94.7,1,gradual
1103,13,85.8,21.1,94.4,1,gradual
1103,14,86.1,21.3,94.4,1,gradual
1103,15,87.4,21.7,94.0,1,gradual
1103,16,88.0,21.9,94.0,1,gradual
1103,17,89.4,22.2,93.6,1,gradual
1103,18,89.8,22.2,93.2,1,gradual
1103,19,90.7,23.0,92.7,1,gradual
1103,20,91.0,22.8,92.6,1,gradual
1103,21,91.6,23.0,92.7,1,gradual
1103,22,91.6,23.0,92.5,1,gradual
1103,23,93.8,23.1,92.0,1,gradual
1103,24,95.0,23.6,92.1,1,gradual
1104,1,76.9,13.1,98.1,1,early_warning
1104,2,76.6,12.9,98.3,1,early_warning
1104,3,76.3,13.2,98.3,1,early_warning
1104,4,75.5,13.2,98.4,1,early_warning
1104,5,76.7,13.9,97.5,1,early_warning
1104,6,82.0,15.3,96.3,1,early_warning
1104,7,89.8,17.6,94.4,1,early_warning
1104,8,93.0,18.8,93.4,1,early_warning
1104,9,88.8,17.8,94.3,1,early_warning
1104,10,80.6,15.5,96.0,1,early_warning
1104,11,74.5,14.0,97.6,1,early_warning
1104,12,73.5,13.4,98.2,1,early_warning
1104,13,72.9,13.7,98.4,1,early_warning
1104,14,72.2,13.1,98.5,1,early_warning
1104,15,73.4,12.8,98.6,1,early_warning
1104,16,74.3,13.0,98.4,1,early_warning
1104,17,74.1,13.1,98.2,1,early_warning
1104,18,75.4,13.5,98.1,1,early_warning
1104,19,77.3,13.7,98.0,1,early_warning
1104,20,77.4,13.8,98.0,1,early_warning
1104,21,78.5,14.1,98.1,1,early_warning
1104,22,77.9,14.3,97.8,1,early_warning
1104,23,78.0,14.7,97.6,1,early_warning
1104,24,80.1,15.1,97.2,1,early_warning
1105,1,78.0,14.3,98.1,1,early_warning
1105,2,76.4,14.4,98.3,1,early_warning
1105,3,76.2,14.7,98.3,1,early_warning
1105,4,77.1,15.2,98.2,1,early_warning
1105,5,79.8,16.5,97.7,1,early_warning
1105,6,84.5,17.9,96.1,1,early_warning
1105,7,92.7,20.0,94.3,1,early_warning
1105,8,95.8,20.8,93.2,1,early_warning
1105,9,93.0,20.2,94.3,1,early_warning
1105,10,84.4,17.8,96.1,1,early_warning
1105,11,79.3,16.0,97.4,1,early_warning
1105,12,77.1,15.7,98.0,1,early_warning
1105,13,76.7,15.6,98.3,1,early_warning
1105,14,75.7,15.3,98.3,1,early_warning
1105,15,75.7,15.4,98.3,1,early_warning
1105,16,76.6,15.0,98.5,1,early_warning
1105,17,76.4,15.0,98.2,1,early_warning
1105,18,78.9,15.0,98.1,1,early_warning
1105,19,78.5,15.6,97.9,1,early_warning
1105,20,78.8,15.9,97.6,1,early_warning
1105,21,78.7,15.9,97.2,1,early_warning
1105,22,81.7,16.1,97.3,1,early_warning
1105,23,81.6,16.5,97.0,1,early_warning
1105,24,81.1,16.4,96.8,1,early_warning
1106,1,71.7,15.8,97.5,1,early_warning
1106,2,73.1,15.8,97.5,1,early_warning
1106,3,73.3,15.4,97.4,1,early_warning
1106,4,74.4,15.5,97.2,1,early_warning
1106,5,77.8,15.9,96.8,1,early_warning
1106,6,83.0,17.7,95.4,1,early_warning
1106,7,90.7,19.9,93.4,1,early_warning
1106,8,93.9,20.9,92.7,1,early_warning
1106,9,89.9,19.6,93.7,1,early_warning
1106,10,81.0,17.5,95.5,1,early_warning
1106,11,75.3,15.8,97.0,1,early_warning
1106,12,72.7,15.0,97.2,1,early_warning
1106,13,72.0,14.9,97.7,1,early_warning
1106,14,70.9,14.8,97.6,1,early_warning
1106,15,70.7,15.1,97.7,1,early_warning
1106,16,73.2,15.3,97.8,1,early_warning
1106,17,74.3,15.5,97.8,1,early_warning
1106,18,75.0,15.2,97.6,1,early_warning
1106,19,75.5,15.8,97.3,1,early_warning
1106,20,76.1,15.7,97.2,1,early_warning
1106,21,76.4,15.9,96.8,1,early_warning
1106,22,76.7,16.2,96.5,1,early_warning
1106,23,78.6,16.5,96.6,1,early_warning
1106,24,78.9,16.9,96.2,1,early_warning
1107,1,84.6,14.2,98.4,1,gradual
1107,2,83.9,14.5,98.3,1,gradual
1107,3,83.6,14.7,98.2,1,gradual
1107,4,84.4,14.6,98.0,1,gradual
1107,5,85.1,14.8,97.7,1,gradual
1107,6,85.0,15.1,97.5,1,gradual
1107,7,86.3,15.4,97.3,1,gradual
1107,8,87.7,16.0,97.1,1,gradual
1107,9,88.2,16.2,97.0,1,gradual
1107,10,88.7,16.2,97.0,1,gradual
1107,11,89.8,16.6,96.7,1,gradual
1107,12,91.1,17.2,96.3,1,gradual
1107,13,90.8,17.0,96.0,1,gradual
1107,14,90.7,17.5,95.9,1,gradual
1107,15,91.6,17.4,95.8,1,gradual
1107,16,90.7,17.6,95.4,1,gradual
1107,17,91.9,17.9,95.4,1,gradual
1107,18,92.4,18.3,95.1,1,gradual
1107,19,92.9,18.4,94.9,1,gradual
1107,20,95.9,18.8,94.6,1,gradual
1107,21,96.5,19.5,94.2,1,gradual
1107,22,97.2,19.6,94.0,1,gradual
1107,23,97.5,19.6,93.7,1,gradual
1107,24,97.1,20.0,93.3,1,gradual
1108,1,74.0,13.0,97.7,1,early_warning
1108,2,71.4,13.2,98.0,1,early_warning
1108,3,72.3,13.1,98.1,1,early_warning
1108,4,72.1,13.3,98.2,1,early_warning
1108,5,74.9,14.2,97.5,1,early_warning
1108,6,79.9,16.0,96.0,1,early_warning
1108,7,86.2,18.1,94.1,1,early_warning
1108,8,90.1,19.2,93.1,1,early_warning
1108,9,86.7,18.0,94.2,1,early_warning
1108,10,78.3,15.4,96.2,1,early_warning
1108,11,74.5,13.8,97.8,1,early_warning
1108,12,71.9,13.3,98.3,1,early_warning
1108,13,71.6,13.4,98.4,1,early_warning
1108,14,71.0,13.5,98.3,1,early_warning
1108,15,71.8,13.0,98.4,1,early_warning
1108,16,71.7,13.0,98.3,1,early_warning
1108,17,72.1,13.5,98.2,1,early_warning
1108,18,73.9,13.7,97.9,1,early_warning
1108,19,73.9,14.0,97.8,1,early_warning
1108,20,73.8,14.7,97.8,1,early_warning
1108,21,74.2,14.6,97.6,1,early_warning
1108,22,74.3,15.0,97.3,1,early_warning
1108,23,75.4,15.2,97.2,1,early_warning
1108,24,76.0,15.3,97.2,1,early_warning
1109,1,83.2,17.4,97.1,1,gradual
1109,2,80.9,17.2,97.0,1,gradual
1109,3,80.6,17.1,96.9,1,gradual
1109,4,81.7,16.9,96.7,1,gradual
1109,5,82.8,16.8,96.5,1,gradual
1109,6,83.7,16.7,96.3,1,gradual
1109,7,84.0,16.9,96.0,1,gradual
1109,8,84.2,17.0,95.8,1,gradual
1109,9,84.8,17.5,95.5,1,gradual
1109,10,84.6,17.2,95.5,1,gradual
1109,11,86.1,17.7,95.4,1,gradual
1109,12,85.4,18.0,95.2,1,gradual
1109,13,86.7,18.4,94.8,1,gradual
1109,14,88.4,18.2,94.5,1,gradual
1109,15,88.9,18.4,94.3,1,gradual
1109,16,90.4,18.9,94.0,1,gradual
1109,17,91.4,19.3,93.8,1,gradual
1109,18,91.0,19.8,93.6,1,gradual
1109,19,90.7,19.8,93.3,1,gradual
1109,20,89.6,20.1,92.9,1,gradual
1109,21,91.1,20.3,92.8,1,gradual
1109,22,91.1,20.7,92.6,1,gradual
1109,23,92.7,20.7,92.5,1,gradual
1109,24,93.4,21.0,92.4,1,gradual
1110,1,77.0,15.8,98.1,1,early_warning
1110,2,79.1,16.3,97.8,1,early_warning
1110,3,81.0,15.9,97.6,1,early_warning
1110,4,84.4,16.4,97.2,1,early_warning
1110,5,89.7,18.5,95.8,1,early_warning
1110,6,96.8,20.7,94.0,1,early_warning
1110,7,100.9,21.9,93.0,1,early_warning
1110,8,98.3,20.5,93.9,1,early_warning
1110,9,91.1,18.4,95.7,1,early_warning
1110,10,84.9,16.7,97.1,1,early_warning
1110,11,83.6,16.4,97.5,1,early_warning
1110,12,84.2,16.3,97.8,1,early_warning
1110,13,83.6,15.8,97.7,1,early_warning
1110,14,81.7,15.9,97.9,1,early_warning
1110,15,82.4,15.9,97.7,1,early_warning
1110,16,83.4,16.1,97.8,1,early_warning
1110,17,84.8,16.6,97.9,1,early_warning
1110,18,84.3,16.1,97.6,1,early_warning
1110,19,85.6,16.5,97.4,1,early_warning
1110,20,86.4,16.8,97.2,1,early_warning
1110,21,85.2,17.3,97.0,1,early_warning
1110,22,85.7,17.8,97.0,1,early_warning
1110,23,87.6,18.2,96.9,1,early_warning
1110,24,87.0,18.5,96.7,1,early_warning
1111,1,77.0,14.9,97.0,1,gradual
1111,2,76.0,15.5,96.7,1,gradual
1111,3,76.9,16.6,96.5,1,gradual
1111,4,76.9,16.8,96.3,1,gradual
1111,5,76.5,17.0,96.1,1,gradual
1111,6,75.8,17.6,95.6,1,gradual
1111,7,76.7,17.6,95.4,1,gradual
1111,8,76.7,17.8,95.4,1,gradual
1111,9,78.3,18.4,95.0,1,gradual
1111,10,78.5,18.7,94.8,1,gradual
1111,11,80.1,19.0,94.9,1,gradual
1111,12,79.4,19.7,94.5,1,gradual
1111,13,79.5,19.4,94.3,1,gradual
1111,14,80.6,19.2,93.9,1,gradual
1111,15,80.4,19.3,93.6,1,gradual
1111,16,82.2,19.8,93.6,1,gradual
1111,17,82.1,20.4,93.6,1,gradual
1111,18,83.7,20.3,93.2,1,gradual
1111,19,84.2,20.7,93.0,1,gradual
1111,20,85.0,20.7,92.6,1,gradual
1111,21,85.5,20.8,92.4,1,gradual
1111,22,86.1,21.0,92.2,1,gradual
1111,23,87.6,21.2,92.1,1,gradual
1111,24,89.3,21.5,91.9,1,gradual
1112,1,77.9,16.6,97.8,1,gradual
1112,2,78.4,16.7,97.5,1,gradual
1112,3,79.7,16.8,97.5,1,gradual
1112,4,80.9,16.9,97.2,1,gradual
1112,5,81.9,17.0,96.9,1,gradual
1112,6,83.3,17.6,96.7,1,gradual
1112,7,84.7,18.1,96.6,1,gradual
1112,8,84.8,18.2,96.4,1,gradual
1112,9,85.5,18.7,96.2,1,gradual
1112,10,86.6,19.1,95.9,1,gradual
1112,11,86.8,19.2,95.8,1,gradual
1112,12,88.3,19.4,95.5,1,gradual
1112,13,89.7,19.8,95.2,1,gradual
1112,14,89.5,20.1,95.0,1,gradual
1112,15,90.6,20.5,94.8,1,gradual
1112,16,90.5,20.4,94.6,1,gradual
1112,17,91.3,20.5,94.3,1,gradual
1112,18,91.1,20.6,94.1,1,gradual
1112,19,92.5,21.4,93.9,1,gradual
1112,20,92.6,21.1,93.9,1,gradual
1112,21,92.5,21.4,93.4,1,gradual
1112,22,92.9,21.6,93.3,1,gradual
1112,23,94.7,22.0,92.9,1,gradual
1112,24,95.0,22.4,92.6,1,gradual
1113,1,78.2,12.8,97.7,1,early_warning
1113,2,77.8,12.4,97.6,1,early_warning
1113,3,80.3,13.2,97.2,1,early_warning
1113,4,84.5,15.2,96.0,1,early_warning
1113,5,93.2,17.6,94.0,1,early_warning
1113,6,97.8,18.5,93.1,1,early_warning
1113,7,94.2,17.1,94.4,1,early_warning
1113,8,86.7,14.3,96.2,1,early_warning
1113,9,80.9,12.9,97.4,1,early_warning
1113,10,78.4,12.5,97.9,1,early_warning
1113,11,78.8,12.5,97.9,1,early_warning
1113,12,79.3,12.7,97.9,1,early_warning
1113,13,78.7,12.7,98.0,1,early_warning
1113,14,79.4,12.7,97.8,1,early_warning
1113,15,80.1,12.6,97.9,1,early_warning
1113,16,79.8,12.2,98.1,1,early_warning
1113,17,80.1,13.0,98.0,1,early_warning
1113,18,80.3,13.1,97.8,1,early_warning
1113,19,78.3,13.4,97.7,1,early_warning
1113,20,80.0,13.5,97.3,1,early_warning
1113,21,80.2,13.3,97.0,1,early_warning
1113,22,81.5,13.6,97.0,1,early_warning
1113,23,82.5,13.8,96.8,1,early_warning
1113,24,83.8,14.2,96.5,1,early_warning
1114,1,82.9,14.7,97.1,1,early_warning
1114,2,91.7,16.8,95.8,1,early_warning
1114,3,97.8,19.2,93.8,1,early_warning
1114,4,103.2,20.8,92.9,1,early_warning
1114,5,98.9,20.0,93.9,1,early_warning
1114,6,92.0,17.6,95.8,1,early_warning
1114,7,86.3,15.6,97.1,1,early_warning
1114,8,83.4,15.3,97.7,1,early_warning
1114,9,83.4,15.2,97.9,1,early_warning
1114,10,83.2,15.0,97.9,1,early_warning
1114,11,83.4,14.8,97.8,1,early_warning
1114,12,83.9,14.9,97.7,1,early_warning
1114,13,83.8,14.4,97.8,1,early_warning
1114,14,83.5,14.9,97.7,1,early_warning
1114,15,83.5,14.9,97.7,1,early_warning
1114,16,82.5,14.7,97.7,1,early_warning
1114,17,83.0,15.2,97.4,1,early_warning
1114,18,83.3,15.4,97.2,1,early_warning
1114,19,83.5,15.8,97.1,1,early_warning
1114,20,82.8,16.3,96.9,1,early_warning
1114,21,85.8,16.4,96.9,1,early_warning
1114,22,85.5,17.0,96.8,1,early_warning
1114,23,87.0,16.9,96.7,1,early_warning
1114,24,89.0,17.5,96.4,1,early_warning
1115,1,76.9,17.4,97.9,1,gradual
1115,2,77.7,17.7,97.8,1,gradual
1115,3,78.8,17.9,97.8,1,gradual
1115,4,79.5,18.1,97.7,1,gradual
1115,5,81.8,18.0,97.3,1,gradual
1115,6,81.3,17.9,97.0,1,gradual
1115,7,82.4,18.2,96.9,1,gradual
1115,8,84.3,18.7,96.8,1,gradual
1115,9,83.8,18.8,96.7,1,gradual
1115,10,84.6,18.8,96.4,1,gradual
1115,11,86.8,19.8,96.3,1,gradual
1115,12,87.3,19.9,96.0,1,gradual
1115,13,87.4,20.0,95.8,1,gradual
1115,14,88.2,20.4,95.5,1,gradual
1115,15,87.8,20.5,95.2,1,gradual
1115,16,89.4,20.5,95.0,1,gradual
1115,17,89.8,20.6,94.8,1,gradual
1115,18,90.2,20.9,94.6,1,gradual
1115,19,91.8,21.2,94.1,1,gradual
1115,20,92.7,21.4,93.9,1,gradual
1115,21,93.7,21.4,93.8,1,gradual
1115,22,93.5,21.9,93.6,1,gradual
1115,23,93.6,22.1,93.5,1,gradual
1115,24,93.8,22.8,93.3,1,gradual
1116,1,77.9,17.4,98.2,1,early_warning
1116,2,77.5,17.3,98.3,1,early_warning
1116,3,78.6,17.5,97.9,1,early_warning
1116,4,83.9,18.9,96.8,1,early_warning
1116,5,92.1,21.3,94.7,1,early_warning
1116,6,96.0,22.5,93.7,1,early_warning
1116,7,92.5,21.8,95.0,1,early_warning
1116,8,83.9,20.0,96.8,1,early_warning
1116,9,80.3,17.6,98.2,1,early_warning
1116,10,77.8,17.3,99.0,1,early_warning
1116,11,77.6,17.0,99.0,1,early_warning
1116,12,76.0,16.6,99.0,1,early_warning
1116,13,76.0,17.0,99.1,1,early_warning
1116,14,74.5,16.9,99.2,1,early_warning
1116,15,73.5,17.4,99.0,1,early_warning
1116,16,75.4,16.8,99.0,1,early_warning
1116,17,76.0,16.5,99.0,1,early_warning
1116,18,76.7,16.5,98.6,1,early_warning
1116,19,77.8,17.2,98.6,1,early_warning
1116,20,78.6,17.6,98.4,1,early_warning
1116,21,79.5,18.1,98.4,1,early_warning
1116,22,79.4,18.3,98.1,1,early_warning
1116,23,81.3,18.1,97.8,1,early_warning
1116,24,81.3,18.4,98.0,1,early_warning
1117,1,82.4,15.4,97.7,1,gradual
1117,2,82.7,16.2,97.4,1,gradual
1117,3,84.2,16.6,97.2,1,gradual
1117,4,84.1,16.5,97.0,1,gradual
1117,5,85.7,16.8,96.8,1,gradual
1117,6,84.7,16.8,96.7,1,gradual
1117,7,84.6,17.1,96.5,1,gradual
1117,8,86.0,17.2,96.2,1,gradual
1117,9,87.8,17.3,96.0,1,gradual
1117,10,88.4,17.8,95.5,1,gradual
1117,11,89.8,18.2,95.2,1,gradual
1117,12,90.6,18.6,95.2,1,gradual
1117,13,93.1,18.7,95.0,1,gradual
1117,14,91.5,18.7,94.9,1,gradual
1117,15,92.6,19.0,94.6,1,gradual
1117,16,94.6,19.0,94.2,1,gradual
1117,17,93.9,19.2,94.0,1,gradual
1117,18,94.7,19.4,93.9,1,gradual
1117,19,95.3,20.2,93.8,1,gradual
1117,20,96.8,20.3,93.5,1,gradual
1117,21,97.9,20.5,93.1,1,gradual
1117,22,99.1,21.0,92.8,1,gradual
1117,23,98.9,20.9,92.7,1,gradual
1117,24,99.5,21.5,92.7,1,gradual
1118,1,84.2,16.0,98.2,1,early_warning
1118,2,83.0,15.9,97.9,1,early_warning
1118,3,83.7,15.8,97.6,1,early_warning
1118,4,86.2,16.3,97.0,1,early_warning
1118,5,92.4,18.4,95.6,1,early_warning
1118,6,100.1,20.4,93.7,1,early_warning
1118,7,102.6,21.4,92.5,1,early_warning
1118,8,98.2,20.2,93.6,1,early_warning
1118,9,90.6,17.9,95.6,1,early_warning
1118,10,84.7,16.3,97.0,1,early_warning
1118,11,81.9,15.6,97.6,1,early_warning
1118,12,80.7,15.1,97.9,1,early_warning
1118,13,80.3,15.4,97.8,1,early_warning
1118,14,81.5,15.2,97.8,1,early_warning
1118,15,81.6,15.4,97.9,1,early_warning
1118,16,81.3,15.2,97.7,1,early_warning
1118,17,83.4,15.2,97.6,1,early_warning
1118,18,83.8,15.7,97.4,1,early_warning
1118,19,84.7,15.6,97.2,1,early_warning
1118,20,85.1,15.6,97.1,1,early_warning
1118,21,84.7,15.9,96.9,1,early_warning
1118,22,85.4,16.4,96.7,1,early_warning
1118,23,85.0,17.0,96.7,1,early_warning
1118,24,85.3,17.4,96.8,1,early_warning
1119,1,73.3,17.4,98.0,1,early_warning
1119,2,74.9,17.1,97.9,1,early_warning
1119,3,78.7,17.6,97.3,1,early_warning
1119,4,83.1,19.3,96.1,1,early_warning
1119,5,90.7,21.4,94.2,1,early_warning
1119,6,95.8,22.6,93.1,1,early_warning
1119,7,92.5,21.0,93.8,1,early_warning
1119,8,84.1,18.7,95.5,1,early_warning
1119,9,77.5,17.4,97.0,1,early_warning
1119,10,75.3,16.6,97.5,1,early_warning
1119,11,76.7,16.5,97.9,1,early_warning
1119,12,75.6,16.3,97.9,1,early_warning
1119,13,75.9,16.1,98.0,1,early_warning
1119,14,75.7,16.0,97.9,1,early_warning
1119,15,74.1,16.1,98.1,1,early_warning
1119,16,73.0,16.3,98.4,1,early_warning
1119,17,73.6,16.9,98.1,1,early_warning
1119,18,75.9,17.0,97.7,1,early_warning
1119,19,75.8,17.0,97.4,1,early_warning
1119,20,76.0,17.5,97.4,1,early_warning
1119,21,77.4,17.9,97.3,1,early_warning
1119,22,78.4,18.2,97.0,1,early_warning
1119,23,80.0,18.2,97.0,1,early_warning
1119,24,80.4,18.7,96.7,1,early_warning
1120,1,81.4,15.2,98.2,1,gradual
1120,2,81.4,15.5,97.9,1,gradual
1120,3,82.0,15.5,97.8,1,gradual
1120,4,83.7,15.8,97.7,1,gradual
1120,5,84.9,16.1,97.6,1,gradual
1120,6,84.9,16.2,97.2,1,gradual
1120,7,85.5,16.8,96.9,1,gradual
1120,8,85.7,16.9,96.6,1,gradual
1120,9,86.1,17.6,96.5,1,gradual
1120,10,87.5,18.0,96.1,1,gradual
1120,11,88.1,18.2,95.8,1,gradual
1120,12,88.2,18.0,95.7,1,gradual
1120,13,90.4,18.1,95.6,1,gradual
1120,14,92.4,18.5,95.3,1,gradual
1120,15,93.5,18.5,94.9,1,gradual
1120,16,94.2,19.0,94.6,1,gradual
1120,17,94.4,19.4,94.5,1,gradual
1120,18,94.5,19.8,94.4,1,gradual
1120,19,94.6,20.1,94.3,1,gradual
1120,20,96.4,20.1,93.9,1,gradual
1120,21,96.4,20.2,93.6,1,gradual
1120,22,95.2,20.7,93.2,1,gradual
1120,23,95.8,21.3,93.2,1,gradual
1120,24,96.5,21.5,93.1,1,gradual
1121,1,81.3,15.9,96.8,1,early_warning
1121,2,83.2,16.0,96.2,1,early_warning
1121,3,88.2,17.1,94.7,1,early_warning
1121,4,96.3,19.6,92.6,1,early_warning
1121,5,100.9,20.7,91.8,1,early_warning
1121,6,97.2,19.3,92.5,1,early_warning
1121,7,89.3,17.3,94.7,1,early_warning
1121,8,84.1,15.5,96.1,1,early_warning
1121,9,81.6,14.8,96.7,1,early_warning
1121,10,81.5,14.7,96.8,1,early_warning
1121,11,81.4,14.8,96.7,1,early_warning
1121,12,82.0,14.6,96.7,1,early_warning
1121,13,81.2,14.7,96.7,1,early_warning
1121,14,81.6,14.6,96.8,1,early_warning
1121,15,81.7,14.7,96.6,1,early_warning
1121,16,82.8,14.8,96.7,1,early_warning
1121,17,84.8,15.1,96.4,1,early_warning
1121,18,84.3,15.3,96.2,1,early_warning
1121,19,83.7,15.2,96.2,1,early_warning
1121,20,84.6,15.5,96.1,1,early_warning
1121,21,85.4,15.7,95.8,1,early_warning
1121,22,85.5,15.9,95.8,1,early_warning
1121,23,85.8,16.4,95.7,1,early_warning
1121,24,85.5,17.1,95.6,1,early_warning
1122,1,93.9,16.8,97.5,1,early_warning
1122,2,99.5,18.6,96.1,1,early_warning
1122,3,107.4,21.3,94.1,1,early_warning
1122,4,112.3,23.0,93.0,1,early_warning
1122,5,106.6,21.5,94.1,1,early_warning
1122,6,98.9,19.1,96.3,1,early_warning
1122,7,94.5,17.5,97.5,1,early_warning
1122,8,90.2,16.8,97.8,1,early_warning
1122,9,90.8,16.6,97.9,1,early_warning
1122,10,91.2,16.6,97.9,1,early_warning
1122,11,90.2,16.6,97.9,1,early_warning
1122,12,90.8,16.4,98.1,1,early_warning
1122,13,91.6,16.0,98.3,1,early_warning
1122,14,91.5,15.9,98.3,1,early_warning
1122,15,90.4,15.9,98.3,1,early_warning
1122,16,90.4,15.9,98.2,1,early_warning
1122,17,90.9,16.0,98.2,1,early_warning
1122,18,92.1,16.4,97.8,1,early_warning
1122,19,92.1,16.9,97.9,1,early_warning
1122,20,91.3,17.1,97.7,1,early_warning
1122,21,93.2,17.1,97.4,1,early_warning
1122,22,94.5,17.8,97.1,1,early_warning
1122,23,93.9,17.8,97.1,1,early_warning
1122,24,93.8,18.2,96.8,1,early_warning
1123,1,78.5,17.0,97.0,1,gradual
1123,2,76.7,17.4,96.7,1,gradual
1123,3,77.7,17.8,96.2,1,gradual
1123,4,77.8,18.1,96.2,1,gradual
1123,5,78.0,18.5,95.9,1,gradual
1123,6,78.6,18.8,95.9,1,gradual
1123,7,79.3,18.6,95.4,1,gradual
1123,8,80.3,19.1,95.1,1,gradual
1123,9,80.8,19.8,95.0,1,gradual
1123,10,83.0,19.6,94.9,1,gradual
1123,11,83.4,19.7,94.7,1,gradual
1123,12,84.3,20.2,94.4,1,gradual
1123,13,85.1,20.6,94.1,1,gradual
1123,14,86.3,20.7,94.0,1,gradual
1123,15,86.6,20.9,93.7,1,gradual
1123,16,86.0,21.1,93.6,1,gradual
1123,17,86.6,21.5,93.1,1,gradual
1123,18,87.3,21.9,93.1,1,gradual
1123,19,90.0,22.1,92.9,1,gradual
1123,20,90.3,22.0,92.5,1,gradual
1123,21,92.0,22.5,92.2,1,gradual
1123,22,92.0,22.6,92.0,1,gradual
1123,23,89.6,23.2,92.0,1,gradual
1123,24,91.0,23.5,91.7,1,gradual
1124,1,77.6,15.6,98.5,1,early_warning
1124,2,77.1,15.9,98.6,1,early_warning
1124,3,76.8,16.2,98.4,1,early_warning
1124,4,78.7,16.7,97.8,1,early_warning
1124,5,82.6,18.4,96.3,1,early_warning
1124,6,92.4,20.7,94.3,1,early_warning
1124,7,95.5,22.3,93.4,1,early_warning
1124,8,92.4,21.5,94.2,1,early_warning
1124,9,85.4,19.1,96.4,1,early_warning
1124,10,79.4,16.9,98.0,1,early_warning
1124,11,76.5,16.4,98.3,1,early_warning
1124,12,76.0,16.2,98.4,1,early_warning
1124,13,76.9,16.2,98.5,1,early_warning
1124,14,77.7,16.2,98.6,1,early_warning
1124,15,76.7,16.4,98.6,1,early_warning
1124,16,77.1,15.9,98.6,1,early_warning
1124,17,77.0,16.2,98.3,1,early_warning
1124,18,78.2,17.0,98.0,1,early_warning
1124,19,77.9,17.0,97.8,1,early_warning
1124,20,79.4,17.1,97.6,1,early_warning
1124,21,80.9,17.5,97.4,1,early_warning
1124,22,82.9,17.5,97.2,1,early_warning
1124,23,80.9,17.3,97.1,1,early_warning
1124,24,81.1,17.9,97.1,1,early_warning
1125,1,82.5,14.3,96.7,1,early_warning
1125,2,84.5,14.8,96.4,1,early_warning
1125,3,89.0,16.5,95.1,1,early_warning
1125,4,96.3,18.4,93.1,1,early_warning
1125,5,99.2,19.4,91.8,1,early_warning
1125,6,96.8,18.3,92.8,1,early_warning
1125,7,88.9,16.1,94.7,1,early_warning
1125,8,82.2,14.5,96.2,1,early_warning
1125,9,80.6,14.1,96.8,1,early_warning
1125,10,80.7,14.3,96.8,1,early_warning
1125,11,80.8,14.0,96.8,1,early_warning
1125,12,81.7,14.0,96.9,1,early_warning
1125,13,81.7,13.6,96.9,1,early_warning
1125,14,81.4,13.5,97.0,1,early_warning
1125,15,80.5,14.2,97.0,1,early_warning
1125,16,80.4,14.6,97.1,1,early_warning
1125,17,81.7,14.9,96.7,1,early_warning
1125,18,81.2,14.8,96.7,1,early_warning
1125,19,80.8,14.9,96.6,1,early_warning
1125,20,83.4,15.0,96.7,1,early_warning
1125,21,82.8,14.8,96.6,1,early_warning
1125,22,83.9,14.8,96.4,1,early_warning
1125,23,84.7,15.3,96.2,1,early_warning
1125,24,85.4,16.2,96.0,1,early_warning
1126,1,87.5,16.7,97.7,1,gradual
1126,2,86.1,16.9,97.5,1,gradual
1126,3,85.9,17.3,97.5,1,gradual
1126,4,85.3,17.7,97.3,1,gradual
1126,5,85.2,17.8,97.0,1,gradual
1126,6,85.7,18.2,96.8,1,gradual
1126,7,88.0,18.8,96.6,1,gradual
1126,8,88.3,19.0,96.4,1,gradual
1126,9,88.3,18.7,96.2,1,gradual
1126,10,90.4,18.9,96.3,1,gradual
1126,11,91.0,19.4,95.9,1,gradual
1126,12,90.7,19.5,95.8,1,gradual
1126,13,90.2,19.8,95.3,1,gradual
1126,14,92.0,20.1,95.0,1,gradual
1126,15,93.1,20.4,94.8,1,gradual
1126,16,95.0,20.5,94.6,1,gradual
1126,17,94.0,20.8,94.6,1,gradual
1126,18,96.3,21.3,94.3,1,gradual
1126,19,95.8,21.5,93.9,1,gradual
1126,20,97.6,21.8,93.7,1,gradual
1126,21,97.0,21.7,93.6,1,gradual
1126,22,98.7,21.9,93.3,1,gradual
1126,23,100.2,22.3,93.0,1,gradual
1126,24,99.4,22.4,92.8,1,gradual
1127,1,92.3,12.9,98.0,1,early_warning
1127,2,93.4,13.8,97.3,1,early_warning
1127,3,98.5,15.7,96.2,1,early_warning
1127,4,108.7,17.5,94.2,1,early_warning
1127,5,111.9,19.2,93.1,1,early_warning
1127,6,106.3,17.6,93.7,1,early_warning
1127,7,98.8,15.7,96.0,1,early_warning
1127,8,94.4,14.4,97.4,1,early_warning
1127,9,91.8,14.4,97.9,1,early_warning
1127,10,89.2,14.0,98.2,1,early_warning
1127,11,90.1,13.9,98.2,1,early_warning
1127,12,90.3,14.0,98.1,1,early_warning
1127,13,89.4,14.2,98.1,1,early_warning
1127,14,90.3,14.1,98.2,1,early_warning
1127,15,91.8,14.3,98.4,1,early_warning
1127,16,91.9,14.3,98.2,1,early_warning
1127,17,91.9,14.7,97.9,1,early_warning
1127,18,92.7,14.7,97.9,1,early_warning
1127,19,93.2,14.9,97.6,1,early_warning
1127,20,93.9,15.2,97.5,1,early_warning
1127,21,94.0,15.1,97.6,1,early_warning
1127,22,93.4,15.2,97.6,1,early_warning
1127,23,94.3,15.8,97.4,1,early_warning
1127,24,94.8,16.1,97.3,1,early_warning
1128,1,85.5,10.8,97.5,1,early_warning
1128,2,84.0,11.6,97.3,1,early_warning
1128,3,85.0,11.9,97.6,1,early_warning
1128,4,86.2,12.1,97.3,1,early_warning
1128,5,90.4,12.8,96.5,1,early_warning
1128,6,94.6,14.3,95.4,1,early_warning
1128,7,102.5,16.7,93.0,1,early_warning
1128,8,106.5,18.0,92.3,1,early_warning
1128,9,101.8,16.8,93.3,1,early_warning
1128,10,95.1,14.1,95.1,1,early_warning
1128,11,89.9,12.6,96.5,1,early_warning
1128,12,86.3,11.9,97.1,1,early_warning
1128,13,86.2,11.4,97.3,1,early_warning
1128,14,85.6,12.0,97.2,1,early_warning
1128,15,87.1,12.1,97.3,1,early_warning
1128,16,87.5,12.0,97.2,1,early_warning
1128,17,89.1,12.3,96.7,1,early_warning
1128,18,90.2,12.6,96.6,1,early_warning
1128,19,89.7,12.9,96.6,1,early_warning
1128,20,91.1,12.9,96.5,1,early_warning
1128,21,91.1,12.7,96.4,1,early_warning
1128,22,90.5,13.2,96.3,1,early_warning
1128,23,90.7,13.7,96.1,1,early_warning
1128,24,91.9,13.7,96.1,1,early_warning
1129,1,78.4,18.3,97.3,1,early_warning
1129,2,79.2,19.6,96.5,1,early_warning
1129,3,84.2,21.2,95.3,1,early_warning
1129,4,91.7,23.4,93.6,1,early_warning
1129,5,94.8,24.7,92.5,1,early_warning
1129,6,91.1,23.5,93.5,1,early_warning
1129,7,82.8,20.9,95.4,1,early_warning
1129,8,75.7,19.2,96.8,1,early_warning
1129,9,74.5,18.5,97.4,1,early_warning
1129,10,73.6,18.2,97.3,1,early_warning
1129,11,74.5,18.6,97.3,1,early_warning
1129,12,74.9,18.8,97.4,1,early_warning
1129,13,75.6,18.8,97.4,1,early_warning
1129,14,74.5,18.6,97.6,1,early_warning
1129,15,75.1,18.1,97.6,1,early_warning
1129,16,75.8,17.9,97.4,1,early_warning
1129,17,76.2,18.0,97.4,1,early_warning
1129,18,77.2,18.7,97.3,1,early_warning
1129,19,77.7,19.1,97.2,1,early_warning
1129,20,78.4,19.3,97.1,1,early_warning
1129,21,80.0,20.1,96.7,1,early_warning
1129,22,79.7,19.8,96.6,1,early_warning
1129,23,80.3,20.4,96.3,1,early_warning
1129,24,80.6,20.6,96.1,1,early_warning
1130,1,88.8,16.7,97.7,1,early_warning
1130,2,88.4,16.5,97.5,1,early_warning
1130,3,87.9,17.0,97.0,1,early_warning
1130,4,91.2,17.3,96.3,1,early_warning
1130,5,96.6,19.0,94.8,1,early_warning
1130,6,103.6,21.6,92.7,1,early_warning
1130,7,108.2,23.0,91.7,1,early_warning
1130,8,102.8,21.5,92.7,1,early_warning
1130,9,96.1,19.4,94.7,1,early_warning
1130,10,91.3,17.7,96.1,1,early_warning
1130,11,89.2,16.7,96.4,1,early_warning
1130,12,88.8,16.7,96.4,1,early_warning
1130,13,90.1,16.9,96.6,1,early_warning
1130,14,89.6,16.9,96.8,1,early_warning
1130,15,89.0,17.0,96.8,1,early_warning
1130,16,88.5,16.7,96.8,1,early_warning
1130,17,89.5,17.1,96.6,1,early_warning
1130,18,89.6,17.3,96.5,1,early_warning
1130,19,89.5,17.5,96.2,1,early_warning
1130,20,91.4,17.6,96.1,1,early_warning
1130,21,91.9,18.2,95.9,1,early_warning
1130,22,92.7,18.5,95.9,1,early_warning
1130,23,92.9,18.6,95.7,1,early_warning
1130,24,93.3,19.1,95.5,1,early_warning
1131,1,86.8,15.2,97.4,1,gradual
1131,2,85.3,15.8,97.6,1,gradual
1131,3,84.9,16.5,97.2,1,gradual
1131,4,86.7,16.6,96.9,1,gradual
1131,5,87.5,17.0,97.0,1,gradual
1131,6,88.3,17.7,96.6,1,gradual
1131,7,89.2,17.7,96.4,1,gradual
1131,8,88.6,18.3,96.1,1,gradual
1131,9,88.5,18.1,96.0,1,gradual
1131,10,89.8,18.6,95.8,1,gradual
1131,11,91.4,19.2,95.7,1,gradual
1131,12,92.0,19.6,95.4,1,gradual
1131,13,91.7,19.9,95.2,1,gradual
1131,14,92.7,20.0,95.1,1,gradual
1131,15,94.8,20.1,94.7,1,gradual
1131,16,93.3,20.5,94.4,1,gradual
1131,17,92.7,20.4,94.2,1,gradual
1131,18,95.1,20.7,93.9,1,gradual
1131,19,97.1,21.2,93.7,1,gradual
1131,20,96.5,21.5,93.7,1,gradual
1131,21,98.1,22.0,93.6,1,gradual
1131,22,97.1,22.2,93.5,1,gradual
1131,23,98.3,22.4,92.9,1,gradual
1131,24,99.7,22.7,92.8,1,gradual
1132,1,70.2,18.2,96.8,1,early_warning
1132,2,70.5,18.5,96.8,1,early_warning
1132,3,72.1,18.7,96.7,1,early_warning
1132,4,75.7,19.5,96.1,1,early_warning
1132,5,81.3,21.1,94.8,1,early_warning
1132,6,88.9,23.3,92.7,1,early_warning
1132,7,93.2,24.4,91.7,1,early_warning
1132,8,89.4,23.0,92.8,1,early_warning
1132,9,80.7,20.4,94.5,1,early_warning
1132,10,75.2,19.5,95.9,1,early_warning
1132,11,73.4,19.1,96.3,1,early_warning
1132,12,73.1,18.6,96.5,1,early_warning
1132,13,72.5,18.4,96.5,1,early_warning
1132,14,72.5,17.6,96.9,1,early_warning
1132,15,72.7,17.7,97.0,1,early_warning
1132,16,73.4,17.4,96.8,1,early_warning
1132,17,74.0,18.1,96.6,1,early_warning
1132,18,74.7,18.8,96.6,1,early_warning
1132,19,74.1,19.0,96.5,1,early_warning
1132,20,74.5,19.3,96.2,1,early_warning
1132,21,74.8,20.0,96.0,1,early_warning
1132,22,75.9,20.1,95.9,1,early_warning
1132,23,75.9,20.1,95.7,1,early_warning
1132,24,76.5,20.0,95.8,1,early_warning
1133,1,77.2,16.5,97.5,1,early_warning
1133,2,81.4,17.6,96.9,1,early_warning
1133,3,87.8,19.1,95.6,1,early_warning
1133,4,96.3,21.4,93.8,1,early_warning
1133,5,100.9,23.4,92.9,1,early_warning
1133,6,97.8,21.9,93.8,1,early_warning
1133,7,90.0,20.0,95.6,1,early_warning
1133,8,83.6,17.9,96.9,1,early_warning
1133,9,80.7,17.0,97.4,1,early_warning
1133,10,79.9,16.8,97.5,1,early_warning
1133,11,80.9,16.8,97.6,1,early_warning
1133,12,80.8,16.9,97.6,1,early_warning
1133,13,79.8,16.8,97.4,1,early_warning
1133,14,80.9,17.1,97.4,1,early_warning
1133,15,80.0,16.9,97.6,1,early_warning
1133,16,80.6,16.6,97.5,1,early_warning
1133,17,80.8,16.5,97.5,1,early_warning
1133,18,81.8,16.9,97.3,1,early_warning
1133,19,83.2,17.3,97.2,1,early_warning
1133,20,83.3,17.6,97.3,1,early_warning
1133,21,84.0,17.8,97.1,1,early_warning
1133,22,84.3,17.9,96.9,1,early_warning
1133,23,85.1,18.3,96.9,1,early_warning
1133,24,84.7,18.9,96.8,1,early_warning
1134,1,70.3,13.3,97.9,1,gradual
1134,2,69.9,13.2,97.5,1,gradual
1134,3,70.5,13.7,97.1,1,gradual
1134,4,71.5,13.9,96.6,1,gradual
1134,5,72.9,14.1,96.4,1,gradual
1134,6,75.0,14.4,96.3,1,gradual
1134,7,75.3,14.3,96.3,1,gradual
1134,8,75.7,15.1,96.0,1,gradual
1134,9,76.3,15.2,96.0,1,gradual
1134,10,77.2,15.5,95.6,1,gradual
1134,11,77.9,16.1,95.3,1,gradual
1134,12,78.6,16.2,95.1,1,gradual
1134,13,78.0,16.5,94.8,1,gradual
1134,14,79.6,16.6,94.9,1,gradual
1134,15,78.7,17.0,94.6,1,gradual
1134,16,79.2,17.7,94.3,1,gradual
1134,17,80.3,18.0,94.0,1,gradual
1134,18,81.2,17.8,93.9,1,gradual
1134,19,82.5,18.0,93.6,1,gradual
1134,20,83.5,18.4,93.4,1,gradual
1134,21,83.6,18.5,93.3,1,gradual
1134,22,85.6,18.8,93.1,1,gradual
1134,23,86.1,19.1,92.9,1,gradual
1134,24,87.7,19.0,92.6,1,gradual
1135,1,81.8,16.6,96.9,1,early_warning
1135,2,83.7,16.5,96.8,1,early_warning
1135,3,84.7,16.8,96.6,1,early_warning
1135,4,86.3,17.6,96.1,1,early_warning
1135,5,91.9,19.0,94.8,1,early_warning
1135,6,98.8,21.4,93.0,1,early_warning
1135,7,103.8,22.8,91.9,1,early_warning
1135,8,99.1,21.5,92.9,1,early_warning
1135,9,91.0,18.8,94.7,1,early_warning
1135,10,84.9,17.4,96.2,1,early_warning
1135,11,83.2,17.1,96.6,1,early_warning
1135,12,83.3,16.4,96.9,1,early_warning
1135,13,82.8,16.7,97.1,1,early_warning
1135,14,81.9,16.7,96.9,1,early_warning
1135,15,81.4,16.1,97.0,1,early_warning
1135,16,80.9,16.3,97.0,1,early_warning
1135,17,82.7,16.4,96.9,1,early_warning
1135,18,82.4,16.5,96.6,1,early_warning
1135,19,83.7,17.1,96.3,1,early_warning
1135,20,84.3,17.3,96.3,1,early_warning
1135,21,85.1,18.0,96.2,1,early_warning
1135,22,86.2,17.9,96.0,1,early_warning
1135,23,87.1,18.0,95.9,1,early_warning
1135,24,87.5,18.5,95.8,1,early_warning
1136,1,72.9,15.1,97.9,1,early_warning
1136,2,72.6,15.2,98.1,1,early_warning
1136,3,72.7,15.2,98.1,1,early_warning
1136,4,73.4,15.2,98.0,1,early_warning
1136,5,76.3,15.6,97.5,1,early_warning
1136,6,81.5,17.7,96.1,1,early_warning
1136,7,89.7,20.6,94.2,1,early_warning
1136,8,94.5,21.8,93.1,1,early_warning
1136,9,90.5,20.6,94.1,1,early_warning
1136,10,81.0,17.9,96.2,1,early_warning
1136,11,77.1,16.6,97.7,1,early_warning
1136,12,74.4,16.1,98.3,1,early_warning
1136,13,74.8,15.8,98.4,1,early_warning
1136,14,73.2,15.8,98.6,1,early_warning
1136,15,72.6,15.5,98.6,1,early_warning
1136,16,71.4,15.5,98.6,1,early_warning
1136,17,72.7,15.6,98.3,1,early_warning
1136,18,73.9,16.0,98.1,1,early_warning
1136,19,73.8,16.1,98.0,1,early_warning
1136,20,75.4,16.2,97.9,1,early_warning
1136,21,75.5,16.6,97.8,1,early_warning
1136,22,76.5,16.6,97.5,1,early_warning
1136,23,76.1,17.0,97.3,1,early_warning
1136,24,77.8,16.9,96.9,1,early_warning
1137,1,76.4,12.7,96.3,1,gradual
1137,2,75.8,13.2,96.2,1,gradual
1137,3,77.7,13.1,95.7,1,gradual
1137,4,78.3,13.1,95.3,1,gradual
1137,5,78.8,13.4,95.3,1,gradual
1137,6,80.1,14.1,95.3,1,gradual
1137,7,81.8,14.1,95.0,1,gradual
1137,8,80.7,14.7,94.9,1,gradual
1137,9,81.0,14.9,94.7,1,gradual
1137,10,82.3,15.1,94.4,1,gradual
1137,11,83.7,15.2,94.2,1,gradual
1137,12,85.2,15.4,94.0,1,gradual
1137,13,86.4,15.4,93.8,1,gradual
1137,14,86.0,16.0,93.5,1,gradual
1137,15,86.4,16.2,93.2,1,gradual
1137,16,87.0,16.4,93.1,1,gradual
1137,17,87.8,16.7,92.9,1,gradual
1137,18,87.8,17.1,92.5,1,gradual
1137,19,88.1,17.3,92.3,1,gradual
1137,20,88.7,17.7,92.2,1,gradual
1137,21,89.7,18.1,92.0,1,gradual
1137,22,90.5,18.5,91.7,1,gradual
1137,23,91.7,18.8,91.4,1,gradual
1137,24,92.8,18.7,91.1,1,gradual
1138,1,68.1,13.9,98.3,1,gradual
1138,2,69.5,13.8,97.3,1,gradual
1138,3,70.9,14.2,96.9,1,gradual
1138,4,71.1,14.6,96.5,1,gradual
1138,5,72.5,14.8,96.2,1,gradual
1138,6,73.2,14.7,96.2,1,gradual
1138,7,74.9,14.9,95.9,1,gradual
1138,8,75.8,15.1,95.6,1,gradual
1138,9,77.1,15.5,95.4,1,gradual
1138,10,78.0,15.9,95.2,1,gradual
1138,11,79.4,16.5,95.0,1,gradual
1138,12,80.7,16.6,94.8,1,gradual
1138,13,80.9,16.9,94.8,1,gradual
1138,14,82.4,17.1,94.4,1,gradual
1138,15,83.6,17.6,94.0,1,gradual
1138,16,83.0,18.0,93.8,1,gradual
1138,17,83.3,18.2,93.7,1,gradual
1138,18,83.8,18.5,93.6,1,gradual
1138,19,85.1,18.7,93.2,1,gradual
1138,20,84.4,18.7,93.0,1,gradual
1138,21,85.0,19.1,92.8,1,gradual
1138,22,85.4,19.1,92.7,1,gradual
1138,23,85.2,19.4,92.5,1,gradual
1138,24,84.6,19.9,92.3,1,gradual
1139,1,56.0,13.4,97.7,1,early_warning
1139,2,57.5,13.5,97.7,1,early_warning
1139,3,60.4,14.5,97.3,1,early_warning
1139,4,67.6,15.8,95.9,1,early_warning
1139,5,75.9,17.8,93.8,1,early_warning
1139,6,79.8,19.0,92.8,1,early_warning
1139,7,76.1,18.2,93.7,1,early_warning
1139,8,68.9,16.2,95.8,1,early_warning
1139,9,64.8,14.5,97.1,1,early_warning
1139,10,61.3,14.5,97.6,1,early_warning
1139,11,61.1,13.8,97.8,1,early_warning
1139,12,62.1,13.6,97.9,1,early_warning
1139,13,60.5,13.4,97.8,1,early_warning
1139,14,60.1,13.6,98.0,1,early_warning
1139,15,60.4,14.0,97.9,1,early_warning
1139,16,60.8,13.9,97.9,1,early_warning
1139,17,61.2,14.2,97.6,1,early_warning
1139,18,61.2,14.3,97.6,1,early_warning
1139,19,63.0,14.5,97.3,1,early_warning
1139,20,64.5,14.9,97.3,1,early_warning
1139,21,64.7,14.8,97.3,1,early_warning
1139,22,66.2,15.0,96.9,1,early_warning
1139,23,66.7,15.4,96.7,1,early_warning
1139,24,66.7,15.5,96.6,1,early_warning
1140,1,80.4,16.3,98.7,1,early_warning
1140,2,79.6,15.9,98.5,1,early_warning
1140,3,80.5,16.1,98.4,1,early_warning
1140,4,79.9,15.9,98.3,1,early_warning
1140,5,82.2,16.8,98.0,1,early_warning
1140,6,87.4,18.0,96.5,1,early_warning
1140,7,96.4,20.5,94.7,1,early_warning
1140,8,100.5,21.4,93.7,1,early_warning
1140,9,96.2,20.3,94.6,1,early_warning
1140,10,88.5,17.8,96.5,1,early_warning
1140,11,81.0,16.5,97.9,1,early_warning
1140,12,80.1,15.9,98.4,1,early_warning
1140,13,79.6,15.8,98.6,1,early_warning
1140,14,79.3,15.9,98.6,1,early_warning
1140,15,81.0,15.9,98.8,1,early_warning
1140,16,80.1,15.8,98.8,1,early_warning
1140,17,80.8,16.3,98.5,1,early_warning
1140,18,82.1,16.5,98.3,1,early_warning
1140,19,81.9,17.2,98.1,1,early_warning
1140,20,83.3,17.4,98.1,1,early_warning
1140,21,83.2,17.7,98.0,1,early_warning
1140,22,83.0,17.8,97.9,1,early_warning
1140,23,84.4,18.2,97.7,1,early_warning
1140,24,86.0,18.4,97.7,1,early_warning
1141,1,87.7,16.7,99.0,1,early_warning
1141,2,89.1,16.6,99.2,1,early_warning
1141,3,87.9,16.2,99.0,1,early_warning
1141,4,89.0,16.4,98.7,1,early_warning
1141,5,91.3,16.8,98.0,1,early_warning
1141,6,96.0,18.7,96.8,1,early_warning
1141,7,102.9,20.8,94.8,1,early_warning
1141,8,106.3,21.9,93.8,1,early_warning
1141,9,101.9,21.0,95.1,1,early_warning
1141,10,94.6,18.2,96.9,1,early_warning
1141,11,90.1,16.7,98.4,1,early_warning
1141,12,87.9,15.9,98.8,1,early_warning
1141,13,87.0,15.7,98.9,1,early_warning
1141,14,86.8,15.6,98.9,1,early_warning
1141,15,86.9,16.0,99.0,1,early_warning
1141,16,88.4,15.7,98.7,1,early_warning
1141,17,88.4,16.0,98.6,1,early_warning
1141,18,89.7,16.7,98.5,1,early_warning
1141,19,89.9,16.9,98.5,1,early_warning
1141,20,90.2,17.2,98.4,1,early_warning
1141,21,90.1,17.4,98.1,1,early_warning
1141,22,89.8,17.9,98.1,1,early_warning
1141,23,90.6,18.1,98.1,1,early_warning
1141,24,89.9,18.4,97.8,1,early_warning
1142,1,75.5,18.4,97.2,1,gradual
1142,2,75.6,18.5,96.8,1,gradual
1142,3,76.9,18.9,96.8,1,gradual
1142,4,76.4,18.9,96.9,1,gradual
1142,5,77.5,19.3,96.5,1,gradual
1142,6,77.9,20.4,96.1,1,gradual
1142,7,78.1,20.5,95.9,1,gradual
1142,8,79.4,20.2,95.5,1,gradual
1142,9,78.1,20.2,95.1,1,gradual
1142,10,80.1,20.4,94.8,1,gradual
1142,11,80.3,21.0,94.7,1,gradual
1142,12,82.0,21.2,94.6,1,gradual
1142,13,82.8,22.2,94.4,1,gradual
1142,14,82.4,22.0,94.3,1,gradual
1142,15,83.0,22.5,94.1,1,gradual
1142,16,84.0,23.0,94.0,1,gradual
1142,17,86.7,22.7,93.8,1,gradual
1142,18,86.4,22.6,93.5,1,gradual
1142,19,87.6,23.1,93.3,1,gradual
1142,20,88.2,23.5,93.2,1,gradual
1142,21,87.6,23.6,93.0,1,gradual
1142,22,88.6,24.1,92.8,1,gradual
1142,23,88.2,24.0,92.4,1,gradual
1142,24,91.1,24.3,92.3,1,gradual
1143,1,82.2,16.5,98.0,1,early_warning
1143,2,89.9,18.6,96.6,1,early_warning
1143,3,96.2,21.1,94.7,1,early_warning
1143,4,101.5,22.3,93.7,1,early_warning
1143,5,98.1,21.2,94.7,1,early_warning
1143,6,90.3,19.2,96.6,1,early_warning
1143,7,85.3,17.4,98.2,1,early_warning
1143,8,82.3,16.8,98.8,1,early_warning
1143,9,81.8,16.3,98.8,1,early_warning
1143,10,83.4,16.1,98.9,1,early_warning
1143,11,83.3,16.4,98.8,1,early_warning
1143,12,82.5,16.4,98.8,1,early_warning
1143,13,82.0,16.4,99.0,1,early_warning
1143,14,82.1,15.4,98.7,1,early_warning
1143,15,82.8,15.5,98.6,1,early_warning
1143,16,83.4,15.4,98.9,1,early_warning
1143,17,83.7,16.0,98.5,1,early_warning
1143,18,83.3,16.5,98.2,1,early_warning
1143,19,84.0,17.0,98.1,1,early_warning
1143,20,83.9,17.5,98.0,1,early_warning
1143,21,85.0,17.6,97.9,1,early_warning
1143,22,85.1,18.1,97.8,1,early_warning
1143,23,84.9,18.2,97.7,1,early_warning
1143,24,85.6,18.7,97.6,1,early_warning
1144,1,81.3,12.3,100.0,1,gradual
1144,2,81.6,13.4,99.5,1,gradual
1144,3,82.5,14.0,99.4,1,gradual
1144,4,84.3,14.4,99.0,1,gradual
1144,5,84.0,14.7,98.7,1,gradual
1144,6,85.1,15.3,98.5,1,gradual
1144,7,85.9,15.2,98.2,1,gradual
1144,8,86.5,15.6,98.0,1,gradual
1144,9,87.4,15.6,97.8,1,gradual
1144,10,87.4,16.0,97.6,1,gradual
1144,11,86.9,16.4,97.5,1,gradual
1144,12,87.4,16.9,97.3,1,gradual
1144,13,88.6,17.0,97.2,1,gradual
1144,14,88.9,17.6,96.6,1,gradual
1144,15,89.9,18.0,96.4,1,gradual
1144,16,91.5,18.2,96.2,1,gradual
1144,17,92.9,17.9,95.7,1,gradual
1144,18,92.4,18.1,95.7,1,gradual
1144,19,93.3,18.6,95.6,1,gradual
1144,20,92.3,19.2,95.3,1,gradual
1144,21,93.0,19.5,95.2,1,gradual
1144,22,94.3,19.6,95.0,1,gradual
1144,23,95.1,20.2,94.7,1,gradual
1144,24,96.0,20.6,94.5,1,gradual
1145,1,73.1,15.1,98.1,1,gradual
1145,2,75.7,15.0,97.8,1,gradual
1145,3,76.6,15.7,97.6,1,gradual
1145,4,78.2,16.1,97.5,1,gradual
1145,5,77.9,16.5,97.1,1,gradual
1145,6,79.2,16.4,96.9,1,gradual
1145,7,80.8,16.7,96.6,1,gradual
1145,8,80.7,17.3,96.3,1,gradual
1145,9,82.1,17.2,96.1,1,gradual
1145,10,82.7,17.7,95.8,1,gradual
1145,11,83.7,17.5,95.6,1,gradual
1145,12,86.8,17.8,95.5,1,gradual
1145,13,86.1,18.5,95.2,1,gradual
1145,14,86.1,18.8,95.0,1,gradual
1145,15,86.4,18.7,94.7,1,gradual
1145,16,87.5,19.3,94.3,1,gradual
1145,17,89.4,19.0,94.3,1,gradual
1145,18,90.0,19.3,94.3,1,gradual
1145,19,91.3,20.0,94.1,1,gradual
1145,20,90.7,19.6,93.9,1,gradual
1145,21,91.3,20.6,93.4,1,gradual
1145,22,92.1,20.7,93.2,1,gradual
1145,23,93.3,20.7,93.0,1,gradual
1145,24,94.0,20.8,93.0,1,gradual
1146,1,73.4,17.7,97.6,1,gradual
1146,2,72.9,18.3,97.8,1,gradual
1146,3,71.9,18.6,97.7,1,gradual
1146,4,72.7,18.7,97.6,1,gradual
1146,5,73.6,18.6,97.6,1,gradual
1146,6,75.0,18.7,97.4,1,gradual
1146,7,74.7,18.8,97.3,1,gradual
1146,8,75.2,19.0,96.8,1,gradual
1146,9,75.2,19.5,96.5,1,gradual
1146,10,76.3,20.0,96.2,1,gradual
1146,11,78.7,20.1,96.1,1,gradual
1146,12,79.2,20.5,96.0,1,gradual
1146,13,80.6,20.5,95.8,1,gradual
1146,14,80.4,20.8,95.5,1,gradual
1146,15,81.0,21.0,95.3,1,gradual
1146,16,81.3,21.2,94.9,1,gradual
1146,17,83.0,21.1,94.6,1,gradual
1146,18,83.0,21.6,94.5,1,gradual
1146,19,83.0,21.9,94.4,1,gradual
1146,20,84.9,22.4,94.1,1,gradual
1146,21,85.5,22.6,94.1,1,gradual
1146,22,86.7,23.0,93.8,1,gradual
1146,23,87.1,23.1,93.6,1,gradual
1146,24,88.9,23.4,93.1,1,gradual
1147,1,83.4,14.0,96.9,1,early_warning
1147,2,83.9,13.8,96.9,1,early_warning
1147,3,85.3,13.9,96.9,1,early_warning
1147,4,85.7,14.1,96.3,1,early_warning
1147,5,91.4,15.9,94.7,1,early_warning
1147,6,99.6,18.3,92.6,1,early_warning
1147,7,103.3,19.4,91.8,1,early_warning
1147,8,97.9,17.6,93.0,1,early_warning
1147,9,89.5,15.8,94.7,1,early_warning
1147,10,85.4,14.1,96.3,1,early_warning
1147,11,84.0,13.3,96.7,1,early_warning
1147,12,84.2,13.1,96.7,1,early_warning
1147,13,83.0,12.9,97.1,1,early_warning
1147,14,83.4,12.9,97.0,1,early_warning
1147,15,83.3,13.2,97.0,1,early_warning
1147,16,82.9,13.2,96.9,1,early_warning
1147,17,82.7,13.7,96.8,1,early_warning
1147,18,82.7,14.1,96.6,1,early_warning
1147,19,83.8,14.5,96.5,1,early_warning
1147,20,83.5,14.7,96.3,1,early_warning
1147,21,84.8,15.1,96.0,1,early_warning
1147,22,85.4,15.4,96.2,1,early_warning
1147,23,85.9,15.3,95.8,1,early_warning
1147,24,86.7,15.7,95.7,1,early_warning
1148,1,73.6,19.1,98.9,1,early_warning
1148,2,73.5,18.9,98.8,1,early_warning
1148,3,73.3,18.9,98.5,1,early_warning
1148,4,75.8,19.5,98.0,1,early_warning
1148,5,81.2,21.5,96.8,1,early_warning
1148,6,87.3,23.6,94.8,1,early_warning
1148,7,92.0,25.0,94.0,1,early_warning
1148,8,87.6,23.8,94.9,1,early_warning
1148,9,80.0,21.2,96.9,1,early_warning
1148,10,73.2,19.6,98.5,1,early_warning
1148,11,70.8,18.9,99.0,1,early_warning
1148,12,70.9,18.7,99.2,1,early_warning
1148,13,70.4,18.5,98.9,1,early_warning
1148,14,70.3,18.8,98.9,1,early_warning
1148,15,71.3,18.4,99.0,1,early_warning
1148,16,71.9,18.6,98.9,1,early_warning
1148,17,71.6,18.7,99.0,1,early_warning
1148,18,73.2,19.5,98.7,1,early_warning
1148,19,71.9,19.7,98.5,1,early_warning
1148,20,71.9,20.1,98.6,1,early_warning
1148,21,74.2,20.2,98.4,1,early_warning
1148,22,76.6,20.4,98.1,1,early_warning
1148,23,77.0,20.7,98.1,1,early_warning
1148,24,76.4,21.1,97.8,1,early_warning
1149,1,77.9,16.5,97.4,1,gradual
1149,2,78.4,16.2,97.3,1,gradual
1149,3,80.1,16.4,97.4,1,gradual
1149,4,80.3,17.0,97.0,1,gradual
1149,5,80.2,17.0,96.6,1,gradual
1149,6,81.0,17.4,96.6,1,gradual
1149,7,81.7,17.4,96.3,1,gradual
1149,8,83.3,17.6,96.1,1,gradual
1149,9,83.1,18.0,95.8,1,gradual
1149,10,82.8,17.6,95.7,1,gradual
1149,11,82.2,17.8,95.4,1,gradual
1149,12,82.7,18.6,95.4,1,gradual
1149,13,84.5,19.0,94.9,1,gradual
1149,14,87.0,19.3,94.8,1,gradual
1149,15,87.8,19.0,94.6,1,gradual
1149,16,86.7,19.9,94.5,1,gradual
1149,17,89.9,20.0,94.3,1,gradual
1149,18,90.5,20.9,94.0,1,gradual
1149,19,91.3,20.6,93.6,1,gradual
1149,20,90.7,21.0,93.3,1,gradual
1149,21,92.7,21.9,93.1,1,gradual
1149,22,92.2,21.8,92.7,1,gradual
1149,23,92.1,21.9,92.8,1,gradual
1149,24,94.1,22.2,92.6,1,gradual
1150,1,87.6,20.9,96.3,1,early_warning
1150,2,92.9,22.8,95.2,1,early_warning
1150,3,101.0,24.9,93.1,1,early_warning
1150,4,104.7,26.3,92.0,1,early_warning
1150,5,100.0,24.9,92.9,1,early_warning
1150,6,92.8,22.8,94.8,1,early_warning
1150,7,87.8,21.1,96.4,1,early_warning
1150,8,86.1,20.6,96.8,1,early_warning
1150,9,84.6,20.6,96.9,1,early_warning
1150,10,84.9,21.6,96.8,1,early_warning
1150,11,85.0,20.8,97.0,1,early_warning
1150,12,85.2,20.5,96.9,1,early_warning
1150,13,85.9,20.6,96.9,1,early_warning
1150,14,85.9,20.4,96.9,1,early_warning
1150,15,85.2,20.4,96.9,1,early_warning
1150,16,84.8,19.8,97.1,1,early_warning
1150,17,85.3,19.9,96.9,1,early_warning
1150,18,84.7,20.5,96.5,1,early_warning
1150,19,86.1,21.3,96.3,1,early_warning
1150,20,86.2,21.4,96.1,1,early_warning
1150,21,87.8,21.5,96.1,1,early_warning
1150,22,89.0,22.1,95.8,1,early_warning
1150,23,89.8,22.0,95.7,1,early_warning
1150,24,89.5,22.4,95.7,1,early_warning
1151,1,83.4,14.6,99.0,1,gradual
1151,2,83.4,15.0,98.8,1,gradual
1151,3,84.2,16.0,98.4,1,gradual
1151,4,85.6,16.6,98.1,1,gradual
1151,5,86.6,16.7,97.7,1,gradual
1151,6,86.0,16.7,97.4,1,gradual
1151,7,86.7,17.2,97.2,1,gradual
1151,8,86.6,17.2,96.9,1,gradual
1151,9,86.4,17.2,96.7,1,gradual
1151,10,86.5,17.7,96.7,1,gradual
1151,11,87.7,18.5,96.5,1,gradual
1151,12,88.9,18.9,96.0,1,gradual
1151,13,88.6,19.2,96.1,1,gradual
1151,14,91.4,19.5,95.9,1,gradual
1151,15,91.4,19.8,95.5,1,gradual
1151,16,92.2,19.9,95.4,1,gradual
1151,17,92.8,19.9,95.1,1,gradual
1151,18,93.3,20.4,95.0,1,gradual
1151,19,94.6,20.4,94.6,1,gradual
1151,20,94.5,20.6,94.5,1,gradual
1151,21,94.8,20.8,94.4,1,gradual
1151,22,94.3,20.4,94.2,1,gradual
1151,23,95.5,20.7,93.9,1,gradual
1151,24,97.7,21.4,93.8,1,gradual
1152,1,86.9,16.9,98.1,1,early_warning
1152,2,86.4,16.8,98.0,1,early_warning
1152,3,86.8,17.3,97.7,1,early_warning
1152,4,84.8,17.4,97.6,1,early_warning
1152,5,87.7,18.1,97.2,1,early_warning
1152,6,93.2,19.6,95.7,1,early_warning
1152,7,98.9,22.1,93.8,1,early_warning
1152,8,102.8,23.4,92.9,1,early_warning
1152,9,100.1,22.3,93.8,1,early_warning
1152,10,92.5,20.2,95.5,1,early_warning
1152,11,87.2,17.8,97.0,1,early_warning
1152,12,86.2,17.4,97.4,1,early_warning
1152,13,86.3,16.8,97.5,1,early_warning
1152,14,87.2,16.6,97.5,1,early_warning
1152,15,86.9,16.7,97.5,1,early_warning
1152,16,87.2,16.4,97.6,1,early_warning
1152,17,87.5,16.7,97.7,1,early_warning
1152,18,87.1,17.6,97.4,1,early_warning
1152,19,89.0,17.8,97.3,1,early_warning
1152,20,90.6,18.4,97.1,1,early_warning
1152,21,90.9,18.6,97.0,1,early_warning
1152,22,91.3,19.0,96.9,1,early_warning
1152,23,92.1,19.0,97.0,1,early_warning
1152,24,91.6,19.0,96.6,1,early_warning
1153,1,80.2,15.3,97.4,1,early_warning
1153,2,82.4,16.2,96.8,1,early_warning
1153,3,87.9,17.8,95.3,1,early_warning
1153,4,97.0,20.0,93.5,1,early_warning
1153,5,102.6,21.3,92.4,1,early_warning
1153,6,98.8,20.2,93.3,1,early_warning
1153,7,89.9,18.9,95.0,1,early_warning
1153,8,85.5,16.9,96.6,1,early_warning
1153,9,81.6,16.1,97.3,1,early_warning
1153,10,82.2,15.9,97.3,1,early_warning
1153,11,81.8,15.9,97.4,1,early_warning
1153,12,80.6,16.0,97.4,1,early_warning
1153,13,81.7,15.9,97.4,1,early_warning
1153,14,81.5,16.4,97.5,1,early_warning
1153,15,82.0,16.2,97.3,1,early_warning
1153,16,82.1,15.8,97.5,1,early_warning
1153,17,82.7,16.3,97.4,1,early_warning
1153,18,83.0,16.5,97.1,1,early_warning
1153,19,83.9,16.7,96.9,1,early_warning
1153,20,83.7,16.8,96.6,1,early_warning
1153,21,84.8,16.8,96.6,1,early_warning
1153,22,83.9,17.0,96.4,1,early_warning
1153,23,85.5,17.0,96.2,1,early_warning
1153,24,88.6,17.5,96.2,1,early_warning
1154,1,72.5,19.5,98.2,1,gradual
1154,2,75.7,19.3,98.1,1,gradual
1154,3,76.6,20.0,97.9,1,gradual
1154,4,75.6,19.9,97.7,1,gradual
1154,5,75.9,19.8,97.3,1,gradual
1154,6,76.1,20.0,97.3,1,gradual
1154,7,77.2,20.6,97.1,1,gradual
1154,8,77.2,20.8,96.9,1,gradual
1154,9,79.6,21.4,96.7,1,gradual
1154,10,80.7,21.3,96.1,1,gradual
1154,11,80.7,21.5,95.7,1,gradual
1154,12,81.8,21.2,95.7,1,gradual
1154,13,82.3,21.6,95.7,1,gradual
1154,14,83.1,22.1,95.5,1,gradual
1154,15,84.4,22.3,95.2,1,gradual
1154,16,84.7,22.7,95.1,1,gradual
1154,17,84.3,23.6,94.8,1,gradual
1154,18,85.9,23.7,94.5,1,gradual
1154,19,86.3,23.7,94.5,1,gradual
1154,20,86.7,23.8,94.0,1,gradual
1154,21,87.3,24.2,93.9,1,gradual
1154,22,89.3,24.2,93.8,1,gradual
1154,23,90.0,24.5,93.6,1,gradual
1154,24,91.3,24.9,93.5,1,gradual
1155,1,77.7,15.9,98.5,1,early_warning
1155,2,80.1,16.8,97.9,1,early_warning
1155,3,83.9,18.4,96.3,1,early_warning
1155,4,92.6,20.6,94.3,1,early_warning
1155,5,95.7,21.7,93.1,1,early_warning
1155,6,89.6,20.6,94.0,1,early_warning
1155,7,81.4,18.1,95.9,1,early_warning
1155,8,75.5,16.6,97.2,1,early_warning
1155,9,75.6,16.4,98.0,1,early_warning
1155,10,75.1,16.3,98.3,1,early_warning
1155,11,75.3,16.0,98.3,1,early_warning
1155,12,75.8,15.7,98.3,1,early_warning
1155,13,75.7,15.2,98.5,1,early_warning
1155,14,75.6,15.8,98.4,1,early_warning
1155,15,75.6,15.9,98.5,1,early_warning
1155,16,75.9,16.2,98.3,1,early_warning
1155,17,78.3,16.7,98.0,1,early_warning
1155,18,77.9,17.0,97.9,1,early_warning
1155,19,77.0,17.0,97.6,1,early_warning
1155,20,78.7,17.1,97.6,1,early_warning
1155,21,77.5,17.2,97.7,1,early_warning
1155,22,79.0,17.3,97.3,1,early_warning
1155,23,79.2,17.6,97.0,1,early_warning
1155,24,79.1,17.7,97.0,1,early_warning
1156,1,82.7,16.2,97.8,1,early_warning
1156,2,80.9,16.4,97.7,1,early_warning
1156,3,80.3,16.7,97.8,1,early_warning
1156,4,81.5,16.9,97.8,1,early_warning
1156,5,84.6,16.9,97.3,1,early_warning
1156,6,90.0,18.7,95.9,1,early_warning
1156,7,96.9,20.8,93.9,1,early_warning
1156,8,100.7,22.1,93.0,1,early_warning
1156,9,96.5,21.2,94.0,1,early_warning
1156,10,89.8,18.8,96.4,1,early_warning
1156,11,82.4,17.2,97.5,1,early_warning
1156,12,80.8,16.8,97.9,1,early_warning
1156,13,80.5,16.8,98.0,1,early_warning
1156,14,80.5,17.0,97.8,1,early_warning
1156,15,82.1,16.5,97.9,1,early_warning
1156,16,80.2,16.7,97.9,1,early_warning
1156,17,80.9,16.8,97.9,1,early_warning
1156,18,81.1,16.7,97.8,1,early_warning
1156,19,81.5,16.6,97.4,1,early_warning
1156,20,82.6,17.1,97.3,1,early_warning
1156,21,84.5,17.2,97.1,1,early_warning
1156,22,85.5,17.4,97.2,1,early_warning
1156,23,85.0,17.5,97.1,1,early_warning
1156,24,85.3,17.8,96.5,1,early_warning
1157,1,84.2,18.5,97.4,1,gradual
1157,2,82.5,18.7,97.1,1,gradual
1157,3,83.6,18.4,96.8,1,gradual
1157,4,82.7,18.0,96.4,1,gradual
1157,5,84.7,18.4,96.3,1,gradual
1157,6,85.2,19.5,95.9,1,gradual
1157,7,84.3,19.5,95.7,1,gradual
1157,8,85.1,19.7,95.6,1,gradual
1157,9,86.6,19.8,95.5,1,gradual
1157,10,87.3,19.7,95.4,1,gradual
1157,11,87.1,20.0,95.1,1,gradual
1157,12,89.2,20.4,95.0,1,gradual
1157,13,91.0,20.6,94.6,1,gradual
1157,14,90.0,20.8,94.2,1,gradual
1157,15,90.4,20.8,94.3,1,gradual
1157,16,90.2,21.3,94.1,1,gradual
1157,17,91.1,21.6,93.8,1,gradual
1157,18,92.2,21.4,93.4,1,gradual
1157,19,91.9,21.9,93.2,1,gradual
1157,20,92.6,22.5,93.1,1,gradual
1157,21,93.0,22.6,92.8,1,gradual
1157,22,94.6,22.9,92.5,1,gradual
1157,23,94.5,22.9,92.2,1,gradual
1157,24,94.8,23.1,91.9,1,gradual
1158,1,70.8,19.2,97.1,1,gradual
1158,2,72.0,18.8,96.9,1,gradual
1158,3,74.0,18.8,96.9,1,gradual
1158,4,73.5,18.7,96.6,1,gradual
1158,5,74.7,18.9,96.2,1,gradual
1158,6,73.5,19.7,96.0,1,gradual
1158,7,75.2,20.1,96.0,1,gradual
1158,8,76.5,20.1,95.7,1,gradual
1158,9,77.8,20.4,95.4,1,gradual
1158,10,79.2,20.7,95.2,1,gradual
1158,11,79.7,21.0,95.0,1,gradual
1158,12,80.3,21.1,94.9,1,gradual
1158,13,82.8,21.1,94.6,1,gradual
1158,14,82.2,21.1,94.1,1,gradual
1158,15,82.6,21.6,94.0,1,gradual
1158,16,83.2,21.9,93.7,1,gradual
1158,17,85.6,22.1,93.6,1,gradual
1158,18,85.5,22.4,93.4,1,gradual
1158,19,86.2,22.7,93.2,1,gradual
1158,20,86.4,23.2,93.0,1,gradual
1158,21,86.7,23.7,92.7,1,gradual
1158,22,86.3,23.7,92.5,1,gradual
1158,23,87.7,24.4,92.1,1,gradual
1158,24,89.1,24.4,91.7,1,gradual
1159,1,79.7,16.3,96.7,1,gradual
1159,2,80.1,16.8,96.8,1,gradual
1159,3,81.3,17.1,96.5,1,gradual
1159,4,81.1,17.3,96.2,1,gradual
1159,5,82.0,17.2,96.2,1,gradual
1159,6,82.5,17.3,96.0,1,gradual
1159,7,83.9,17.6,95.8,1,gradual
1159,8,85.5,17.9,95.8,1,gradual
1159,9,85.8,18.3,95.6,1,gradual
1159,10,85.0,18.7,95.0,1,gradual
1159,11,86.8,18.7,94.7,1,gradual
1159,12,87.0,18.5,94.7,1,gradual
1159,13,87.4,18.7,94.4,1,gradual
1159,14,87.7,18.9,94.5,1,gradual
1159,15,89.9,18.9,94.3,1,gradual
1159,16,91.8,19.3,93.8,1,gradual
1159,17,92.0,19.3,93.8,1,gradual
1159,18,91.6,20.2,93.6,1,gradual
1159,19,93.4,20.2,93.3,1,gradual
1159,20,95.4,20.3,93.2,1,gradual
1159,21,95.6,21.2,92.9,1,gradual
1159,22,95.8,21.2,92.6,1,gradual
1159,23,95.1,21.5,92.5,1,gradual
1159,24,95.4,21.8,92.4,1,gradual
1160,1,77.5,14.2,98.1,1,gradual
1160,2,79.3,14.9,97.7,1,gradual
1160,3,80.0,15.5,97.6,1,gradual
1160,4,79.0,15.6,97.1,1,gradual
1160,5,79.4,15.8,96.8,1,gradual
1160,6,79.6,16.3,96.7,1,gradual
1160,7,79.3,16.4,96.5,1,gradual
1160,8,79.0,16.9,96.4,1,gradual
1160,9,80.2,17.0,96.3,1,gradual
1160,10,83.3,17.1,95.8,1,gradual
1160,11,83.2,16.9,95.6,1,gradual
1160,12,83.7,17.3,95.5,1,gradual
1160,13,84.9,17.7,95.3,1,gradual
1160,14,86.6,17.6,95.0,1,gradual
1160,15,86.5,18.0,94.7,1,gradual
1160,16,86.8,18.4,94.7,1,gradual
1160,17,88.2,19.2,94.5,1,gradual
1160,18,88.3,19.7,94.2,1,gradual
1160,19,88.9,19.8,94.0,1,gradual
1160,20,88.5,19.6,93.9,1,gradual
1160,21,88.6,20.2,93.6,1,gradual
1160,22,89.8,20.5,93.3,1,gradual
1160,23,89.8,20.5,93.1,1,gradual
1160,24,92.1,20.7,92.9,1,gradual
1161,1,84.2,18.3,96.9,1,gradual
1161,2,83.8,18.6,96.7,1,gradual
1161,3,83.6,18.3,96.7,1,gradual
1161,4,83.7,18.3,96.5,1,gradual
1161,5,84.5,18.4,96.1,1,gradual
1161,6,84.5,18.8,95.6,1,gradual
1161,7,85.2,18.8,95.6,1,gradual
1161,8,86.5,18.7,95.2,1,gradual
1161,9,86.5,19.6,95.1,1,gradual
1161,10,88.0,19.8,94.9,1,gradual
1161,11,87.9,20.5,94.9,1,gradual
1161,12,89.4,20.1,94.8,1,gradual
1161,13,89.3,20.7,94.8,1,gradual
1161,14,89.3,20.6,94.2,1,gradual
1161,15,90.6,20.7,93.9,1,gradual
1161,16,89.9,21.2,93.8,1,gradual
1161,17,90.3,20.6,93.5,1,gradual
1161,18,90.3,21.0,93.1,1,gradual
1161,19,92.8,21.6,93.2,1,gradual
1161,20,91.8,21.8,92.9,1,gradual
1161,21,92.8,22.5,92.4,1,gradual
1161,22,94.6,22.7,92.3,1,gradual
1161,23,94.9,22.9,92.2,1,gradual
1161,24,95.5,23.0,92.1,1,gradual
1162,1,72.8,14.9,98.3,1,early_warning
1162,2,71.9,14.2,98.5,1,early_warning
1162,3,72.2,14.2,98.5,1,early_warning
1162,4,71.5,14.1,98.7,1,early_warning
1162,5,72.8,15.2,98.0,1,early_warning
1162,6,77.8,17.1,96.9,1,early_warning
1162,7,85.7,19.5,95.0,1,early_warning
1162,8,90.2,20.5,93.9,1,early_warning
1162,9,87.0,19.6,94.7,1,early_warning
1162,10,79.5,17.0,96.8,1,early_warning
1162,11,72.7,15.5,98.3,1,early_warning
1162,12,71.6,14.6,98.8,1,early_warning
1162,13,70.9,14.6,98.9,1,early_warning
1162,14,71.2,14.1,98.8,1,early_warning
1162,15,71.4,14.4,98.6,1,early_warning
1162,16,71.2,14.0,98.7,1,early_warning
1162,17,71.8,14.3,98.8,1,early_warning
1162,18,72.1,14.4,98.5,1,early_warning
1162,19,72.5,14.8,98.4,1,early_warning
1162,20,73.3,15.8,98.2,1,early_warning
1162,21,73.5,15.9,98.2,1,early_warning
1162,22,74.9,16.2,98.1,1,early_warning
1162,23,75.9,16.7,98.0,1,early_warning
1162,24,76.5,16.7,97.9,1,early_warning
1163,1,79.0,17.7,97.4,1,early_warning
1163,2,82.5,20.0,95.6,1,early_warning
1163,3,88.6,22.1,93.6,1,early_warning
1163,4,91.7,23.1,92.3,1,early_warning
1163,5,88.6,22.1,93.1,1,early_warning
1163,6,78.5,19.7,95.2,1,early_warning
1163,7,73.9,18.5,96.6,1,early_warning
1163,8,73.4,17.5,97.1,1,early_warning
1163,9,71.8,17.2,97.1,1,early_warning
1163,10,71.1,17.0,97.2,1,early_warning
1163,11,72.4,16.7,97.2,1,early_warning
1163,12,73.6,16.8,97.5,1,early_warning
1163,13,73.3,17.1,97.4,1,early_warning
1163,14,72.4,17.1,97.3,1,early_warning
1163,15,72.6,16.8,97.2,1,early_warning
1163,16,73.1,17.2,97.3,1,early_warning
1163,17,74.9,17.1,97.2,1,early_warning
1163,18,76.3,17.3,96.8,1,early_warning
1163,19,76.5,17.5,96.8,1,early_warning
1163,20,76.4,18.0,96.5,1,early_warning
1163,21,75.2,18.7,96.3,1,early_warning
1163,22,73.2,18.8,96.2,1,early_warning
1163,23,74.3,18.6,96.0,1,early_warning
1163,24,75.7,18.6,95.9,1,early_warning
1164,1,80.1,17.2,98.2,1,gradual
1164,2,81.4,17.5,98.0,1,gradual
1164,3,83.4,18.1,97.4,1,gradual
1164,4,85.7,17.9,97.2,1,gradual
1164,5,87.1,18.1,96.9,1,gradual
1164,6,86.4,18.6,96.7,1,gradual
1164,7,88.2,19.3,96.6,1,gradual
1164,8,89.0,18.9,96.4,1,gradual
1164,9,89.0,19.2,96.0,1,gradual
1164,10,89.6,19.3,96.0,1,gradual
1164,11,90.5,19.7,95.8,1,gradual
1164,12,92.6,20.0,95.8,1,gradual
1164,13,93.9,20.7,95.4,1,gradual
1164,14,94.1,20.2,95.0,1,gradual
1164,15,94.5,20.8,95.0,1,gradual
1164,16,94.7,21.4,94.6,1,gradual
1164,17,94.7,21.5,94.5,1,gradual
1164,18,96.3,21.4,94.3,1,gradual
1164,19,96.6,21.8,94.0,1,gradual
1164,20,96.6,22.5,93.8,1,gradual
1164,21,97.1,22.6,93.2,1,gradual
1164,22,98.4,22.9,93.2,1,gradual
1164,23,100.0,23.4,92.8,1,gradual
1164,24,100.1,24.0,92.8,1,gradual
1165,1,79.2,16.3,97.1,1,early_warning
1165,2,85.6,17.7,95.8,1,early_warning
1165,3,93.7,19.8,93.8,1,early_warning
1165,4,95.7,21.5,93.0,1,early_warning
1165,5,91.6,19.8,93.9,1,early_warning
1165,6,84.6,17.6,96.0,1,early_warning
1165,7,79.1,15.9,97.2,1,early_warning
1165,8,76.4,15.7,97.8,1,early_warning
1165,9,76.1,15.6,98.0,1,early_warning
1165,10,77.8,15.7,98.0,1,early_warning
1165,11,78.3,15.5,97.9,1,early_warning
1165,12,77.3,15.1,97.8,1,early_warning
1165,13,77.7,15.1,97.8,1,early_warning
1165,14,76.7,15.0,97.9,1,early_warning
1165,15,76.9,15.1,97.9,1,early_warning
1165,16,76.0,15.3,97.7,1,early_warning
1165,17,76.2,15.6,97.6,1,early_warning
1165,18,75.9,15.8,97.6,1,early_warning
1165,19,77.6,16.2,97.5,1,early_warning
1165,20,78.4,16.0,97.2,1,early_warning
1165,21,78.5,16.3,97.1,1,early_warning
1165,22,79.7,16.7,96.9,1,early_warning
1165,23,80.3,17.2,96.7,1,early_warning
1165,24,82.5,17.5,96.5,1,early_warning
1166,1,78.1,19.5,97.3,1,early_warning
1166,2,78.2,19.3,97.0,1,early_warning
1166,3,80.3,19.8,96.2,1,early_warning
1166,4,85.9,21.5,94.9,1,early_warning
1166,5,94.0,23.7,93.1,1,early_warning
1166,6,98.2,24.5,92.3,1,early_warning
1166,7,94.1,23.1,93.1,1,early_warning
1166,8,86.0,20.8,94.8,1,early_warning
1166,9,80.3,19.3,96.3,1,early_warning
1166,10,78.9,18.5,96.8,1,early_warning
1166,11,78.5,18.4,97.1,1,early_warning
1166,12,79.2,18.4,97.1,1,early_warning
1166,13,78.7,18.5,97.0,1,early_warning
1166,14,77.5,18.4,97.1,1,early_warning
1166,15,77.4,18.2,97.0,1,early_warning
1166,16,78.5,18.4,97.0,1,early_warning
1166,17,78.5,18.7,97.1,1,early_warning
1166,18,78.6,18.5,96.8,1,early_warning
1166,19,79.6,19.2,96.7,1,early_warning
1166,20,81.0,19.5,96.4,1,early_warning
1166,21,81.8,19.3,96.2,1,early_warning
1166,22,83.1,19.8,96.3,1,early_warning
1166,23,84.0,19.8,96.1,1,early_warning
1166,24,83.7,20.4,96.0,1,early_warning
1167,1,87.5,17.3,97.0,1,early_warning
1167,2,94.8,19.1,95.5,1,early_warning
1167,3,102.1,21.5,93.5,1,early_warning
1167,4,107.2,23.0,92.4,1,early_warning
1167,5,103.3,21.6,93.6,1,early_warning
1167,6,94.9,18.8,95.4,1,early_warning
1167,7,89.3,17.0,96.9,1,early_warning
1167,8,86.5,16.1,97.4,1,early_warning
1167,9,86.5,15.8,97.6,1,early_warning
1167,10,86.5,15.6,97.6,1,early_warning
1167,11,86.8,15.7,97.9,1,early_warning
1167,12,86.3,16.0,97.6,1,early_warning
1167,13,86.0,16.0,97.6,1,early_warning
1167,14,83.9,16.0,97.7,1,early_warning
1167,15,85.2,16.1,97.9,1,early_warning
1167,16,85.2,16.0,97.6,1,early_warning
1167,17,86.3,16.6,97.5,1,early_warning
1167,18,88.4,16.7,97.3,1,early_warning
1167,19,88.1,16.8,97.3,1,early_warning
1167,20,89.1,17.2,97.2,1,early_warning
1167,21,89.9,17.8,96.9,1,early_warning
1167,22,90.5,18.0,96.8,1,early_warning
1167,23,92.9,17.9,96.5,1,early_warning
1167,24,92.7,18.0,96.5,1,early_warning
1168,1,85.7,17.7,98.0,1,gradual
1168,2,86.7,17.9,97.8,1,gradual
1168,3,87.0,18.0,97.7,1,gradual
1168,4,87.5,18.6,97.5,1,gradual
1168,5,87.9,19.0,97.1,1,gradual
1168,6,89.2,18.9,96.8,1,gradual
1168,7,90.2,19.2,96.8,1,gradual
1168,8,89.7,19.9,96.6,1,gradual
1168,9,90.5,20.4,96.3,1,gradual
1168,10,91.8,20.4,95.9,1,gradual
1168,11,92.1,20.6,95.7,1,gradual
1168,12,92.0,20.9,95.5,1,gradual
1168,13,93.4,21.3,95.4,1,gradual
1168,14,94.1,21.3,95.4,1,gradual
1168,15,94.6,21.4,95.0,1,gradual
1168,16,95.4,21.4,94.7,1,gradual
1168,17,95.9,21.6,94.6,1,gradual
1168,18,97.4,21.7,94.3,1,gradual
1168,19,97.9,22.1,94.2,1,gradual
1168,20,99.0,22.5,94.0,1,gradual
1168,21,98.8,22.4,93.6,1,gradual
1168,22,98.6,23.2,93.3,1,gradual
1168,23,99.6,23.4,93.4,1,gradual
1168,24,100.8,23.9,93.2,1,gradual
1169,1,77.2,16.9,98.2,1,gradual
1169,2,79.3,17.2,97.9,1,gradual
1169,3,80.5,17.2,97.8,1,gradual
1169,4,79.5,17.3,97.6,1,gradual
1169,5,80.4,17.5,97.2,1,gradual
1169,6,84.2,17.8,96.9,1,gradual
1169,7,83.7,18.1,96.8,1,gradual
1169,8,84.7,18.4,96.8,1,gradual
1169,9,86.3,18.8,96.4,1,gradual
1169,10,86.2,19.2,96.1,1,gradual
1169,11,86.7,20.0,96.0,1,gradual
1169,12,88.6,20.0,95.8,1,gradual
1169,13,89.4,19.9,95.6,1,gradual
1169,14,89.0,20.7,95.2,1,gradual
1169,15,88.7,20.4,95.1,1,gradual
1169,16,90.0,20.7,94.7,1,gradual
1169,17,89.6,20.8,94.5,1,gradual
1169,18,89.7,21.6,94.5,1,gradual
1169,19,91.2,21.7,94.3,1,gradual
1169,20,91.7,21.6,93.9,1,gradual
1169,21,92.3,22.7,93.8,1,gradual
1169,22,94.3,22.6,93.6,1,gradual
1169,23,94.8,22.5,93.2,1,gradual
1169,24,94.8,22.7,93.2,1,gradual
1170,1,78.5,15.7,97.3,1,early_warning
1170,2,78.8,16.2,97.2,1,early_warning
1170,3,80.1,16.4,96.9,1,early_warning
1170,4,82.5,16.9,96.2,1,early_warning
1170,5,88.2,18.7,94.9,1,early_warning
1170,6,95.6,21.4,93.1,1,early_warning
1170,7,99.6,22.3,92.5,1,early_warning
1170,8,95.9,21.1,93.2,1,early_warning
1170,9,86.2,19.0,95.1,1,early_warning
1170,10,81.8,17.3,96.6,1,early_warning
1170,11,79.5,16.3,97.2,1,early_warning
1170,12,78.4,16.2,97.2,1,early_warning
1170,13,79.5,16.3,97.3,1,early_warning
1170,14,78.1,16.4,97.4,1,early_warning
1170,15,78.9,16.4,97.3,1,early_warning
1170,16,79.2,16.7,97.1,1,early_warning
1170,17,79.7,16.7,97.1,1,early_warning
1170,18,81.5,16.7,96.9,1,early_warning
1170,19,83.0,16.8,96.6,1,early_warning
1170,20,83.3,17.2,96.6,1,early_warning
1170,21,84.0,17.2,96.6,1,early_warning
1170,22,84.6,17.6,96.4,1,early_warning
1170,23,85.3,17.6,96.3,1,early_warning
1170,24,85.7,17.5,96.2,1,early_warning
1171,1,74.1,15.3,96.5,1,early_warning
1171,2,74.0,14.4,96.5,1,early_warning
1171,3,74.8,14.6,96.4,1,early_warning
1171,4,78.6,15.0,96.3,1,early_warning
1171,5,84.2,16.8,94.8,1,early_warning
1171,6,90.6,19.4,92.6,1,early_warning
1171,7,94.2,20.6,91.6,1,early_warning
1171,8,90.0,19.1,92.6,1,early_warning
1171,9,81.9,16.8,94.8,1,early_warning
1171,10,78.3,15.4,96.2,1,early_warning
1171,11,75.6,14.9,96.6,1,early_warning
1171,12,74.7,14.8,96.5,1,early_warning
1171,13,75.5,15.0,96.5,1,early_warning
1171,14,75.5,15.0,96.6,1,early_warning
1171,15,75.4,14.6,96.6,1,early_warning
1171,16,74.5,14.6,96.5,1,early_warning
1171,17,75.4,14.8,96.4,1,early_warning
1171,18,74.5,14.9,96.3,1,early_warning
1171,19,75.9,15.1,96.2,1,early_warning
1171,20,76.8,15.3,95.8,1,early_warning
1171,21,77.2,15.6,95.8,1,early_warning
1171,22,78.2,16.0,95.7,1,early_warning
1171,23,80.0,16.5,95.4,1,early_warning
1171,24,79.6,17.2,95.3,1,early_warning
1172,1,79.5,16.3,98.4,1,early_warning
1172,2,81.3,16.5,97.8,1,early_warning
1172,3,87.6,17.6,96.1,1,early_warning
1172,4,95.2,19.8,94.3,1,early_warning
1172,5,99.9,21.3,93.4,1,early_warning
1172,6,94.5,19.7,94.2,1,early_warning
1172,7,86.9,17.5,96.1,1,early_warning
1172,8,82.2,16.2,97.6,1,early_warning
1172,9,79.2,15.3,97.8,1,early_warning
1172,10,79.4,15.0,98.3,1,early_warning
1172,11,81.3,14.8,98.4,1,early_warning
1172,12,81.1,15.2,98.2,1,early_warning
1172,13,80.2,15.0,98.0,1,early_warning
1172,14,77.8,15.1,98.2,1,early_warning
1172,15,78.7,14.9,98.0,1,early_warning
1172,16,79.1,15.1,98.0,1,early_warning
1172,17,79.7,15.6,97.9,1,early_warning
1172,18,79.7,15.6,97.7,1,early_warning
1172,19,79.8,15.3,97.7,1,early_warning
1172,20,81.0,15.7,97.5,1,early_warning
1172,21,81.8,16.0,97.5,1,early_warning
1172,22,80.8,16.6,97.5,1,early_warning
1172,23,80.4,17.1,97.2,1,early_warning
1172,24,82.8,17.1,97.2,1,early_warning
1173,1,77.7,13.5,97.0,1,early_warning
1173,2,79.7,14.8,96.4,1,early_warning
1173,3,87.1,16.8,95.2,1,early_warning
1173,4,93.3,18.9,92.9,1,early_warning
1173,5,97.5,20.4,92.2,1,early_warning
1173,6,93.7,18.9,92.9,1,early_warning
1173,7,84.4,17.0,94.8,1,early_warning
1173,8,78.8,15.9,96.3,1,early_warning
1173,9,76.0,15.3,96.7,1,early_warning
1173,10,75.9,15.0,96.9,1,early_warning
1173,11,75.1,15.0,96.9,1,early_warning
1173,12,74.6,15.2,96.7,1,early_warning
1173,13,74.6,15.1,96.8,1,early_warning
1173,14,74.4,15.1,96.8,1,early_warning
1173,15,74.0,14.8,96.8,1,early_warning
1173,16,74.4,15.1,96.6,1,early_warning
1173,17,75.4,15.2,96.5,1,early_warning
1173,18,77.4,15.4,96.3,1,early_warning
1173,19,79.5,15.6,96.4,1,early_warning
1173,20,79.5,16.0,96.4,1,early_warning
1173,21,80.2,16.6,96.1,1,early_warning
1173,22,81.2,16.7,95.9,1,early_warning
1173,23,82.3,16.6,95.5,1,early_warning
1173,24,83.2,17.3,95.8,1,early_warning
1174,1,75.5,18.3,97.5,1,gradual
1174,2,75.1,18.6,97.2,1,gradual
1174,3,76.8,18.7,97.1,1,gradual
1174,4,78.0,19.0,96.7,1,gradual
1174,5,78.9,19.3,96.7,1,gradual
1174,6,79.7,19.3,96.4,1,gradual
1174,7,80.0,19.9,96.1,1,gradual
1174,8,82.3,20.0,95.8,1,gradual
1174,9,83.0,20.6,95.6,1,gradual
1174,10,82.6,20.7,95.5,1,gradual
1174,11,83.5,20.9,95.3,1,gradual
1174,12,84.2,21.2,94.8,1,gradual
1174,13,85.6,21.6,94.7,1,gradual
1174,14,85.6,21.8,94.7,1,gradual
1174,15,87.5,21.9,94.6,1,gradual
1174,16,87.2,22.4,94.2,1,gradual
1174,17,87.2,22.8,93.9,1,gradual
1174,18,88.7,22.7,93.9,1,gradual
1174,19,90.2,22.9,93.6,1,gradual
1174,20,90.5,23.2,93.2,1,gradual
1174,21,91.3,23.5,93.1,1,gradual
1174,22,91.6,24.2,92.8,1,gradual
1174,23,93.7,24.4,92.6,1,gradual
1174,24,94.3,24.7,92.3,1,gradual
1175,1,81.4,16.0,96.0,1,early_warning
1175,2,87.4,17.9,94.9,1,early_warning
1175,3,94.9,20.4,92.9,1,early_warning
1175,4,100.0,21.6,91.8,1,early_warning
1175,5,95.2,20.6,92.9,1,early_warning
1175,6,87.2,18.1,94.8,1,early_warning
1175,7,83.1,16.5,96.1,1,early_warning
1175,8,82.4,16.1,96.7,1,early_warning
1175,9,81.4,15.4,96.8,1,early_warning
1175,10,81.0,15.5,97.2,1,early_warning
1175,11,80.8,15.3,97.3,1,early_warning
1175,12,81.4,15.1,97.6,1,early_warning
1175,13,81.6,15.1,97.3,1,early_warning
1175,14,82.8,15.1,97.3,1,early_warning
1175,15,82.3,15.2,97.2,1,early_warning
1175,16,82.1,15.2,97.4,1,early_warning
1175,17,83.1,15.7,97.0,1,early_warning
1175,18,83.6,15.6,96.8,1,early_warning
1175,19,83.5,16.0,96.6,1,early_warning
1175,20,83.8,16.4,96.3,1,early_warning
1175,21,84.1,16.6,96.4,1,early_warning
1175,22,85.1,16.9,96.2,1,early_warning
1175,23,84.4,17.1,95.9,1,early_warning
1175,24,84.4,17.5,95.7,1,early_warning
1176,1,75.8,13.4,96.5,1,early_warning
1176,2,80.0,15.3,95.4,1,early_warning
1176,3,88.1,16.8,93.4,1,early_warning
1176,4,92.5,18.4,92.4,1,early_warning
1176,5,88.7,17.5,93.5,1,early_warning
1176,6,80.4,14.9,95.6,1,early_warning
1176,7,75.1,13.2,97.0,1,early_warning
1176,8,73.3,13.0,97.4,1,early_warning
1176,9,72.3,12.7,97.7,1,early_warning
1176,10,71.7,13.4,97.7,1,early_warning
1176,11,73.2,13.3,97.7,1,early_warning
1176,12,71.9,13.7,97.6,1,early_warning
1176,13,72.1,13.6,97.7,1,early_warning
1176,14,72.2,13.6,97.7,1,early_warning
1176,15,71.8,13.8,97.8,1,early_warning
1176,16,71.8,13.3,97.9,1,early_warning
1176,17,72.9,13.9,97.8,1,early_warning
1176,18,73.8,13.7,97.7,1,early_warning
1176,19,75.9,14.0,97.5,1,early_warning
1176,20,76.3,14.2,97.3,1,early_warning
1176,21,76.9,14.4,97.1,1,early_warning
1176,22,76.1,15.0,97.1,1,early_warning
1176,23,77.9,15.3,96.7,1,early_warning
1176,24,78.4,15.8,96.5,1,early_warning
1177,1,90.0,15.8,96.4,1,gradual
1177,2,90.4,16.4,96.3,1,gradual
1177,3,90.3,17.0,96.0,1,gradual
1177,4,89.9,17.6,95.8,1,gradual
1177,5,90.6,17.0,95.9,1,gradual
1177,6,90.7,17.8,95.8,1,gradual
1177,7,91.3,18.0,95.6,1,gradual
1177,8,91.8,18.3,95.4,1,gradual
1177,9,93.1,19.0,95.1,1,gradual
1177,10,93.2,19.3,95.0,1,gradual
1177,11,95.9,19.1,95.2,1,gradual
1177,12,95.9,19.9,94.6,1,gradual
1177,13,95.7,20.3,94.2,1,gradual
1177,14,97.0,20.4,94.0,1,gradual
1177,15,97.5,20.6,93.7,1,gradual
1177,16,100.1,20.8,93.6,1,gradual
1177,17,98.4,20.7,93.3,1,gradual
1177,18,99.3,21.2,93.0,1,gradual
1177,19,100.0,21.4,92.9,1,gradual
1177,20,100.7,21.8,92.6,1,gradual
1177,21,101.9,22.5,92.5,1,gradual
1177,22,102.1,22.8,92.3,1,gradual
1177,23,103.5,22.8,92.2,1,gradual
1177,24,105.3,23.4,91.7,1,gradual
1178,1,74.8,18.3,98.8,1,gradual
1178,2,74.9,17.8,98.6,1,gradual
1178,3,75.6,18.0,98.2,1,gradual
1178,4,75.1,18.2,98.0,1,gradual
1178,5,74.8,18.6,97.6,1,gradual
1178,6,75.3,19.0,97.3,1,gradual
1178,7,75.0,18.7,97.3,1,gradual
1178,8,77.3,18.9,97.1,1,gradual
1178,9,79.0,19.4,97.0,1,gradual
1178,10,79.9,19.7,96.6,1,gradual
1178,11,81.7,19.6,96.4,1,gradual
1178,12,82.2,19.8,96.3,1,gradual
1178,13,82.6,20.1,96.0,1,gradual
1178,14,82.5,20.1,95.8,1,gradual
1178,15,84.6,21.1,95.8,1,gradual
1178,16,85.5,21.3,95.4,1,gradual
1178,17,86.0,21.8,95.1,1,gradual
1178,18,85.6,21.8,94.9,1,gradual
1178,19,87.0,22.0,94.7,1,gradual
1178,20,86.0,22.2,94.5,1,gradual
1178,21,87.4,22.4,94.2,1,gradual
1178,22,88.5,21.9,93.9,1,gradual
1178,23,90.1,21.9,93.6,1,gradual
1178,24,90.0,22.3,93.3,1,gradual
1179,1,81.0,17.2,96.2,1,early_warning
1179,2,81.0,16.9,96.3,1,early_warning
1179,3,81.4,16.7,96.3,1,early_warning
1179,4,84.4,16.8,95.8,1,early_warning
1179,5,90.0,18.6,94.5,1,early_warning
1179,6,97.9,21.1,92.7,1,early_warning
1179,7,101.8,21.9,91.5,1,early_warning
1179,8,97.3,21.0,92.5,1,early_warning
1179,9,89.9,19.1,94.5,1,early_warning
1179,10,84.5,17.3,95.8,1,early_warning
1179,11,82.0,16.8,96.7,1,early_warning
1179,12,81.6,16.7,96.5,1,early_warning
1179,13,82.1,16.6,96.6,1,early_warning
1179,14,81.4,16.1,96.7,1,early_warning
1179,15,81.0,16.1,96.7,1,early_warning
1179,16,81.5,16.2,96.8,1,early_warning
1179,17,81.1,16.7,96.6,1,early_warning
1179,18,83.1,17.6,96.4,1,early_warning
1179,19,83.2,17.9,96.1,1,early_warning
1179,20,83.9,18.2,96.0,1,early_warning
1179,21,84.2,18.2,95.8,1,early_warning
1179,22,85.5,18.2,95.8,1,early_warning
1179,23,85.0,18.6,95.6,1,early_warning
1179,24,85.0,18.7,95.5,1,early_warning
1180,1,80.4,16.8,95.7,1,early_warning
1180,2,82.2,18.2,95.4,1,early_warning
1180,3,87.9,20.0,94.4,1,early_warning
1180,4,96.6,22.3,92.2,1,early_warning
1180,5,99.5,23.1,91.4,1,early_warning
1180,6,96.5,22.0,92.5,1,early_warning
1180,7,88.4,19.3,94.5,1,early_warning
1180,8,81.6,17.8,96.0,1,early_warning
1180,9,80.0,17.5,96.5,1,early_warning
1180,10,79.3,17.3,96.6,1,early_warning
1180,11,79.4,17.3,96.6,1,early_warning
1180,12,79.0,17.5,96.7,1,early_warning
1180,13,78.8,17.0,96.9,1,early_warning
1180,14,79.2,17.3,96.8,1,early_warning
1180,15,80.5,17.5,96.5,1,early_warning
1180,16,79.4,17.5,96.5,1,early_warning
1180,17,80.3,18.2,96.4,1,early_warning
1180,18,81.3,18.2,96.3,1,early_warning
1180,19,81.3,18.7,96.2,1,early_warning
1180,20,81.9,18.6,96.2,1,early_warning
1180,21,83.9,18.9,96.1,1,early_warning
1180,22,84.9,19.0,95.8,1,early_warning
1180,23,83.9,19.1,95.7,1,early_warning
1180,24,85.0,19.1,95.5,1,early_warning
1181,1,80.9,18.0,97.5,1,early_warning
1181,2,79.6,18.3,97.7,1,early_warning
1181,3,80.8,18.3,97.2,1,early_warning
1181,4,82.2,18.4,96.7,1,early_warning
1181,5,87.6,19.8,95.3,1,early_warning
1181,6,95.3,22.0,93.2,1,early_warning
1181,7,97.9,22.6,92.1,1,early_warning
1181,8,94.4,21.9,93.2,1,early_warning
1181,9,87.0,19.8,95.2,1,early_warning
1181,10,81.2,17.9,96.5,1,early_warning
1181,11,79.0,17.2,97.2,1,early_warning
1181,12,79.6,16.9,97.2,1,early_warning
1181,13,77.8,16.9,97.4,1,early_warning
1181,14,78.6,17.0,97.3,1,early_warning
1181,15,78.7,16.8,97.4,1,early_warning
1181,16,79.0,16.9,97.6,1,early_warning
1181,17,79.0,17.7,97.1,1,early_warning
1181,18,79.6,18.0,96.8,1,early_warning
1181,19,78.4,17.7,96.6,1,early_warning
1181,20,78.5,17.8,96.6,1,early_warning
1181,21,79.1,18.1,96.4,1,early_warning
1181,22,80.3,18.0,96.1,1,early_warning
1181,23,81.6,18.6,96.2,1,early_warning
1181,24,81.7,19.3,95.9,1,early_warning
1182,1,80.7,13.7,96.5,1,gradual
1182,2,81.4,14.4,96.4,1,gradual
1182,3,81.4,15.5,96.6,1,gradual
1182,4,81.9,16.0,96.3,1,gradual
1182,5,81.9,16.4,96.2,1,gradual
1182,6,81.4,16.7,95.9,1,gradual
1182,7,83.8,17.0,95.7,1,gradual
1182,8,85.1,17.1,95.4,1,gradual
1182,9,85.4,18.0,95.0,1,gradual
1182,10,85.9,18.0,94.8,1,gradual
1182,11,84.9,18.1,94.7,1,gradual
1182,12,88.1,17.9,94.7,1,gradual
1182,13,88.5,18.3,94.5,1,gradual
1182,14,88.1,18.6,94.1,1,gradual
1182,15,88.7,19.0,93.9,1,gradual
1182,16,90.0,19.4,93.8,1,gradual
1182,17,91.7,19.6,93.6,1,gradual
1182,18,92.6,19.8,93.4,1,gradual
1182,19,92.3,20.4,93.1,1,gradual
1182,20,93.4,20.6,93.0,1,gradual
1182,21,93.5,20.5,92.7,1,gradual
1182,22,94.2,21.0,92.2,1,gradual
1182,23,95.5,21.2,92.0,1,gradual
1182,24,96.2,21.7,91.9,1,gradual
1183,1,77.0,16.1,97.4,1,early_warning
1183,2,76.7,16.7,97.5,1,early_warning
1183,3,80.6,17.4,96.8,1,early_warning
1183,4,87.1,19.3,95.5,1,early_warning
1183,5,94.5,21.5,93.6,1,early_warning
1183,6,101.0,22.4,92.5,1,early_warning
1183,7,96.2,21.1,93.6,1,early_warning
1183,8,88.2,19.0,95.7,1,early_warning
1183,9,82.4,17.2,97.2,1,early_warning
1183,10,80.3,16.3,97.8,1,early_warning
1183,11,80.5,16.6,97.8,1,early_warning
1183,12,79.5,16.9,98.0,1,early_warning
1183,13,79.2,17.1,98.0,1,early_warning
1183,14,80.1,16.9,98.2,1,early_warning
1183,15,80.4,16.9,98.2,1,early_warning
1183,16,79.9,17.1,98.0,1,early_warning
1183,17,80.5,17.4,98.2,1,early_warning
1183,18,81.2,17.5,97.9,1,early_warning
1183,19,80.8,17.9,97.9,1,early_warning
1183,20,81.6,18.3,97.3,1,early_warning
1183,21,81.7,18.7,97.0,1,early_warning
1183,22,82.8,18.6,96.7,1,early_warning
1183,23,84.7,19.2,96.8,1,early_warning
1183,24,86.1,19.0,96.6,1,early_warning
1184,1,65.9,16.1,97.8,1,gradual
1184,2,68.1,16.4,97.1,1,gradual
1184,3,68.6,16.8,96.8,1,gradual
1184,4,69.5,17.2,96.4,1,gradual
1184,5,70.7,18.0,95.8,1,gradual
1184,6,71.8,18.1,95.6,1,gradual
1184,7,72.5,18.6,95.5,1,gradual
1184,8,72.6,18.7,95.4,1,gradual
1184,9,72.6,18.7,95.3,1,gradual
1184,10,73.9,18.9,94.9,1,gradual
1184,11,74.8,19.2,94.8,1,gradual
1184,12,74.3,19.4,94.4,1,gradual
1184,13,76.8,19.9,94.1,1,gradual
1184,14,77.1,20.4,93.8,1,gradual
1184,15,77.5,20.8,93.7,1,gradual
1184,16,77.6,20.7,93.5,1,gradual
1184,17,77.6,21.1,93.4,1,gradual
1184,18,79.7,21.3,93.0,1,gradual
1184,19,80.2,21.4,92.8,1,gradual
1184,20,80.7,21.9,92.6,1,gradual
1184,21,81.2,22.3,92.6,1,gradual
1184,22,82.6,22.4,92.4,1,gradual
1184,23,82.7,22.8,92.2,1,gradual
1184,24,83.4,22.8,91.9,1,gradual
1185,1,85.3,14.6,96.0,1,early_warning
1185,2,87.2,15.5,95.5,1,early_warning
1185,3,92.0,16.6,94.3,1,early_warning
1185,4,100.5,18.7,92.5,1,early_warning
1185,5,105.2,20.1,91.6,1,early_warning
1185,6,101.5,19.6,92.6,1,early_warning
1185,7,93.6,17.0,94.3,1,early_warning
1185,8,87.6,15.2,95.9,1,early_warning
1185,9,84.7,14.6,96.5,1,early_warning
1185,10,84.9,14.6,96.5,1,early_warning
1185,11,85.2,15.2,96.5,1,early_warning
1185,12,85.2,14.5,96.4,1,early_warning
1185,13,85.6,14.4,96.4,1,early_warning
1185,14,84.7,14.5,96.3,1,early_warning
1185,15,84.0,14.7,96.2,1,early_warning
1185,16,84.0,14.8,96.1,1,early_warning
1185,17,83.4,14.9,96.2,1,early_warning
1185,18,85.0,15.2,96.2,1,early_warning
1185,19,85.9,15.8,96.1,1,early_warning
1185,20,85.1,15.9,95.8,1,early_warning
1185,21,85.2,16.0,95.6,1,early_warning
1185,22,86.2,16.0,95.7,1,early_warning
1185,23,86.9,16.2,95.7,1,early_warning
1185,24,86.6,16.4,95.6,1,early_warning
1186,1,93.3,14.9,98.2,1,early_warning
1186,2,92.8,15.8,97.9,1,early_warning
1186,3,92.6,16.6,97.5,1,early_warning
1186,4,92.5,17.0,97.0,1,early_warning
1186,5,99.4,18.9,95.3,1,early_warning
1186,6,106.5,21.1,93.4,1,early_warning
1186,7,109.9,22.4,92.5,1,early_warning
1186,8,105.9,21.3,93.6,1,early_warning
1186,9,98.2,19.1,95.6,1,early_warning
1186,10,92.5,17.3,97.0,1,early_warning
1186,11,90.0,16.2,97.3,1,early_warning
1186,12,89.5,16.4,97.7,1,early_warning
1186,13,89.3,16.1,97.6,1,early_warning
1186,14,89.9,16.4,97.6,1,early_warning
1186,15,89.7,16.5,97.6,1,early_warning
1186,16,88.8,16.6,97.7,1,early_warning
1186,17,89.4,16.8,97.5,1,early_warning
1186,18,90.9,17.1,97.2,1,early_warning
1186,19,90.6,16.8,97.0,1,early_warning
1186,20,90.2,17.3,96.8,1,early_warning
1186,21,90.5,17.6,96.6,1,early_warning
1186,22,92.2,17.4,96.5,1,early_warning
1186,23,93.5,17.8,96.5,1,early_warning
1186,24,94.1,17.9,96.4,1,early_warning
1187,1,86.4,16.7,97.4,1,gradual
1187,2,85.3,17.6,97.3,1,gradual
1187,3,85.9,18.2,97.1,1,gradual
1187,4,86.9,18.8,96.9,1,gradual
1187,5,86.4,19.1,96.8,1,gradual
1187,6,87.3,19.4,96.6,1,gradual
1187,7,87.0,19.1,96.4,1,gradual
1187,8,87.7,19.9,96.1,1,gradual
1187,9,88.3,20.0,95.9,1,gradual
1187,10,88.1,20.3,95.4,1,gradual
1187,11,88.4,19.9,95.2,1,gradual
1187,12,89.9,20.5,94.8,1,gradual
1187,13,89.0,20.9,94.9,1,gradual
1187,14,91.3,21.5,94.8,1,gradual
1187,15,91.4,21.9,94.6,1,gradual
1187,16,91.9,21.9,94.4,1,gradual
1187,17,93.1,22.4,94.4,1,gradual
1187,18,94.7,22.2,94.1,1,gradual
1187,19,95.8,22.3,93.8,1,gradual
1187,20,95.9,22.4,93.5,1,gradual
1187,21,96.5,22.3,93.2,1,gradual
1187,22,97.3,22.9,93.2,1,gradual
1187,23,98.2,24.1,92.8,1,gradual
1187,24,98.4,24.0,92.6,1,gradual
1188,1,66.3,14.4,97.4,1,early_warning
1188,2,69.4,15.1,96.7,1,early_warning
1188,3,75.0,17.2,95.3,1,early_warning
1188,4,83.9,19.3,93.5,1,early_warning
1188,5,87.6,20.4,92.2,1,early_warning
1188,6,85.1,19.2,93.6,1,early_warning
1188,7,76.7,17.1,95.5,1,early_warning
1188,8,71.8,15.6,96.7,1,early_warning
1188,9,70.9,14.7,97.2,1,early_warning
1188,10,69.4,14.9,97.3,1,early_warning
1188,11,69.0,14.6,97.3,1,early_warning
1188,12,69.6,14.8,97.4,1,early_warning
1188,13,68.8,15.0,97.3,1,early_warning
1188,14,68.3,14.9,97.1,1,early_warning
1188,15,68.4,15.1,97.1,1,early_warning
1188,16,68.7,14.7,97.2,1,early_warning
1188,17,69.4,15.2,97.3,1,early_warning
1188,18,69.7,15.2,97.1,1,early_warning
1188,19,70.3,15.5,96.9,1,early_warning
1188,20,73.0,15.5,96.8,1,early_warning
1188,21,73.1,15.9,96.6,1,early_warning
1188,22,73.2,16.3,96.4,1,early_warning
1188,23,74.6,16.6,96.4,1,early_warning
1188,24,74.6,16.9,96.2,1,early_warning
1189,1,73.8,15.3,97.2,1,early_warning
1189,2,74.9,15.8,96.7,1,early_warning
1189,3,80.4,17.5,95.2,1,early_warning
1189,4,87.8,20.1,93.2,1,early_warning
1189,5,92.4,21.2,92.4,1,early_warning
1189,6,88.6,19.5,93.1,1,early_warning
1189,7,78.4,17.4,95.1,1,early_warning
1189,8,72.6,15.7,96.7,1,early_warning
1189,9,72.3,14.9,96.9,1,early_warning
1189,10,70.9,15.1,96.8,1,early_warning
1189,11,70.2,15.2,96.9,1,early_warning
1189,12,70.9,15.3,97.0,1,early_warning
1189,13,69.6,15.2,97.1,1,early_warning
1189,14,71.0,15.2,97.1,1,early_warning
1189,15,70.8,15.4,97.1,1,early_warning
1189,16,71.5,15.2,97.2,1,early_warning
1189,17,70.2,15.6,96.9,1,early_warning
1189,18,70.7,15.8,96.8,1,early_warning
1189,19,71.0,15.4,96.7,1,early_warning
1189,20,73.2,16.1,96.6,1,early_warning
1189,21,73.1,16.2,96.3,1,early_warning
1189,22,73.7,16.6,96.3,1,early_warning
1189,23,76.2,16.8,96.1,1,early_warning
1189,24,76.9,16.9,96.1,1,early_warning
1190,1,74.0,14.5,97.7,1,early_warning
1190,2,77.2,15.2,97.3,1,early_warning
1190,3,84.1,17.4,95.9,1,early_warning
1190,4,91.0,19.1,94.0,1,early_warning
1190,5,95.3,20.3,92.9,1,early_warning
1190,6,92.7,19.3,93.7,1,early_warning
1190,7,82.5,17.0,95.9,1,early_warning
1190,8,77.9,15.5,97.1,1,early_warning
1190,9,76.1,14.8,97.6,1,early_warning
1190,10,74.2,14.8,97.9,1,early_warning
1190,11,74.2,15.0,97.9,1,early_warning
1190,12,74.3,14.9,97.8,1,early_warning
1190,13,74.9,14.7,97.7,1,early_warning
1190,14,75.1,14.8,97.8,1,early_warning
1190,15,76.8,14.3,97.8,1,early_warning
1190,16,75.8,14.6,98.1,1,early_warning
1190,17,75.6,14.7,97.8,1,early_warning
1190,18,77.1,14.9,97.8,1,early_warning
1190,19,77.1,15.0,97.5,1,early_warning
1190,20,76.9,15.4,97.3,1,early_warning
1190,21,77.7,15.9,97.2,1,early_warning
1190,22,79.3,16.0,97.2,1,early_warning
1190,23,79.9,16.4,97.2,1,early_warning
1190,24,81.1,16.8,97.1,1,early_warning
1191,1,77.3,14.8,99.8,1,gradual
1191,2,80.5,15.2,99.5,1,gradual
1191,3,81.8,15.4,99.1,1,gradual
1191,4,84.0,15.7,99.0,1,gradual
1191,5,84.2,16.0,98.5,1,gradual
1191,6,85.0,16.0,98.5,1,gradual
1191,7,87.1,16.3,98.3,1,gradual
1191,8,87.9,16.6,98.1,1,gradual
1191,9,88.6,16.9,97.7,1,gradual
1191,10,89.5,17.5,97.5,1,gradual
1191,11,90.7,17.5,97.3,1,gradual
1191,12,91.2,17.9,97.2,1,gradual
1191,13,90.4,18.2,97.0,1,gradual
1191,14,91.8,18.0,97.0,1,gradual
1191,15,92.6,18.9,96.7,1,gradual
1191,16,93.1,18.4,96.3,1,gradual
1191,17,94.4,18.5,95.9,1,gradual
1191,18,95.1,19.0,95.7,1,gradual
1191,19,95.5,19.3,95.7,1,gradual
1191,20,95.3,19.8,95.6,1,gradual
1191,21,96.6,20.2,95.3,1,gradual
1191,22,98.6,20.7,95.1,1,gradual
1191,23,98.5,20.5,95.0,1,gradual
1191,24,98.2,20.6,94.6,1,gradual
1192,1,80.6,15.4,96.9,1,early_warning
1192,2,80.1,15.7,96.6,1,early_warning
1192,3,86.4,17.2,95.3,1,early_warning
1192,4,95.4,20.1,93.3,1,early_warning
1192,5,99.6,21.2,92.5,1,early_warning
1192,6,94.8,19.9,93.4,1,early_warning
1192,7,87.3,17.9,95.3,1,early_warning
1192,8,81.0,15.9,96.6,1,early_warning
1192,9,79.4,15.5,97.1,1,early_warning
1192,10,78.9,15.4,97.1,1,early_warning
1192,11,78.6,15.6,97.3,1,early_warning
1192,12,77.4,15.3,97.2,1,early_warning
1192,13,77.9,15.3,97.3,1,early_warning
1192,14,78.9,15.0,97.3,1,early_warning
1192,15,77.7,15.4,97.3,1,early_warning
1192,16,78.1,15.2,97.5,1,early_warning
1192,17,79.0,15.5,97.3,1,early_warning
1192,18,80.8,16.2,97.0,1,early_warning
1192,19,81.8,16.5,97.0,1,early_warning
1192,20,82.8,16.5,96.8,1,early_warning
1192,21,83.6,16.9,96.6,1,early_warning
1192,22,83.5,16.7,96.5,1,early_warning
1192,23,85.5,17.2,96.3,1,early_warning
1192,24,86.3,17.6,96.1,1,early_warning
1193,1,90.4,19.3,98.0,1,gradual
1193,2,90.2,19.4,97.8,1,gradual
1193,3,89.7,19.7,97.5,1,gradual
1193,4,90.1,20.3,97.3,1,gradual
1193,5,90.4,21.0,96.9,1,gradual
1193,6,90.0,21.7,96.8,1,gradual
1193,7,90.7,21.8,96.8,1,gradual
1193,8,90.4,21.7,96.6,1,gradual
1193,9,92.4,22.2,96.3,1,gradual
1193,10,93.3,22.1,96.1,1,gradual
1193,11,94.3,22.1,95.9,1,gradual
1193,12,94.8,22.1,95.8,1,gradual
1193,13,95.4,22.6,95.4,1,gradual
1193,14,95.6,22.4,95.2,1,gradual
1193,15,97.2,22.7,95.1,1,gradual
1193,16,97.0,22.9,94.9,1,gradual
1193,17,97.4,23.2,94.6,1,gradual
1193,18,97.7,24.0,94.7,1,gradual
1193,19,99.0,24.1,94.4,1,gradual
1193,20,100.2,24.2,94.0,1,gradual
1193,21,100.9,24.8,93.9,1,gradual
1193,22,100.9,25.0,93.7,1,gradual
1193,23,100.7,24.9,93.5,1,gradual
1193,24,101.5,25.3,93.2,1,gradual
1194,1,84.0,15.0,98.3,1,early_warning
1194,2,82.4,15.4,97.7,1,early_warning
1194,3,88.0,16.6,96.4,1,early_warning
1194,4,95.1,18.9,94.5,1,early_warning
1194,5,98.2,20.3,93.3,1,early_warning
1194,6,94.8,18.7,94.3,1,early_warning
1194,7,86.4,16.5,96.2,1,early_warning
1194,8,79.7,15.1,97.8,1,early_warning
1194,9,77.5,14.6,98.4,1,early_warning
1194,10,76.5,14.7,98.5,1,early_warning
1194,11,77.4,14.7,98.6,1,early_warning
1194,12,78.2,14.9,98.5,1,early_warning
1194,13,78.0,14.7,98.5,1,early_warning
1194,14,78.1,14.6,98.5,1,early_warning
1194,15,78.7,14.5,98.1,1,early_warning
1194,16,77.9,14.2,97.9,1,early_warning
1194,17,78.1,14.5,97.8,1,early_warning
1194,18,78.9,14.7,97.9,1,early_warning
1194,19,80.2,15.1,97.9,1,early_warning
1194,20,80.8,15.1,97.7,1,early_warning
1194,21,81.7,15.3,97.4,1,early_warning
1194,22,81.1,16.1,97.3,1,early_warning
1194,23,82.6,16.5,97.4,1,early_warning
1194,24,81.9,16.9,97.2,1,early_warning
1195,1,81.8,17.7,98.0,1,early_warning
1195,2,82.2,18.0,97.9,1,early_warning
1195,3,81.0,17.6,97.9,1,early_warning
1195,4,82.8,17.3,97.9,1,early_warning
1195,5,84.7,17.9,97.4,1,early_warning
1195,6,89.2,19.9,96.0,1,early_warning
1195,7,99.1,22.4,94.0,1,early_warning
1195,8,102.5,23.7,93.1,1,early_warning
1195,9,97.9,22.4,94.1,1,early_warning
1195,10,89.4,20.4,95.8,1,early_warning
1195,11,85.5,18.7,97.3,1,early_warning
1195,12,83.4,18.2,97.9,1,early_warning
1195,13,83.9,17.7,98.0,1,early_warning
1195,14,83.0,17.5,98.1,1,early_warning
1195,15,83.0,17.9,97.8,1,early_warning
1195,16,83.0,18.1,97.8,1,early_warning
1195,17,83.8,18.6,97.6,1,early_warning
1195,18,84.7,18.1,97.4,1,early_warning
1195,19,84.8,18.8,97.0,1,early_warning
1195,20,86.2,19.1,97.0,1,early_warning
1195,21,86.7,19.3,97.3,1,early_warning
1195,22,87.3,20.0,97.1,1,early_warning
1195,23,86.1,20.2,96.9,1,early_warning
1195,24,88.0,20.5,96.6,1,early_warning
1196,1,73.3,17.4,98.7,1,gradual
1196,2,75.5,17.6,98.4,1,gradual
1196,3,76.4,17.7,98.2,1,gradual
1196,4,76.2,17.8,98.2,1,gradual
1196,5,77.3,17.9,97.9,1,gradual
1196,6,77.0,18.1,97.6,1,gradual
1196,7,78.1,18.5,97.3,1,gradual
1196,8,78.7,18.5,97.2,1,gradual
1196,9,80.3,18.9,96.8,1,gradual
1196,10,81.6,19.2,96.6,1,gradual
1196,11,80.6,19.5,96.4,1,gradual
1196,12,81.8,19.5,96.2,1,gradual
1196,13,85.0,19.7,95.9,1,gradual
1196,14,85.0,20.1,95.6,1,gradual
1196,15,85.6,20.2,95.6,1,gradual
1196,16,86.6,20.3,95.4,1,gradual
1196,17,87.1,20.7,95.2,1,gradual
1196,18,86.9,21.1,95.0,1,gradual
1196,19,87.4,21.8,94.9,1,gradual
1196,20,88.6,22.3,94.6,1,gradual
1196,21,89.5,22.5,94.6,1,gradual
1196,22,88.9,22.6,94.4,1,gradual
1196,23,89.3,22.8,94.1,1,gradual
1196,24,89.5,23.4,93.9,1,gradual
1197,1,75.9,14.0,97.0,1,gradual
1197,2,75.4,14.6,96.8,1,gradual
1197,3,74.6,14.9,96.5,1,gradual
1197,4,75.9,15.1,96.2,1,gradual
1197,5,75.3,15.6,96.1,1,gradual
1197,6,76.0,16.0,96.0,1,gradual
1197,7,78.6,16.3,95.7,1,gradual
1197,8,78.9,16.3,95.7,1,gradual
1197,9,77.1,16.8,95.5,1,gradual
1197,10,78.5,17.0,95.1,1,gradual
1197,11,80.0,17.4,94.9,1,gradual
1197,12,80.7,17.4,94.7,1,gradual
1197,13,80.3,17.9,94.4,1,gradual
1197,14,79.3,18.3,94.0,1,gradual
1197,15,79.8,18.8,93.8,1,gradual
1197,16,80.8,19.0,93.7,1,gradual
1197,17,81.8,19.0,93.5,1,gradual
1197,18,84.0,18.8,93.2,1,gradual
1197,19,84.6,19.5,92.9,1,gradual
1197,20,85.5,19.6,92.7,1,gradual
1197,21,86.3,19.7,92.5,1,gradual
1197,22,87.3,20.1,92.4,1,gradual
1197,23,86.9,20.1,92.2,1,gradual
1197,24,88.4,20.2,92.0,1,gradual
1198,1,88.0,15.6,96.2,1,early_warning
1198,2,93.2,17.2,95.0,1,early_warning
1198,3,99.0,19.7,93.1,1,early_warning
1198,4,102.8,20.9,92.1,1,early_warning
1198,5,99.2,19.3,93.0,1,early_warning
1198,6,92.2,17.1,95.0,1,early_warning
1198,7,85.9,15.5,96.4,1,early_warning
1198,8,82.9,14.6,96.9,1,early_warning
1198,9,84.1,14.6,97.2,1,early_warning
1198,10,82.8,15.0,97.3,1,early_warning
1198,11,82.9,15.0,97.3,1,early_warning
1198,12,82.2,15.0,97.0,1,early_warning
1198,13,81.6,15.1,97.0,1,early_warning
1198,14,81.9,15.5,96.8,1,early_warning
1198,15,81.5,15.6,96.8,1,early_warning
1198,16,83.6,15.3,96.7,1,early_warning
1198,17,85.3,15.0,96.9,1,early_warning
1198,18,86.4,15.3,96.9,1,early_warning
1198,19,86.5,15.3,96.9,1,early_warning
1198,20,86.3,15.6,96.6,1,early_warning
1198,21,85.6,16.1,96.4,1,early_warning
1198,22,85.6,15.8,96.1,1,early_warning
1198,23,87.2,16.0,95.8,1,early_warning
1198,24,87.4,16.3,95.6,1,early_warning
1199,1,73.1,14.9,98.2,1,gradual
1199,2,72.1,15.1,97.8,1,gradual
1199,3,72.1,15.3,97.4,1,gradual
1199,4,72.5,14.9,97.2,1,gradual
1199,5,72.8,15.0,97.1,1,gradual
1199,6,74.1,15.1,96.8,1,gradual
1199,7,73.1,15.6,96.8,1,gradual
1199,8,74.0,15.8,96.6,1,gradual
1199,9,74.3,15.7,96.2,1,gradual
1199,10,75.2,16.1,96.0,1,gradual
1199,11,77.2,16.5,96.0,1,gradual
1199,12,76.9,16.7,95.8,1,gradual
1199,13,77.9,17.2,95.5,1,gradual
1199,14,79.3,17.4,95.2,1,gradual
1199,15,80.2,17.4,95.1,1,gradual
1199,16,79.8,18.0,95.0,1,gradual
1199,17,81.2,18.8,94.7,1,gradual
1199,18,82.2,18.7,94.3,1,gradual
1199,19,82.4,19.0,93.9,1,gradual
1199,20,84.9,19.4,93.8,1,gradual
1199,21,86.8,19.7,93.7,1,gradual
1199,22,88.4,19.8,93.4,1,gradual
1199,23,87.4,19.7,93.4,1,gradual
1199,24,87.6,20.1,93.1,1,gradual
1200,1,78.5,13.3,98.2,1,gradual
1200,2,79.9,13.6,97.8,1,gradual
1200,3,80.9,14.1,97.5,1,gradual
1200,4,80.5,14.5,97.4,1,gradual
1200,5,79.7,14.2,97.2,1,gradual
1200,6,79.8,14.5,97.0,1,gradual
1200,7,80.7,14.5,96.6,1,gradual
1200,8,79.9,15.0,96.5,1,gradual
1200,9,81.7,15.4,96.1,1,gradual
1200,10,83.1,15.9,95.7,1,gradual
1200,11,85.1,16.1,95.5,1,gradual
1200,12,86.8,16.2,95.5,1,gradual
1200,13,86.3,16.3,95.4,1,gradual
1200,14,86.9,16.6,95.3,1,gradual
1200,15,86.8,16.3,95.1,1,gradual
1200,16,89.5,17.2,94.9,1,gradual
1200,17,88.7,17.7,94.5,1,gradual
1200,18,89.0,17.9,94.3,1,gradual
1200,19,90.8,17.9,94.1,1,gradual
1200,20,91.4,18.0,94.0,1,gradual
1200,21,91.5,18.5,93.7,1,gradual
1200,22,92.0,18.9,93.3,1,gradual
1200,23,93.6,19.2,93.3,1,gradual
1200,24,93.6,19.6,93.2,1,gradual